venta_id,ticket_id,fecha,tienda_id,product_id,cantidad,precio_unitario
V000001,T000001,2025-03-01,CUN,P061,1,165.0
V000002,T000002,2025-03-01,CUN,P024,3,6.0
V000003,T000003,2025-03-01,CUN,P021,1,85.0
V000004,T000004,2025-03-01,CUN,P020,2,55.0
V000005,T000004,2025-03-01,CUN,P023,1,40.0
V000006,T000006,2025-03-01,CUN,P063,3,45.0
V000007,T000006,2025-03-01,CUN,P060,2,850.0
V000008,T000006,2025-03-01,CUN,P044,1,22.0
V000009,T000009,2025-03-01,CUN,P041,2,35.0
V000010,T000009,2025-03-01,CUN,P043,1,18.0
V000011,T000011,2025-03-01,CUN,P043,2,18.0
V000012,T000012,2025-03-01,CUN,P005,1,65.0
V000013,T000012,2025-03-01,CUN,P004,1,6.0
V000014,T000014,2025-03-01,CUN,P103,2,120.0
V000015,T000015,2025-03-01,CUN,P064,2,38.0
V000016,T000015,2025-03-01,CUN,P061,2,165.0
V000017,T000017,2025-03-01,CUN,P100,1,1250.0
V000018,T000017,2025-03-01,CUN,P102,3,45.0
V000019,T000019,2025-03-01,CUN,P083,1,65.0
V000020,T000020,2025-03-01,CUN,P028,2,180.0
V000021,T000020,2025-03-01,CUN,P030,1,180.0
V000022,T000022,2025-03-01,CUN,P086,1,650.0
V000023,T000022,2025-03-01,CUN,P044,2,22.0
V000024,T000024,2025-03-01,CUN,P080,2,280.0
V000025,T000024,2025-03-01,CUN,P048,1,180.0
V000026,T000026,2025-03-01,CUN,P022,2,150.0
V000027,T000026,2025-03-01,CUN,P023,1,40.0
V000028,T000028,2025-03-01,CUN,P047,1,95.0
V000029,T000028,2025-03-01,CUN,P103,1,120.0
V000030,T000030,2025-03-01,MID,P021,1,85.0
V000031,T000030,2025-03-01,MID,P023,2,40.0
V000032,T000030,2025-03-01,MID,P042,1,28.0
V000033,T000033,2025-03-01,MID,P100,1,1250.0
V000034,T000033,2025-03-01,MID,P101,1,35.0
V000035,T000035,2025-03-01,MID,P065,2,30.0
V000036,T000035,2025-03-01,MID,P022,3,150.0
V000037,T000037,2025-03-01,MID,P085,3,980.0
V000038,T000037,2025-03-01,MID,P107,1,165.0
V000039,T000039,2025-03-01,MID,P060,1,850.0
V000040,T000039,2025-03-01,MID,P022,1,150.0
V000041,T000041,2025-03-01,MID,P100,1,1250.0
V000042,T000041,2025-03-01,MID,P102,3,45.0
V000043,T000041,2025-03-01,MID,P022,3,150.0
V000044,T000044,2025-03-01,MID,P021,1,85.0
V000045,T000044,2025-03-01,MID,P023,1,40.0
V000046,T000046,2025-03-01,MID,P024,1,6.0
V000047,T000047,2025-03-01,CHI,P100,2,1250.0
V000048,T000047,2025-03-01,CHI,P101,1,35.0
V000049,T000047,2025-03-01,CHI,P040,1,1450.0
V000050,T000050,2025-03-01,CHI,P064,3,38.0
V000051,T000050,2025-03-01,CHI,P061,1,165.0
V000052,T000050,2025-03-01,CHI,P029,3,95.0
V000053,T000053,2025-03-01,CHI,P081,1,65.0
V000054,T000053,2025-03-01,CHI,P028,1,180.0
V000055,T000055,2025-03-01,CHI,P041,1,35.0
V000056,T000055,2025-03-01,CHI,P043,2,18.0
V000057,T000057,2025-03-01,CHI,P100,2,1250.0
V000058,T000057,2025-03-01,CHI,P101,2,35.0
V000059,T000057,2025-03-01,CHI,P103,1,120.0
V000060,T000060,2025-03-01,CHI,P100,1,1250.0
V000061,T000060,2025-03-01,CHI,P102,1,45.0
V000062,T000062,2025-03-01,CHI,P100,1,1250.0
V000063,T000062,2025-03-01,CHI,P101,1,35.0
V000064,T000064,2025-03-01,CHI,P082,2,25.0
V000065,T000065,2025-03-01,CHI,P100,2,1250.0
V000066,T000065,2025-03-01,CHI,P102,1,45.0
V000067,T000067,2025-03-01,CHI,P041,2,35.0
V000068,T000067,2025-03-01,CHI,P043,3,18.0
V000069,T000069,2025-03-01,CHI,P100,2,1250.0
V000070,T000069,2025-03-01,CHI,P004,2,6.0
V000071,T000071,2025-03-01,CHI,P060,1,850.0
V000072,T000071,2025-03-01,CHI,P106,1,55.0
V000073,T000073,2025-03-01,CHI,P021,1,85.0
V000074,T000073,2025-03-01,CHI,P023,2,40.0
V000075,T000075,2025-03-01,CHI,P041,1,35.0
V000076,T000075,2025-03-01,CHI,P043,2,18.0
V000077,T000077,2025-03-01,CHI,P100,3,1250.0
V000078,T000077,2025-03-01,CHI,P102,3,45.0
V000079,T000077,2025-03-01,CHI,P021,1,85.0
V000080,T000080,2025-03-01,CHI,P064,2,38.0
V000081,T000080,2025-03-01,CHI,P061,1,165.0
V000082,T000082,2025-03-01,CDMX,P005,2,65.0
V000083,T000082,2025-03-01,CDMX,P060,1,850.0
V000084,T000084,2025-03-01,CDMX,P041,1,35.0
V000085,T000084,2025-03-01,CDMX,P043,1,18.0
V000086,T000086,2025-03-01,CDMX,P022,2,150.0
V000087,T000086,2025-03-01,CDMX,P010,3,120.0
V000088,T000088,2025-03-01,CDMX,P100,1,1250.0
V000089,T000088,2025-03-01,CDMX,P102,3,45.0
V000090,T000088,2025-03-01,CDMX,P084,1,18.0
V000091,T000091,2025-03-01,CDMX,P009,3,85.0
V000092,T000091,2025-03-01,CDMX,P101,2,35.0
V000093,T000093,2025-03-01,CDMX,P042,3,28.0
V000094,T000093,2025-03-01,CDMX,P043,1,18.0
V000095,T000095,2025-03-01,CDMX,P042,1,28.0
V000096,T000095,2025-03-01,CDMX,P043,1,18.0
V000097,T000097,2025-03-01,CDMX,P064,1,38.0
V000098,T000097,2025-03-01,CDMX,P061,1,165.0
V000099,T000099,2025-03-01,CDMX,P022,1,150.0
V000100,T000099,2025-03-01,CDMX,P023,1,40.0
V000101,T000101,2025-03-01,CDMX,P062,2,320.0
V000102,T000102,2025-03-01,CDMX,P021,3,85.0
V000103,T000102,2025-03-01,CDMX,P023,1,40.0
V000104,T000104,2025-03-01,CDMX,P106,2,55.0
V000105,T000104,2025-03-01,CDMX,P045,1,45.0
V000106,T000106,2025-03-01,CDMX,P063,1,45.0
V000107,T000106,2025-03-01,CDMX,P060,1,850.0
V000108,T000108,2025-03-01,CDMX,P041,1,35.0
V000109,T000108,2025-03-01,CDMX,P043,2,18.0
V000110,T000110,2025-03-01,CDMX,P042,3,28.0
V000111,T000111,2025-03-01,CDMX,P041,1,35.0
V000112,T000111,2025-03-01,CDMX,P043,2,18.0
V000113,T000113,2025-03-01,CDMX,P063,2,45.0
V000114,T000113,2025-03-01,CDMX,P060,3,850.0
V000115,T000115,2025-03-01,CDMX,P104,3,95.0
V000116,T000115,2025-03-01,CDMX,P010,1,120.0
V000117,T000117,2025-03-01,CDMX,P005,2,65.0
V000118,T000117,2025-03-01,CDMX,P084,1,18.0
V000119,T000119,2025-03-01,CDMX,P041,2,35.0
V000120,T000119,2025-03-01,CDMX,P043,1,18.0
V000121,T000119,2025-03-01,CDMX,P062,1,320.0
V000122,T000122,2025-03-01,CDMX,P102,2,45.0
V000123,T000122,2025-03-01,CDMX,P061,3,165.0
V000124,T000124,2025-03-01,CDMX,P061,1,165.0
V000125,T000124,2025-03-01,CDMX,P002,1,180.0
V000126,T000126,2025-03-01,MTY,P023,1,40.0
V000127,T000126,2025-03-01,MTY,P048,3,180.0
V000128,T000128,2025-03-01,MTY,P043,2,18.0
V000129,T000129,2025-03-01,MTY,P041,1,35.0
V000130,T000129,2025-03-01,MTY,P043,2,18.0
V000131,T000129,2025-03-01,MTY,P065,2,30.0
V000132,T000132,2025-03-01,MTY,P100,1,1250.0
V000133,T000133,2025-03-01,MTY,P006,3,12.0
V000134,T000134,2025-03-01,MTY,P086,2,650.0
V000135,T000135,2025-03-01,MTY,P064,2,38.0
V000136,T000135,2025-03-01,MTY,P061,1,165.0
V000137,T000137,2025-03-01,MTY,P064,1,38.0
V000138,T000137,2025-03-01,MTY,P061,2,165.0
V000139,T000139,2025-03-01,MTY,P041,1,35.0
V000140,T000140,2025-03-01,MTY,P041,3,35.0
V000141,T000140,2025-03-01,MTY,P043,1,18.0
V000142,T000140,2025-03-01,MTY,P047,2,95.0
V000143,T000143,2025-03-01,MTY,P083,3,65.0
V000144,T000143,2025-03-01,MTY,P040,1,1450.0
V000145,T000145,2025-03-01,MTY,P025,3,35.0
V000146,T000146,2025-03-01,MTY,P006,1,12.0
V000147,T000147,2025-03-01,MTY,P021,1,85.0
V000148,T000148,2025-03-01,MTY,P041,2,35.0
V000149,T000148,2025-03-01,MTY,P043,1,18.0
V000150,T000150,2025-03-01,MTY,P080,3,280.0
V000151,T000151,2025-03-01,MTY,P047,3,95.0
V000152,T000151,2025-03-01,MTY,P009,1,85.0
V000153,T000153,2025-03-02,CUN,P102,2,45.0
V000154,T000154,2025-03-02,CUN,P100,1,1250.0
V000155,T000154,2025-03-02,CUN,P102,2,45.0
V000156,T000154,2025-03-02,CUN,P046,1,280.0
V000157,T000157,2025-03-02,CUN,P082,2,25.0
V000158,T000158,2025-03-02,CUN,P101,2,35.0
V000159,T000159,2025-03-02,CUN,P048,2,180.0
V000160,T000159,2025-03-02,CUN,P101,1,35.0
V000161,T000161,2025-03-02,CUN,P046,3,280.0
V000162,T000161,2025-03-02,CUN,P065,1,30.0
V000163,T000163,2025-03-02,CUN,P060,2,850.0
V000164,T000163,2025-03-02,CUN,P022,1,150.0
V000165,T000165,2025-03-02,CUN,P022,2,150.0
V000166,T000165,2025-03-02,CUN,P027,1,320.0
V000167,T000167,2025-03-02,CUN,P041,1,35.0
V000168,T000167,2025-03-02,CUN,P043,1,18.0
V000169,T000167,2025-03-02,CUN,P012,2,980.0
V000170,T000170,2025-03-02,CUN,P024,2,6.0
V000171,T000170,2025-03-02,CUN,P085,2,980.0
V000172,T000172,2025-03-02,CUN,P002,2,180.0
V000173,T000173,2025-03-02,CUN,P005,2,65.0
V000174,T000173,2025-03-02,CUN,P027,2,320.0
V000175,T000175,2025-03-02,CUN,P061,1,165.0
V000176,T000176,2025-03-02,CUN,P024,1,6.0
V000177,T000176,2025-03-02,CUN,P003,3,8.5
V000178,T000178,2025-03-02,CUN,P041,2,35.0
V000179,T000179,2025-03-02,CUN,P066,2,55.0
V000180,T000180,2025-03-02,CUN,P082,1,25.0
V000181,T000180,2025-03-02,CUN,P048,2,180.0
V000182,T000182,2025-03-02,CUN,P042,1,28.0
V000183,T000182,2025-03-02,CUN,P043,1,18.0
V000184,T000182,2025-03-02,CUN,P022,2,150.0
V000185,T000185,2025-03-02,CUN,P064,1,38.0
V000186,T000185,2025-03-02,CUN,P061,3,165.0
V000187,T000185,2025-03-02,CUN,P006,2,12.0
V000188,T000188,2025-03-02,CUN,P063,3,45.0
V000189,T000188,2025-03-02,CUN,P060,1,850.0
V000190,T000188,2025-03-02,CUN,P006,1,12.0
V000191,T000191,2025-03-02,CUN,P013,2,45.0
V000192,T000192,2025-03-02,CUN,P022,1,150.0
V000193,T000192,2025-03-02,CUN,P023,2,40.0
V000194,T000192,2025-03-02,CUN,P008,3,180.0
V000195,T000195,2025-03-02,MID,P011,3,210.0
V000196,T000196,2025-03-02,MID,P102,1,45.0
V000197,T000197,2025-03-02,MID,P020,2,55.0
V000198,T000197,2025-03-02,MID,P023,3,40.0
V000199,T000199,2025-03-02,MID,P040,1,1450.0
V000200,T000199,2025-03-02,MID,P063,2,45.0
V000201,T000201,2025-03-02,MID,P080,1,280.0
V000202,T000201,2025-03-02,MID,P062,3,320.0
V000203,T000203,2025-03-02,MID,P008,2,180.0
V000204,T000204,2025-03-02,MID,P029,3,95.0
V000205,T000205,2025-03-02,MID,P062,2,320.0
V000206,T000206,2025-03-02,MID,P063,2,45.0
V000207,T000206,2025-03-02,MID,P060,3,850.0
V000208,T000208,2025-03-02,MID,P022,3,150.0
V000209,T000208,2025-03-02,MID,P023,1,40.0
V000210,T000210,2025-03-02,MID,P061,2,165.0
V000211,T000211,2025-03-02,MID,P086,1,650.0
V000212,T000212,2025-03-02,CHI,P021,2,85.0
V000213,T000212,2025-03-02,CHI,P023,2,40.0
V000214,T000212,2025-03-02,CHI,P029,2,95.0
V000215,T000215,2025-03-02,CHI,P028,1,180.0
V000216,T000215,2025-03-02,CHI,P086,2,650.0
V000217,T000217,2025-03-02,CHI,P042,3,28.0
V000218,T000217,2025-03-02,CHI,P043,1,18.0
V000219,T000217,2025-03-02,CHI,P101,2,35.0
V000220,T000220,2025-03-02,CHI,P041,2,35.0
V000221,T000220,2025-03-02,CHI,P043,2,18.0
V000222,T000220,2025-03-02,CHI,P065,1,30.0
V000223,T000223,2025-03-02,CHI,P081,2,65.0
V000224,T000224,2025-03-02,CHI,P006,1,12.0
V000225,T000224,2025-03-02,CHI,P029,1,95.0
V000226,T000226,2025-03-02,CHI,P030,2,180.0
V000227,T000226,2025-03-02,CHI,P044,3,22.0
V000228,T000228,2025-03-02,CHI,P029,1,95.0
V000229,T000229,2025-03-02,CHI,P041,1,35.0
V000230,T000229,2025-03-02,CHI,P043,3,18.0
V000231,T000229,2025-03-02,CHI,P012,2,980.0
V000232,T000232,2025-03-02,CHI,P084,2,18.0
V000233,T000232,2025-03-02,CHI,P020,1,55.0
V000234,T000234,2025-03-02,CHI,P101,1,35.0
V000235,T000235,2025-03-02,CHI,P106,1,55.0
V000236,T000235,2025-03-02,CHI,P020,1,55.0
V000237,T000237,2025-03-02,CHI,P100,1,1250.0
V000238,T000237,2025-03-02,CHI,P102,2,45.0
V000239,T000237,2025-03-02,CHI,P004,1,6.0
V000240,T000240,2025-03-02,CHI,P009,2,85.0
V000241,T000241,2025-03-02,CHI,P020,2,55.0
V000242,T000241,2025-03-02,CHI,P023,2,40.0
V000243,T000243,2025-03-02,CHI,P012,1,980.0
V000244,T000244,2025-03-02,CHI,P046,2,280.0
V000245,T000244,2025-03-02,CHI,P005,1,65.0
V000246,T000246,2025-03-02,CHI,P083,2,65.0
V000247,T000246,2025-03-02,CHI,P009,1,85.0
V000248,T000248,2025-03-02,CHI,P041,2,35.0
V000249,T000248,2025-03-02,CHI,P043,2,18.0
V000250,T000248,2025-03-02,CHI,P080,2,280.0
V000251,T000251,2025-03-02,CHI,P100,1,1250.0
V000252,T000251,2025-03-02,CHI,P102,2,45.0
V000253,T000253,2025-03-02,CHI,P026,1,65.0
V000254,T000254,2025-03-02,CDMX,P007,1,95.0
V000255,T000255,2025-03-02,CDMX,P023,1,40.0
V000256,T000256,2025-03-02,CDMX,P100,2,1250.0
V000257,T000256,2025-03-02,CDMX,P102,3,45.0
V000258,T000256,2025-03-02,CDMX,P001,2,145.0
V000259,T000259,2025-03-02,CDMX,P003,3,8.5
V000260,T000259,2025-03-02,CDMX,P064,2,38.0
V000261,T000261,2025-03-02,CDMX,P041,3,35.0
V000262,T000261,2025-03-02,CDMX,P043,2,18.0
V000263,T000263,2025-03-02,CDMX,P013,3,45.0
V000264,T000263,2025-03-02,CDMX,P045,1,45.0
V000265,T000265,2025-03-02,CDMX,P105,1,145.0
V000266,T000265,2025-03-02,CDMX,P005,2,65.0
V000267,T000267,2025-03-02,CDMX,P063,2,45.0
V000268,T000268,2025-03-02,CDMX,P042,1,28.0
V000269,T000268,2025-03-02,CDMX,P043,2,18.0
V000270,T000270,2025-03-02,CDMX,P044,2,22.0
V000271,T000270,2025-03-02,CDMX,P003,3,8.5
V000272,T000272,2025-03-02,CDMX,P042,3,28.0
V000273,T000272,2025-03-02,CDMX,P043,2,18.0
V000274,T000272,2025-03-02,CDMX,P020,2,55.0
V000275,T000275,2025-03-02,CDMX,P101,1,35.0
V000276,T000276,2025-03-02,CDMX,P101,2,35.0
V000277,T000277,2025-03-02,CDMX,P044,1,22.0
V000278,T000278,2025-03-02,CDMX,P043,2,18.0
V000279,T000279,2025-03-02,CDMX,P046,3,280.0
V000280,T000279,2025-03-02,CDMX,P026,1,65.0
V000281,T000281,2025-03-02,CDMX,P028,3,180.0
V000282,T000281,2025-03-02,CDMX,P042,2,28.0
V000283,T000283,2025-03-02,MTY,P003,1,8.5
V000284,T000283,2025-03-02,MTY,P025,1,35.0
V000285,T000285,2025-03-02,MTY,P041,1,35.0
V000286,T000286,2025-03-02,MTY,P061,2,165.0
V000287,T000286,2025-03-02,MTY,P004,1,6.0
V000288,T000288,2025-03-02,MTY,P047,1,95.0
V000289,T000289,2025-03-02,MTY,P100,3,1250.0
V000290,T000289,2025-03-02,MTY,P102,2,45.0
V000291,T000289,2025-03-02,MTY,P024,1,6.0
V000292,T000292,2025-03-02,MTY,P041,1,35.0
V000293,T000292,2025-03-02,MTY,P043,2,18.0
V000294,T000294,2025-03-02,MTY,P064,1,38.0
V000295,T000294,2025-03-02,MTY,P061,2,165.0
V000296,T000294,2025-03-02,MTY,P107,1,165.0
V000297,T000297,2025-03-02,MTY,P010,2,120.0
V000298,T000297,2025-03-02,MTY,P065,3,30.0
V000299,T000299,2025-03-02,MTY,P100,1,1250.0
V000300,T000299,2025-03-02,MTY,P101,2,35.0
V000301,T000301,2025-03-02,MTY,P040,3,1450.0
V000302,T000301,2025-03-02,MTY,P048,1,180.0
V000303,T000303,2025-03-02,MTY,P024,2,6.0
V000304,T000304,2025-03-02,MTY,P100,3,1250.0
V000305,T000304,2025-03-02,MTY,P102,1,45.0
V000306,T000304,2025-03-02,MTY,P001,2,145.0
V000307,T000307,2025-03-02,MTY,P082,2,25.0
V000308,T000307,2025-03-02,MTY,P009,2,85.0
V000309,T000309,2025-03-02,MTY,P100,2,1250.0
V000310,T000309,2025-03-02,MTY,P102,2,45.0
V000311,T000311,2025-03-02,MTY,P013,1,45.0
V000312,T000312,2025-03-02,MTY,P021,2,85.0
V000313,T000313,2025-03-02,MTY,P100,2,1250.0
V000314,T000313,2025-03-02,MTY,P101,2,35.0
V000315,T000315,2025-03-02,MTY,P103,1,120.0
V000316,T000316,2025-03-02,MTY,P003,1,8.5
V000317,T000316,2025-03-02,MTY,P106,1,55.0
V000318,T000318,2025-03-02,MTY,P044,1,22.0
V000319,T000318,2025-03-02,MTY,P102,3,45.0
V000320,T000320,2025-03-02,MTY,P022,1,150.0
V000321,T000320,2025-03-02,MTY,P023,1,40.0
V000322,T000320,2025-03-02,MTY,P081,2,65.0
V000323,T000323,2025-03-03,CUN,P006,2,12.0
V000324,T000324,2025-03-03,CUN,P060,1,850.0
V000325,T000325,2025-03-03,CUN,P022,1,150.0
V000326,T000326,2025-03-03,CUN,P100,3,1250.0
V000327,T000326,2025-03-03,CUN,P106,3,55.0
V000328,T000328,2025-03-03,CUN,P044,1,22.0
V000329,T000328,2025-03-03,CUN,P025,1,35.0
V000330,T000330,2025-03-03,CUN,P020,1,55.0
V000331,T000330,2025-03-03,CUN,P023,1,40.0
V000332,T000330,2025-03-03,CUN,P027,2,320.0
V000333,T000333,2025-03-03,CUN,P002,2,180.0
V000334,T000333,2025-03-03,CUN,P046,2,280.0
V000335,T000335,2025-03-03,CUN,P047,1,95.0
V000336,T000336,2025-03-03,CUN,P042,2,28.0
V000337,T000336,2025-03-03,CUN,P043,1,18.0
V000338,T000336,2025-03-03,CUN,P060,3,850.0
V000339,T000339,2025-03-03,CUN,P005,2,65.0
V000340,T000339,2025-03-03,CUN,P027,1,320.0
V000341,T000341,2025-03-03,CUN,P043,2,18.0
V000342,T000342,2025-03-03,CUN,P013,2,45.0
V000343,T000343,2025-03-03,CUN,P064,2,38.0
V000344,T000343,2025-03-03,CUN,P061,1,165.0
V000345,T000345,2025-03-03,CUN,P025,2,35.0
V000346,T000345,2025-03-03,CUN,P084,1,18.0
V000347,T000347,2025-03-03,CUN,P020,3,55.0
V000348,T000347,2025-03-03,CUN,P023,2,40.0
V000349,T000349,2025-03-03,CUN,P025,1,35.0
V000350,T000350,2025-03-03,CUN,P029,1,95.0
V000351,T000350,2025-03-03,CUN,P021,3,85.0
V000352,T000352,2025-03-03,CUN,P102,1,45.0
V000353,T000353,2025-03-03,CUN,P080,1,280.0
V000354,T000354,2025-03-03,MID,P064,1,38.0
V000355,T000354,2025-03-03,MID,P010,1,120.0
V000356,T000356,2025-03-03,MID,P012,1,980.0
V000357,T000356,2025-03-03,MID,P080,2,280.0
V000358,T000358,2025-03-03,MID,P024,1,6.0
V000359,T000359,2025-03-03,MID,P046,1,280.0
V000360,T000360,2025-03-03,MID,P028,2,180.0
V000361,T000361,2025-03-03,MID,P010,1,120.0
V000362,T000362,2025-03-03,MID,P086,2,650.0
V000363,T000363,2025-03-03,MID,P104,1,95.0
V000364,T000364,2025-03-03,MID,P001,1,145.0
V000365,T000364,2025-03-03,MID,P009,3,85.0
V000366,T000366,2025-03-03,MID,P023,3,40.0
V000367,T000367,2025-03-03,MID,P007,2,95.0
V000368,T000368,2025-03-03,MID,P100,3,1250.0
V000369,T000368,2025-03-03,MID,P102,1,45.0
V000370,T000368,2025-03-03,MID,P046,3,280.0
V000371,T000371,2025-03-03,MID,P084,1,18.0
V000372,T000371,2025-03-03,MID,P030,1,180.0
V000373,T000373,2025-03-03,MID,P026,1,65.0
V000374,T000374,2025-03-03,MID,P100,3,1250.0
V000375,T000374,2025-03-03,MID,P102,3,45.0
V000376,T000374,2025-03-03,MID,P040,3,1450.0
V000377,T000377,2025-03-03,MID,P042,3,28.0
V000378,T000378,2025-03-03,MID,P064,2,38.0
V000379,T000378,2025-03-03,MID,P061,2,165.0
V000380,T000380,2025-03-03,MID,P012,1,980.0
V000381,T000381,2025-03-03,MID,P022,1,150.0
V000382,T000382,2025-03-03,MID,P030,3,180.0
V000383,T000383,2025-03-03,CHI,P042,2,28.0
V000384,T000383,2025-03-03,CHI,P043,1,18.0
V000385,T000383,2025-03-03,CHI,P007,3,95.0
V000386,T000386,2025-03-03,CHI,P020,1,55.0
V000387,T000386,2025-03-03,CHI,P023,2,40.0
V000388,T000386,2025-03-03,CHI,P026,1,65.0
V000389,T000389,2025-03-03,CHI,P100,1,1250.0
V000390,T000389,2025-03-03,CHI,P102,1,45.0
V000391,T000389,2025-03-03,CHI,P020,1,55.0
V000392,T000392,2025-03-03,CHI,P065,1,30.0
V000393,T000392,2025-03-03,CHI,P086,1,650.0
V000394,T000394,2025-03-03,CHI,P104,1,95.0
V000395,T000394,2025-03-03,CHI,P062,1,320.0
V000396,T000396,2025-03-03,CHI,P041,1,35.0
V000397,T000396,2025-03-03,CHI,P043,1,18.0
V000398,T000398,2025-03-03,CHI,P022,2,150.0
V000399,T000398,2025-03-03,CHI,P023,1,40.0
V000400,T000400,2025-03-03,CHI,P046,2,280.0
V000401,T000400,2025-03-03,CHI,P028,1,180.0
V000402,T000402,2025-03-03,CHI,P021,1,85.0
V000403,T000403,2025-03-03,CHI,P082,2,25.0
V000404,T000404,2025-03-03,CHI,P002,2,180.0
V000405,T000404,2025-03-03,CHI,P041,2,35.0
V000406,T000406,2025-03-03,CHI,P047,2,95.0
V000407,T000407,2025-03-03,CHI,P021,1,85.0
V000408,T000407,2025-03-03,CHI,P023,1,40.0
V000409,T000407,2025-03-03,CHI,P009,2,85.0
V000410,T000410,2025-03-03,CDMX,P085,2,980.0
V000411,T000410,2025-03-03,CDMX,P107,1,165.0
V000412,T000412,2025-03-03,CDMX,P065,1,30.0
V000413,T000412,2025-03-03,CDMX,P082,3,25.0
V000414,T000414,2025-03-03,CDMX,P102,1,45.0
V000415,T000415,2025-03-03,CDMX,P021,2,85.0
V000416,T000415,2025-03-03,CDMX,P086,2,650.0
V000417,T000417,2025-03-03,CDMX,P027,1,320.0
V000418,T000417,2025-03-03,CDMX,P063,1,45.0
V000419,T000419,2025-03-03,CDMX,P046,1,280.0
V000420,T000419,2025-03-03,CDMX,P086,2,650.0
V000421,T000421,2025-03-03,CDMX,P063,2,45.0
V000422,T000421,2025-03-03,CDMX,P060,1,850.0
V000423,T000423,2025-03-03,CDMX,P062,3,320.0
V000424,T000424,2025-03-03,CDMX,P063,2,45.0
V000425,T000424,2025-03-03,CDMX,P060,3,850.0
V000426,T000426,2025-03-03,CDMX,P042,1,28.0
V000427,T000426,2025-03-03,CDMX,P043,1,18.0
V000428,T000428,2025-03-03,CDMX,P020,1,55.0
V000429,T000428,2025-03-03,CDMX,P041,1,35.0
V000430,T000430,2025-03-03,CDMX,P030,1,180.0
V000431,T000430,2025-03-03,CDMX,P023,2,40.0
V000432,T000432,2025-03-03,CDMX,P102,2,45.0
V000433,T000433,2025-03-03,CDMX,P062,3,320.0
V000434,T000433,2025-03-03,CDMX,P104,1,95.0
V000435,T000435,2025-03-03,CDMX,P042,1,28.0
V000436,T000435,2025-03-03,CDMX,P043,1,18.0
V000437,T000437,2025-03-03,CDMX,P002,2,180.0
V000438,T000438,2025-03-03,CDMX,P020,2,55.0
V000439,T000438,2025-03-03,CDMX,P023,2,40.0
V000440,T000438,2025-03-03,CDMX,P044,2,22.0
V000441,T000441,2025-03-03,CDMX,P063,2,45.0
V000442,T000441,2025-03-03,CDMX,P060,2,850.0
V000443,T000441,2025-03-03,CDMX,P025,1,35.0
V000444,T000444,2025-03-03,MTY,P022,1,150.0
V000445,T000444,2025-03-03,MTY,P023,3,40.0
V000446,T000446,2025-03-03,MTY,P100,2,1250.0
V000447,T000446,2025-03-03,MTY,P101,2,35.0
V000448,T000448,2025-03-03,MTY,P024,1,6.0
V000449,T000448,2025-03-03,MTY,P043,2,18.0
V000450,T000450,2025-03-03,MTY,P100,1,1250.0
V000451,T000450,2025-03-03,MTY,P101,1,35.0
V000452,T000452,2025-03-03,MTY,P020,1,55.0
V000453,T000452,2025-03-03,MTY,P023,1,40.0
V000454,T000452,2025-03-03,MTY,P024,1,6.0
V000455,T000455,2025-03-03,MTY,P021,1,85.0
V000456,T000455,2025-03-03,MTY,P023,1,40.0
V000457,T000455,2025-03-03,MTY,P066,2,55.0
V000458,T000458,2025-03-03,MTY,P021,3,85.0
V000459,T000459,2025-03-03,MTY,P005,2,65.0
V000460,T000459,2025-03-03,MTY,P066,1,55.0
V000461,T000461,2025-03-03,MTY,P005,2,65.0
V000462,T000462,2025-03-03,MTY,P041,2,35.0
V000463,T000463,2025-03-03,MTY,P064,2,38.0
V000464,T000463,2025-03-03,MTY,P061,2,165.0
V000465,T000463,2025-03-03,MTY,P025,3,35.0
V000466,T000466,2025-03-03,MTY,P006,2,12.0
V000467,T000466,2025-03-03,MTY,P007,2,95.0
V000468,T000468,2025-03-03,MTY,P006,3,12.0
V000469,T000469,2025-03-03,MTY,P063,1,45.0
V000470,T000469,2025-03-03,MTY,P060,2,850.0
V000471,T000471,2025-03-03,MTY,P060,1,850.0
V000472,T000472,2025-03-03,MTY,P002,1,180.0
V000473,T000472,2025-03-03,MTY,P021,2,85.0
V000474,T000474,2025-03-03,MTY,P021,2,85.0
V000475,T000474,2025-03-03,MTY,P023,2,40.0
V000476,T000474,2025-03-03,MTY,P081,2,65.0
V000477,T000477,2025-03-03,MTY,P044,2,22.0
V000478,T000478,2025-03-03,MTY,P066,1,55.0
V000479,T000478,2025-03-03,MTY,P106,1,55.0
V000480,T000480,2025-03-03,MTY,P046,1,280.0
V000481,T000480,2025-03-03,MTY,P024,2,6.0
V000482,T000482,2025-03-03,MTY,P100,1,1250.0
V000483,T000482,2025-03-03,MTY,P102,1,45.0
V000484,T000482,2025-03-03,MTY,P040,1,1450.0
V000485,T000485,2025-03-03,MTY,P005,1,65.0
V000486,T000486,2025-03-04,CUN,P040,3,1450.0
V000487,T000486,2025-03-04,CUN,P046,1,280.0
V000488,T000488,2025-03-04,CUN,P104,1,95.0
V000489,T000489,2025-03-04,CUN,P100,1,1250.0
V000490,T000489,2025-03-04,CUN,P101,2,35.0
V000491,T000491,2025-03-04,CUN,P063,1,45.0
V000492,T000491,2025-03-04,CUN,P060,2,850.0
V000493,T000493,2025-03-04,CUN,P003,2,8.5
V000494,T000493,2025-03-04,CUN,P030,2,180.0
V000495,T000495,2025-03-04,CUN,P011,2,210.0
V000496,T000495,2025-03-04,CUN,P102,2,45.0
V000497,T000497,2025-03-04,CUN,P083,3,65.0
V000498,T000498,2025-03-04,CUN,P005,2,65.0
V000499,T000498,2025-03-04,CUN,P046,1,280.0
V000500,T000500,2025-03-04,CUN,P022,1,150.0
V000501,T000500,2025-03-04,CUN,P023,1,40.0
V000502,T000500,2025-03-04,CUN,P046,1,280.0
V000503,T000503,2025-03-04,CUN,P084,1,18.0
V000504,T000504,2025-03-04,CUN,P006,1,12.0
V000505,T000504,2025-03-04,CUN,P027,1,320.0
V000506,T000506,2025-03-04,CUN,P106,3,55.0
V000507,T000507,2025-03-04,CUN,P006,2,12.0
V000508,T000508,2025-03-04,CUN,P002,1,180.0
V000509,T000508,2025-03-04,CUN,P021,1,85.0
V000510,T000510,2025-03-04,CUN,P047,1,95.0
V000511,T000510,2025-03-04,CUN,P107,1,165.0
V000512,T000512,2025-03-04,CUN,P021,2,85.0
V000513,T000512,2025-03-04,CUN,P023,3,40.0
V000514,T000514,2025-03-04,CUN,P003,2,8.5
V000515,T000515,2025-03-04,MID,P010,2,120.0
V000516,T000515,2025-03-04,MID,P084,1,18.0
V000517,T000517,2025-03-04,MID,P003,1,8.5
V000518,T000517,2025-03-04,MID,P061,2,165.0
V000519,T000519,2025-03-04,MID,P101,2,35.0
V000520,T000520,2025-03-04,MID,P041,2,35.0
V000521,T000520,2025-03-04,MID,P043,1,18.0
V000522,T000520,2025-03-04,MID,P082,1,25.0
V000523,T000523,2025-03-04,MID,P063,2,45.0
V000524,T000524,2025-03-04,MID,P102,1,45.0
V000525,T000524,2025-03-04,MID,P045,1,45.0
V000526,T000526,2025-03-04,MID,P009,1,85.0
V000527,T000527,2025-03-04,MID,P030,1,180.0
V000528,T000528,2025-03-04,MID,P060,1,850.0
V000529,T000529,2025-03-04,MID,P022,1,150.0
V000530,T000529,2025-03-04,MID,P023,2,40.0
V000531,T000529,2025-03-04,MID,P101,1,35.0
V000532,T000532,2025-03-04,CHI,P100,1,1250.0
V000533,T000532,2025-03-04,CHI,P101,2,35.0
V000534,T000534,2025-03-04,CHI,P100,1,1250.0
V000535,T000534,2025-03-04,CHI,P102,1,45.0
V000536,T000534,2025-03-04,CHI,P028,1,180.0
V000537,T000537,2025-03-04,CHI,P021,3,85.0
V000538,T000537,2025-03-04,CHI,P023,1,40.0
V000539,T000539,2025-03-04,CHI,P009,2,85.0
V000540,T000539,2025-03-04,CHI,P103,3,120.0
V000541,T000541,2025-03-04,CHI,P101,2,35.0
V000542,T000542,2025-03-04,CHI,P006,1,12.0
V000543,T000542,2025-03-04,CHI,P020,2,55.0
V000544,T000544,2025-03-04,CHI,P065,1,30.0
V000545,T000545,2025-03-04,CHI,P022,2,150.0
V000546,T000545,2025-03-04,CHI,P004,3,6.0
V000547,T000547,2025-03-04,CHI,P045,2,45.0
V000548,T000547,2025-03-04,CHI,P086,2,650.0
V000549,T000549,2025-03-04,CHI,P080,1,280.0
V000550,T000550,2025-03-04,CHI,P025,1,35.0
V000551,T000550,2025-03-04,CHI,P060,2,850.0
V000552,T000552,2025-03-04,CHI,P006,2,12.0
V000553,T000552,2025-03-04,CHI,P044,2,22.0
V000554,T000554,2025-03-04,CHI,P040,1,1450.0
V000555,T000555,2025-03-04,CHI,P030,1,180.0
V000556,T000555,2025-03-04,CHI,P001,1,145.0
V000557,T000557,2025-03-04,CHI,P021,3,85.0
V000558,T000557,2025-03-04,CHI,P023,1,40.0
V000559,T000559,2025-03-04,CHI,P063,3,45.0
V000560,T000559,2025-03-04,CHI,P060,1,850.0
V000561,T000561,2025-03-04,CHI,P083,3,65.0
V000562,T000561,2025-03-04,CHI,P064,1,38.0
V000563,T000563,2025-03-04,CHI,P005,2,65.0
V000564,T000564,2025-03-04,CHI,P041,1,35.0
V000565,T000564,2025-03-04,CHI,P043,1,18.0
V000566,T000564,2025-03-04,CHI,P013,1,45.0
V000567,T000567,2025-03-04,CHI,P105,1,145.0
V000568,T000568,2025-03-04,CHI,P041,1,35.0
V000569,T000568,2025-03-04,CHI,P043,3,18.0
V000570,T000568,2025-03-04,CHI,P100,1,1250.0
V000571,T000571,2025-03-04,CHI,P063,2,45.0
V000572,T000571,2025-03-04,CHI,P060,2,850.0
V000573,T000571,2025-03-04,CHI,P028,1,180.0
V000574,T000574,2025-03-04,CDMX,P047,1,95.0
V000575,T000574,2025-03-04,CDMX,P083,1,65.0
V000576,T000576,2025-03-04,CDMX,P006,1,12.0
V000577,T000576,2025-03-04,CDMX,P107,2,165.0
V000578,T000578,2025-03-04,CDMX,P021,1,85.0
V000579,T000578,2025-03-04,CDMX,P023,2,40.0
V000580,T000578,2025-03-04,CDMX,P062,2,320.0
V000581,T000581,2025-03-04,CDMX,P011,1,210.0
V000582,T000582,2025-03-04,CDMX,P086,1,650.0
V000583,T000583,2025-03-04,CDMX,P043,1,18.0
V000584,T000583,2025-03-04,CDMX,P107,1,165.0
V000585,T000585,2025-03-04,CDMX,P041,3,35.0
V000586,T000585,2025-03-04,CDMX,P083,1,65.0
V000587,T000587,2025-03-04,CDMX,P010,3,120.0
V000588,T000588,2025-03-04,CDMX,P003,3,8.5
V000589,T000588,2025-03-04,CDMX,P020,1,55.0
V000590,T000590,2025-03-04,CDMX,P001,1,145.0
V000591,T000591,2025-03-04,MTY,P005,2,65.0
V000592,T000592,2025-03-04,MTY,P060,3,850.0
V000593,T000592,2025-03-04,MTY,P007,1,95.0
V000594,T000594,2025-03-04,MTY,P040,1,1450.0
V000595,T000595,2025-03-04,MTY,P042,1,28.0
V000596,T000595,2025-03-04,MTY,P043,2,18.0
V000597,T000597,2025-03-04,MTY,P100,1,1250.0
V000598,T000597,2025-03-04,MTY,P101,2,35.0
V000599,T000597,2025-03-04,MTY,P008,1,180.0
V000600,T000600,2025-03-04,MTY,P044,3,22.0
V000601,T000601,2025-03-04,MTY,P027,3,320.0
V000602,T000602,2025-03-04,MTY,P100,1,1250.0
V000603,T000602,2025-03-04,MTY,P102,3,45.0
V000604,T000602,2025-03-04,MTY,P024,3,6.0
V000605,T000605,2025-03-04,MTY,P080,1,280.0
V000606,T000605,2025-03-04,MTY,P028,1,180.0
V000607,T000607,2025-03-04,MTY,P103,1,120.0
V000608,T000607,2025-03-04,MTY,P082,1,25.0
V000609,T000609,2025-03-04,MTY,P030,1,180.0
V000610,T000609,2025-03-04,MTY,P107,2,165.0
V000611,T000611,2025-03-04,MTY,P005,3,65.0
V000612,T000611,2025-03-04,MTY,P107,2,165.0
V000613,T000613,2025-03-04,MTY,P102,1,45.0
V000614,T000613,2025-03-04,MTY,P047,1,95.0
V000615,T000615,2025-03-05,CUN,P100,1,1250.0
V000616,T000615,2025-03-05,CUN,P101,1,35.0
V000617,T000617,2025-03-05,CUN,P102,2,45.0
V000618,T000618,2025-03-05,CUN,P022,1,150.0
V000619,T000618,2025-03-05,CUN,P023,1,40.0
V000620,T000618,2025-03-05,CUN,P101,2,35.0
V000621,T000621,2025-03-05,CUN,P022,1,150.0
V000622,T000621,2025-03-05,CUN,P023,1,40.0
V000623,T000621,2025-03-05,CUN,P103,2,120.0
V000624,T000624,2025-03-05,CUN,P107,2,165.0
V000625,T000624,2025-03-05,CUN,P022,1,150.0
V000626,T000626,2025-03-05,CUN,P042,1,28.0
V000627,T000626,2025-03-05,CUN,P043,2,18.0
V000628,T000628,2025-03-05,CUN,P064,1,38.0
V000629,T000629,2025-03-05,CUN,P063,2,45.0
V000630,T000629,2025-03-05,CUN,P060,1,850.0
V000631,T000631,2025-03-05,CUN,P002,2,180.0
V000632,T000631,2025-03-05,CUN,P104,1,95.0
V000633,T000633,2025-03-05,CUN,P102,2,45.0
V000634,T000634,2025-03-05,CUN,P047,2,95.0
V000635,T000635,2025-03-05,CUN,P042,3,28.0
V000636,T000635,2025-03-05,CUN,P043,2,18.0
V000637,T000635,2025-03-05,CUN,P082,1,25.0
V000638,T000638,2025-03-05,CUN,P084,2,18.0
V000639,T000638,2025-03-05,CUN,P030,2,180.0
V000640,T000640,2025-03-05,CUN,P022,3,150.0
V000641,T000640,2025-03-05,CUN,P023,1,40.0
V000642,T000640,2025-03-05,CUN,P064,2,38.0
V000643,T000643,2025-03-05,CUN,P063,1,45.0
V000644,T000643,2025-03-05,CUN,P060,1,850.0
V000645,T000645,2025-03-05,CUN,P021,1,85.0
V000646,T000645,2025-03-05,CUN,P023,1,40.0
V000647,T000645,2025-03-05,CUN,P022,1,150.0
V000648,T000648,2025-03-05,CUN,P066,1,55.0
V000649,T000648,2025-03-05,CUN,P106,1,55.0
V000650,T000650,2025-03-05,CUN,P086,2,650.0
V000651,T000650,2025-03-05,CUN,P066,2,55.0
V000652,T000652,2025-03-05,MID,P026,2,65.0
V000653,T000652,2025-03-05,MID,P007,2,95.0
V000654,T000654,2025-03-05,MID,P022,1,150.0
V000655,T000654,2025-03-05,MID,P027,1,320.0
V000656,T000656,2025-03-05,MID,P106,2,55.0
V000657,T000657,2025-03-05,MID,P020,2,55.0
V000658,T000657,2025-03-05,MID,P023,1,40.0
V000659,T000659,2025-03-05,MID,P086,1,650.0
V000660,T000659,2025-03-05,MID,P030,2,180.0
V000661,T000661,2025-03-05,MID,P100,1,1250.0
V000662,T000661,2025-03-05,MID,P102,2,45.0
V000663,T000661,2025-03-05,MID,P046,2,280.0
V000664,T000664,2025-03-05,MID,P062,3,320.0
V000665,T000664,2025-03-05,MID,P107,2,165.0
V000666,T000666,2025-03-05,MID,P021,1,85.0
V000667,T000666,2025-03-05,MID,P023,2,40.0
V000668,T000666,2025-03-05,MID,P081,1,65.0
V000669,T000669,2025-03-05,MID,P013,2,45.0
V000670,T000670,2025-03-05,MID,P003,2,8.5
V000671,T000670,2025-03-05,MID,P063,2,45.0
V000672,T000672,2025-03-05,MID,P065,1,30.0
V000673,T000673,2025-03-05,MID,P063,3,45.0
V000674,T000673,2025-03-05,MID,P060,1,850.0
V000675,T000673,2025-03-05,MID,P107,2,165.0
V000676,T000676,2025-03-05,MID,P100,3,1250.0
V000677,T000676,2025-03-05,MID,P102,2,45.0
V000678,T000678,2025-03-05,MID,P020,2,55.0
V000679,T000678,2025-03-05,MID,P023,2,40.0
V000680,T000678,2025-03-05,MID,P061,1,165.0
V000681,T000681,2025-03-05,MID,P086,3,650.0
V000682,T000682,2025-03-05,CHI,P023,2,40.0
V000683,T000683,2025-03-05,CHI,P086,2,650.0
V000684,T000683,2025-03-05,CHI,P041,3,35.0
V000685,T000685,2025-03-05,CHI,P102,1,45.0
V000686,T000686,2025-03-05,CHI,P022,1,150.0
V000687,T000686,2025-03-05,CHI,P105,1,145.0
V000688,T000688,2025-03-05,CHI,P063,1,45.0
V000689,T000688,2025-03-05,CHI,P060,2,850.0
V000690,T000688,2025-03-05,CHI,P029,2,95.0
V000691,T000691,2025-03-05,CHI,P046,3,280.0
V000692,T000692,2025-03-05,CHI,P085,1,980.0
V000693,T000692,2025-03-05,CHI,P020,3,55.0
V000694,T000694,2025-03-05,CHI,P040,2,1450.0
V000695,T000694,2025-03-05,CHI,P011,1,210.0
V000696,T000696,2025-03-05,CDMX,P013,2,45.0
V000697,T000696,2025-03-05,CDMX,P020,1,55.0
V000698,T000698,2025-03-05,CDMX,P042,3,28.0
V000699,T000698,2025-03-05,CDMX,P043,1,18.0
V000700,T000700,2025-03-05,CDMX,P047,3,95.0
V000701,T000700,2025-03-05,CDMX,P028,1,180.0
V000702,T000702,2025-03-05,CDMX,P100,1,1250.0
V000703,T000702,2025-03-05,CDMX,P102,1,45.0
V000704,T000702,2025-03-05,CDMX,P107,1,165.0
V000705,T000705,2025-03-05,CDMX,P021,1,85.0
V000706,T000705,2025-03-05,CDMX,P023,3,40.0
V000707,T000705,2025-03-05,CDMX,P029,2,95.0
V000708,T000708,2025-03-05,CDMX,P100,1,1250.0
V000709,T000708,2025-03-05,CDMX,P102,1,45.0
V000710,T000708,2025-03-05,CDMX,P046,1,280.0
V000711,T000711,2025-03-05,CDMX,P064,2,38.0
V000712,T000711,2025-03-05,CDMX,P004,1,6.0
V000713,T000713,2025-03-05,CDMX,P004,2,6.0
V000714,T000713,2025-03-05,CDMX,P026,1,65.0
V000715,T000715,2025-03-05,CDMX,P009,1,85.0
V000716,T000715,2025-03-05,CDMX,P045,2,45.0
V000717,T000717,2025-03-05,CDMX,P046,1,280.0
V000718,T000717,2025-03-05,CDMX,P013,1,45.0
V000719,T000719,2025-03-05,CDMX,P020,1,55.0
V000720,T000719,2025-03-05,CDMX,P023,3,40.0
V000721,T000721,2025-03-05,CDMX,P061,1,165.0
V000722,T000722,2025-03-05,CDMX,P012,1,980.0
V000723,T000722,2025-03-05,CDMX,P086,2,650.0
V000724,T000724,2025-03-05,CDMX,P012,1,980.0
V000725,T000725,2025-03-05,CDMX,P001,1,145.0
V000726,T000725,2025-03-05,CDMX,P048,1,180.0
V000727,T000727,2025-03-05,CDMX,P081,2,65.0
V000728,T000728,2025-03-05,MTY,P107,1,165.0
V000729,T000729,2025-03-05,MTY,P021,3,85.0
V000730,T000729,2025-03-05,MTY,P023,1,40.0
V000731,T000729,2025-03-05,MTY,P065,3,30.0
V000732,T000732,2025-03-05,MTY,P063,2,45.0
V000733,T000732,2025-03-05,MTY,P060,3,850.0
V000734,T000734,2025-03-05,MTY,P012,3,980.0
V000735,T000735,2025-03-05,MTY,P105,2,145.0
V000736,T000735,2025-03-05,MTY,P026,3,65.0
V000737,T000737,2025-03-05,MTY,P022,1,150.0
V000738,T000737,2025-03-05,MTY,P023,1,40.0
V000739,T000737,2025-03-05,MTY,P104,2,95.0
V000740,T000740,2025-03-05,MTY,P042,1,28.0
V000741,T000740,2025-03-05,MTY,P043,2,18.0
V000742,T000742,2025-03-05,MTY,P001,1,145.0
V000743,T000742,2025-03-05,MTY,P028,1,180.0
V000744,T000744,2025-03-05,MTY,P045,2,45.0
V000745,T000744,2025-03-05,MTY,P029,3,95.0
V000746,T000746,2025-03-05,MTY,P084,1,18.0
V000747,T000746,2025-03-05,MTY,P103,1,120.0
V000748,T000748,2025-03-05,MTY,P021,2,85.0
V000749,T000749,2025-03-05,MTY,P063,2,45.0
V000750,T000749,2025-03-05,MTY,P060,2,850.0
V000751,T000749,2025-03-05,MTY,P045,3,45.0
V000752,T000752,2025-03-05,MTY,P101,1,35.0
V000753,T000752,2025-03-05,MTY,P080,2,280.0
V000754,T000754,2025-03-05,MTY,P085,1,980.0
V000755,T000754,2025-03-05,MTY,P103,1,120.0
V000756,T000756,2025-03-05,MTY,P048,1,180.0
V000757,T000756,2025-03-05,MTY,P044,1,22.0
V000758,T000758,2025-03-05,MTY,P044,2,22.0
V000759,T000758,2025-03-05,MTY,P013,2,45.0
V000760,T000760,2025-03-05,MTY,P100,1,1250.0
V000761,T000760,2025-03-05,MTY,P102,2,45.0
V000762,T000760,2025-03-05,MTY,P004,2,6.0
V000763,T000763,2025-03-05,MTY,P004,3,6.0
V000764,T000764,2025-03-05,MTY,P086,1,650.0
V000765,T000764,2025-03-05,MTY,P021,3,85.0
V000766,T000766,2025-03-05,MTY,P021,1,85.0
V000767,T000766,2025-03-05,MTY,P023,2,40.0
V000768,T000766,2025-03-05,MTY,P028,1,180.0
V000769,T000769,2025-03-05,MTY,P005,2,65.0
V000770,T000770,2025-03-05,MTY,P064,3,38.0
V000771,T000770,2025-03-05,MTY,P061,3,165.0
V000772,T000770,2025-03-05,MTY,P008,3,180.0
V000773,T000773,2025-03-06,CUN,P082,2,25.0
V000774,T000774,2025-03-06,CUN,P005,2,65.0
V000775,T000774,2025-03-06,CUN,P107,2,165.0
V000776,T000776,2025-03-06,CUN,P041,1,35.0
V000777,T000776,2025-03-06,CUN,P043,1,18.0
V000778,T000778,2025-03-06,CUN,P086,2,650.0
V000779,T000779,2025-03-06,CUN,P007,1,95.0
V000780,T000779,2025-03-06,CUN,P012,3,980.0
V000781,T000781,2025-03-06,CUN,P003,2,8.5
V000782,T000782,2025-03-06,CUN,P002,2,180.0
V000783,T000782,2025-03-06,CUN,P005,1,65.0
V000784,T000784,2025-03-06,CUN,P083,1,65.0
V000785,T000785,2025-03-06,CUN,P020,1,55.0
V000786,T000785,2025-03-06,CUN,P023,1,40.0
V000787,T000785,2025-03-06,CUN,P022,1,150.0
V000788,T000788,2025-03-06,CUN,P025,2,35.0
V000789,T000788,2025-03-06,CUN,P102,1,45.0
V000790,T000790,2025-03-06,CUN,P102,1,45.0
V000791,T000791,2025-03-06,CUN,P022,2,150.0
V000792,T000791,2025-03-06,CUN,P023,1,40.0
V000793,T000793,2025-03-06,CUN,P012,2,980.0
V000794,T000794,2025-03-06,CUN,P012,2,980.0
V000795,T000795,2025-03-06,MID,P029,3,95.0
V000796,T000796,2025-03-06,MID,P060,1,850.0
V000797,T000796,2025-03-06,MID,P025,2,35.0
V000798,T000798,2025-03-06,MID,P107,1,165.0
V000799,T000798,2025-03-06,MID,P085,2,980.0
V000800,T000800,2025-03-06,MID,P062,2,320.0
V000801,T000800,2025-03-06,MID,P030,1,180.0
V000802,T000802,2025-03-06,MID,P012,2,980.0
V000803,T000802,2025-03-06,MID,P006,1,12.0
V000804,T000804,2025-03-06,MID,P041,2,35.0
V000805,T000804,2025-03-06,MID,P043,2,18.0
V000806,T000804,2025-03-06,MID,P027,1,320.0
V000807,T000807,2025-03-06,MID,P013,2,45.0
V000808,T000808,2025-03-06,MID,P062,1,320.0
V000809,T000808,2025-03-06,MID,P022,1,150.0
V000810,T000810,2025-03-06,MID,P001,3,145.0
V000811,T000810,2025-03-06,MID,P021,1,85.0
V000812,T000812,2025-03-06,MID,P101,2,35.0
V000813,T000812,2025-03-06,MID,P022,3,150.0
V000814,T000814,2025-03-06,MID,P041,1,35.0
V000815,T000814,2025-03-06,MID,P043,2,18.0
V000816,T000816,2025-03-06,MID,P081,2,65.0
V000817,T000816,2025-03-06,MID,P023,2,40.0
V000818,T000818,2025-03-06,MID,P104,2,95.0
V000819,T000819,2025-03-06,MID,P027,1,320.0
V000820,T000820,2025-03-06,MID,P020,1,55.0
V000821,T000820,2025-03-06,MID,P023,3,40.0
V000822,T000822,2025-03-06,MID,P042,2,28.0
V000823,T000822,2025-03-06,MID,P043,2,18.0
V000824,T000824,2025-03-06,CHI,P002,1,180.0
V000825,T000824,2025-03-06,CHI,P028,2,180.0
V000826,T000826,2025-03-06,CHI,P083,2,65.0
V000827,T000826,2025-03-06,CHI,P080,3,280.0
V000828,T000828,2025-03-06,CHI,P047,1,95.0
V000829,T000828,2025-03-06,CHI,P066,1,55.0
V000830,T000830,2025-03-06,CHI,P100,2,1250.0
V000831,T000830,2025-03-06,CHI,P102,3,45.0
V000832,T000830,2025-03-06,CHI,P103,1,120.0
V000833,T000833,2025-03-06,CHI,P106,3,55.0
V000834,T000834,2025-03-06,CHI,P020,1,55.0
V000835,T000834,2025-03-06,CHI,P023,1,40.0
V000836,T000834,2025-03-06,CHI,P086,3,650.0
V000837,T000837,2025-03-06,CHI,P041,1,35.0
V000838,T000837,2025-03-06,CHI,P043,1,18.0
V000839,T000839,2025-03-06,CHI,P082,2,25.0
V000840,T000840,2025-03-06,CHI,P002,1,180.0
V000841,T000840,2025-03-06,CHI,P045,1,45.0
V000842,T000842,2025-03-06,CHI,P024,1,6.0
V000843,T000843,2025-03-06,CHI,P064,1,38.0
V000844,T000843,2025-03-06,CHI,P061,1,165.0
V000845,T000845,2025-03-06,CHI,P060,2,850.0
V000846,T000845,2025-03-06,CHI,P012,1,980.0
V000847,T000847,2025-03-06,CHI,P024,1,6.0
V000848,T000848,2025-03-06,CHI,P082,3,25.0
V000849,T000849,2025-03-06,CHI,P021,3,85.0
V000850,T000849,2025-03-06,CHI,P023,1,40.0
V000851,T000851,2025-03-06,CHI,P064,3,38.0
V000852,T000851,2025-03-06,CHI,P061,1,165.0
V000853,T000851,2025-03-06,CHI,P040,3,1450.0
V000854,T000854,2025-03-06,CHI,P100,3,1250.0
V000855,T000854,2025-03-06,CHI,P101,1,35.0
V000856,T000856,2025-03-06,CHI,P107,2,165.0
V000857,T000857,2025-03-06,CHI,P021,2,85.0
V000858,T000857,2025-03-06,CHI,P100,2,1250.0
V000859,T000859,2025-03-06,CDMX,P021,1,85.0
V000860,T000859,2025-03-06,CDMX,P023,2,40.0
V000861,T000861,2025-03-06,CDMX,P003,1,8.5
V000862,T000861,2025-03-06,CDMX,P086,1,650.0
V000863,T000863,2025-03-06,CDMX,P101,2,35.0
V000864,T000864,2025-03-06,CDMX,P026,2,65.0
V000865,T000864,2025-03-06,CDMX,P020,3,55.0
V000866,T000866,2025-03-06,CDMX,P028,3,180.0
V000867,T000866,2025-03-06,CDMX,P066,3,55.0
V000868,T000868,2025-03-06,CDMX,P063,1,45.0
V000869,T000868,2025-03-06,CDMX,P060,1,850.0
V000870,T000868,2025-03-06,CDMX,P029,2,95.0
V000871,T000871,2025-03-06,CDMX,P065,1,30.0
V000872,T000871,2025-03-06,CDMX,P081,3,65.0
V000873,T000873,2025-03-06,CDMX,P100,2,1250.0
V000874,T000873,2025-03-06,CDMX,P101,2,35.0
V000875,T000873,2025-03-06,CDMX,P028,1,180.0
V000876,T000876,2025-03-06,CDMX,P082,1,25.0
V000877,T000876,2025-03-06,CDMX,P081,1,65.0
V000878,T000878,2025-03-06,CDMX,P006,3,12.0
V000879,T000878,2025-03-06,CDMX,P028,1,180.0
V000880,T000880,2025-03-06,CDMX,P027,1,320.0
V000881,T000880,2025-03-06,CDMX,P006,2,12.0
V000882,T000882,2025-03-06,CDMX,P012,2,980.0
V000883,T000883,2025-03-06,MTY,P042,2,28.0
V000884,T000883,2025-03-06,MTY,P006,1,12.0
V000885,T000885,2025-03-06,MTY,P103,1,120.0
V000886,T000885,2025-03-06,MTY,P028,2,180.0
V000887,T000887,2025-03-06,MTY,P001,1,145.0
V000888,T000888,2025-03-06,MTY,P011,2,210.0
V000889,T000888,2025-03-06,MTY,P024,1,6.0
V000890,T000890,2025-03-06,MTY,P064,1,38.0
V000891,T000890,2025-03-06,MTY,P061,1,165.0
V000892,T000890,2025-03-06,MTY,P024,1,6.0
V000893,T000893,2025-03-06,MTY,P086,2,650.0
V000894,T000894,2025-03-06,MTY,P045,2,45.0
V000895,T000894,2025-03-06,MTY,P025,1,35.0
V000896,T000896,2025-03-06,MTY,P040,1,1450.0
V000897,T000897,2025-03-06,MTY,P043,3,18.0
V000898,T000898,2025-03-06,MTY,P009,3,85.0
V000899,T000898,2025-03-06,MTY,P048,1,180.0
V000900,T000900,2025-03-06,MTY,P012,1,980.0
V000901,T000901,2025-03-06,MTY,P100,1,1250.0
V000902,T000901,2025-03-06,MTY,P101,1,35.0
V000903,T000903,2025-03-06,MTY,P082,2,25.0
V000904,T000903,2025-03-06,MTY,P046,2,280.0
V000905,T000905,2025-03-06,MTY,P100,3,1250.0
V000906,T000905,2025-03-06,MTY,P102,1,45.0
V000907,T000905,2025-03-06,MTY,P065,2,30.0
V000908,T000908,2025-03-06,MTY,P106,2,55.0
V000909,T000909,2025-03-06,MTY,P009,1,85.0
V000910,T000910,2025-03-07,CUN,P085,2,980.0
V000911,T000910,2025-03-07,CUN,P027,2,320.0
V000912,T000912,2025-03-07,CUN,P041,3,35.0
V000913,T000913,2025-03-07,CUN,P005,2,65.0
V000914,T000914,2025-03-07,CUN,P006,3,12.0
V000915,T000914,2025-03-07,CUN,P022,1,150.0
V000916,T000916,2025-03-07,CUN,P020,3,55.0
V000917,T000916,2025-03-07,CUN,P023,3,40.0
V000918,T000918,2025-03-07,CUN,P101,1,35.0
V000919,T000918,2025-03-07,CUN,P081,1,65.0
V000920,T000920,2025-03-07,CUN,P041,2,35.0
V000921,T000920,2025-03-07,CUN,P043,2,18.0
V000922,T000922,2025-03-07,CUN,P063,2,45.0
V000923,T000922,2025-03-07,CUN,P027,3,320.0
V000924,T000924,2025-03-07,CUN,P048,2,180.0
V000925,T000924,2025-03-07,CUN,P107,1,165.0
V000926,T000926,2025-03-07,CUN,P021,1,85.0
V000927,T000926,2025-03-07,CUN,P023,1,40.0
V000928,T000926,2025-03-07,CUN,P104,1,95.0
V000929,T000929,2025-03-07,CUN,P041,1,35.0
V000930,T000929,2025-03-07,CUN,P043,2,18.0
V000931,T000931,2025-03-07,CUN,P100,3,1250.0
V000932,T000931,2025-03-07,CUN,P101,1,35.0
V000933,T000931,2025-03-07,CUN,P025,1,35.0
V000934,T000934,2025-03-07,MID,P021,1,85.0
V000935,T000934,2025-03-07,MID,P023,3,40.0
V000936,T000936,2025-03-07,MID,P022,1,150.0
V000937,T000936,2025-03-07,MID,P023,2,40.0
V000938,T000938,2025-03-07,MID,P045,1,45.0
V000939,T000938,2025-03-07,MID,P030,1,180.0
V000940,T000940,2025-03-07,MID,P043,1,18.0
V000941,T000940,2025-03-07,MID,P065,2,30.0
V000942,T000942,2025-03-07,MID,P040,1,1450.0
V000943,T000942,2025-03-07,MID,P022,3,150.0
V000944,T000944,2025-03-07,MID,P005,2,65.0
V000945,T000945,2025-03-07,MID,P063,3,45.0
V000946,T000945,2025-03-07,MID,P060,2,850.0
V000947,T000945,2025-03-07,MID,P008,2,180.0
V000948,T000948,2025-03-07,MID,P027,2,320.0
V000949,T000949,2025-03-07,MID,P006,1,12.0
V000950,T000949,2025-03-07,MID,P040,3,1450.0
V000951,T000951,2025-03-07,MID,P026,2,65.0
V000952,T000952,2025-03-07,MID,P022,1,150.0
V000953,T000952,2025-03-07,MID,P023,1,40.0
V000954,T000954,2025-03-07,MID,P005,2,65.0
V000955,T000954,2025-03-07,MID,P010,2,120.0
V000956,T000956,2025-03-07,MID,P100,3,1250.0
V000957,T000956,2025-03-07,MID,P102,1,45.0
V000958,T000958,2025-03-07,MID,P047,2,95.0
V000959,T000958,2025-03-07,MID,P021,2,85.0
V000960,T000960,2025-03-07,MID,P063,2,45.0
V000961,T000960,2025-03-07,MID,P060,1,850.0
V000962,T000962,2025-03-07,MID,P064,2,38.0
V000963,T000962,2025-03-07,MID,P061,3,165.0
V000964,T000964,2025-03-07,MID,P083,2,65.0
V000965,T000964,2025-03-07,MID,P063,2,45.0
V000966,T000966,2025-03-07,MID,P020,1,55.0
V000967,T000966,2025-03-07,MID,P023,1,40.0
V000968,T000968,2025-03-07,MID,P041,1,35.0
V000969,T000968,2025-03-07,MID,P043,2,18.0
V000970,T000970,2025-03-07,MID,P102,2,45.0
V000971,T000971,2025-03-07,MID,P063,1,45.0
V000972,T000971,2025-03-07,MID,P080,2,280.0
V000973,T000973,2025-03-07,CHI,P101,2,35.0
V000974,T000974,2025-03-07,CHI,P064,1,38.0
V000975,T000974,2025-03-07,CHI,P061,1,165.0
V000976,T000974,2025-03-07,CHI,P086,1,650.0
V000977,T000977,2025-03-07,CHI,P029,1,95.0
V000978,T000978,2025-03-07,CHI,P008,1,180.0
V000979,T000979,2025-03-07,CHI,P063,2,45.0
V000980,T000979,2025-03-07,CHI,P060,3,850.0
V000981,T000981,2025-03-07,CHI,P066,1,55.0
V000982,T000981,2025-03-07,CHI,P013,1,45.0
V000983,T000983,2025-03-07,CHI,P061,1,165.0
V000984,T000983,2025-03-07,CHI,P044,3,22.0
V000985,T000985,2025-03-07,CHI,P042,2,28.0
V000986,T000985,2025-03-07,CHI,P043,3,18.0
V000987,T000987,2025-03-07,CHI,P009,2,85.0
V000988,T000988,2025-03-07,CHI,P024,1,6.0
V000989,T000989,2025-03-07,CHI,P009,1,85.0
V000990,T000989,2025-03-07,CHI,P065,3,30.0
V000991,T000991,2025-03-07,CHI,P005,2,65.0
V000992,T000992,2025-03-07,CHI,P080,1,280.0
V000993,T000993,2025-03-07,CHI,P013,2,45.0
V000994,T000993,2025-03-07,CHI,P041,1,35.0
V000995,T000995,2025-03-07,CHI,P107,3,165.0
V000996,T000996,2025-03-07,CHI,P080,1,280.0
V000997,T000997,2025-03-07,CHI,P103,1,120.0
V000998,T000998,2025-03-07,CHI,P105,1,145.0
V000999,T000998,2025-03-07,CHI,P022,1,150.0
V001000,T001000,2025-03-07,CHI,P009,2,85.0
V001001,T001001,2025-03-07,CHI,P083,1,65.0
V001002,T001002,2025-03-07,CHI,P100,1,1250.0
V001003,T001002,2025-03-07,CHI,P101,2,35.0
V001004,T001002,2025-03-07,CHI,P104,2,95.0
V001005,T001005,2025-03-07,CDMX,P043,1,18.0
V001006,T001005,2025-03-07,CDMX,P064,3,38.0
V001007,T001007,2025-03-07,CDMX,P042,1,28.0
V001008,T001007,2025-03-07,CDMX,P043,1,18.0
V001009,T001007,2025-03-07,CDMX,P028,3,180.0
V001010,T001010,2025-03-07,CDMX,P011,3,210.0
V001011,T001010,2025-03-07,CDMX,P060,3,850.0
V001012,T001012,2025-03-07,CDMX,P043,3,18.0
V001013,T001013,2025-03-07,CDMX,P041,1,35.0
V001014,T001013,2025-03-07,CDMX,P043,2,18.0
V001015,T001013,2025-03-07,CDMX,P008,3,180.0
V001016,T001016,2025-03-07,CDMX,P001,1,145.0
V001017,T001017,2025-03-07,CDMX,P043,2,18.0
V001018,T001018,2025-03-07,CDMX,P064,1,38.0
V001019,T001018,2025-03-07,CDMX,P061,1,165.0
V001020,T001018,2025-03-07,CDMX,P083,1,65.0
V001021,T001021,2025-03-07,MTY,P064,1,38.0
V001022,T001021,2025-03-07,MTY,P061,3,165.0
V001023,T001023,2025-03-07,MTY,P010,2,120.0
V001024,T001023,2025-03-07,MTY,P046,3,280.0
V001025,T001025,2025-03-07,MTY,P063,3,45.0
V001026,T001025,2025-03-07,MTY,P060,3,850.0
V001027,T001027,2025-03-07,MTY,P064,2,38.0
V001028,T001027,2025-03-07,MTY,P061,1,165.0
V001029,T001029,2025-03-07,MTY,P021,3,85.0
V001030,T001029,2025-03-07,MTY,P023,2,40.0
V001031,T001029,2025-03-07,MTY,P007,1,95.0
V001032,T001032,2025-03-07,MTY,P027,1,320.0
V001033,T001033,2025-03-07,MTY,P021,3,85.0
V001034,T001033,2025-03-07,MTY,P023,2,40.0
V001035,T001033,2025-03-07,MTY,P048,1,180.0
V001036,T001036,2025-03-07,MTY,P084,1,18.0
V001037,T001036,2025-03-07,MTY,P086,1,650.0
V001038,T001038,2025-03-07,MTY,P048,3,180.0
V001039,T001038,2025-03-07,MTY,P028,1,180.0
V001040,T001040,2025-03-07,MTY,P103,2,120.0
V001041,T001041,2025-03-07,MTY,P006,1,12.0
V001042,T001042,2025-03-07,MTY,P001,1,145.0
V001043,T001043,2025-03-07,MTY,P064,2,38.0
V001044,T001043,2025-03-07,MTY,P061,1,165.0
V001045,T001043,2025-03-07,MTY,P063,1,45.0
V001046,T001046,2025-03-07,MTY,P001,1,145.0
V001047,T001046,2025-03-07,MTY,P003,2,8.5
V001048,T001048,2025-03-07,MTY,P080,2,280.0
V001049,T001049,2025-03-07,MTY,P041,2,35.0
V001050,T001049,2025-03-07,MTY,P044,1,22.0
V001051,T001051,2025-03-07,MTY,P042,1,28.0
V001052,T001051,2025-03-07,MTY,P043,2,18.0
V001053,T001051,2025-03-07,MTY,P103,1,120.0
V001054,T001054,2025-03-07,MTY,P006,3,12.0
V001055,T001055,2025-03-07,MTY,P022,2,150.0
V001056,T001055,2025-03-07,MTY,P006,1,12.0
V001057,T001057,2025-03-07,MTY,P065,3,30.0
V001058,T001057,2025-03-07,MTY,P063,3,45.0
V001059,T001059,2025-03-07,MTY,P020,3,55.0
V001060,T001059,2025-03-07,MTY,P023,1,40.0
V001061,T001061,2025-03-07,MTY,P063,3,45.0
V001062,T001061,2025-03-07,MTY,P060,1,850.0
V001063,T001063,2025-03-08,CUN,P012,1,980.0
V001064,T001064,2025-03-08,CUN,P064,3,38.0
V001065,T001064,2025-03-08,CUN,P061,2,165.0
V001066,T001064,2025-03-08,CUN,P005,3,65.0
V001067,T001067,2025-03-08,CUN,P100,1,1250.0
V001068,T001067,2025-03-08,CUN,P101,2,35.0
V001069,T001069,2025-03-08,CUN,P011,1,210.0
V001070,T001069,2025-03-08,CUN,P022,2,150.0
V001071,T001071,2025-03-08,CUN,P008,1,180.0
V001072,T001071,2025-03-08,CUN,P044,1,22.0
V001073,T001073,2025-03-08,CUN,P100,1,1250.0
V001074,T001073,2025-03-08,CUN,P101,1,35.0
V001075,T001073,2025-03-08,CUN,P102,2,45.0
V001076,T001076,2025-03-08,CUN,P085,2,980.0
V001077,T001077,2025-03-08,CUN,P041,1,35.0
V001078,T001077,2025-03-08,CUN,P043,1,18.0
V001079,T001077,2025-03-08,CUN,P064,2,38.0
V001080,T001080,2025-03-08,CUN,P001,1,145.0
V001081,T001080,2025-03-08,CUN,P044,2,22.0
V001082,T001082,2025-03-08,CUN,P100,1,1250.0
V001083,T001082,2025-03-08,CUN,P101,1,35.0
V001084,T001084,2025-03-08,MID,P001,1,145.0
V001085,T001084,2025-03-08,MID,P025,3,35.0
V001086,T001086,2025-03-08,MID,P045,1,45.0
V001087,T001086,2025-03-08,MID,P106,3,55.0
V001088,T001088,2025-03-08,MID,P101,1,35.0
V001089,T001089,2025-03-08,MID,P064,3,38.0
V001090,T001089,2025-03-08,MID,P061,3,165.0
V001091,T001089,2025-03-08,MID,P046,1,280.0
V001092,T001092,2025-03-08,MID,P001,2,145.0
V001093,T001093,2025-03-08,MID,P086,1,650.0
V001094,T001093,2025-03-08,MID,P022,2,150.0
V001095,T001095,2025-03-08,MID,P004,1,6.0
V001096,T001096,2025-03-08,MID,P006,2,12.0
V001097,T001096,2025-03-08,MID,P022,2,150.0
V001098,T001098,2025-03-08,MID,P030,2,180.0
V001099,T001098,2025-03-08,MID,P065,1,30.0
V001100,T001100,2025-03-08,CHI,P064,2,38.0
V001101,T001100,2025-03-08,CHI,P061,3,165.0
V001102,T001100,2025-03-08,CHI,P047,1,95.0
V001103,T001103,2025-03-08,CHI,P042,2,28.0
V001104,T001103,2025-03-08,CHI,P043,3,18.0
V001105,T001105,2025-03-08,CHI,P027,1,320.0
V001106,T001105,2025-03-08,CHI,P023,1,40.0
V001107,T001107,2025-03-08,CHI,P021,2,85.0
V001108,T001107,2025-03-08,CHI,P023,1,40.0
V001109,T001107,2025-03-08,CHI,P011,2,210.0
V001110,T001110,2025-03-08,CHI,P063,1,45.0
V001111,T001110,2025-03-08,CHI,P060,2,850.0
V001112,T001112,2025-03-08,CHI,P042,1,28.0
V001113,T001112,2025-03-08,CHI,P043,1,18.0
V001114,T001114,2025-03-08,CHI,P026,3,65.0
V001115,T001115,2025-03-08,CHI,P020,1,55.0
V001116,T001116,2025-03-08,CHI,P041,2,35.0
V001117,T001116,2025-03-08,CHI,P043,2,18.0
V001118,T001118,2025-03-08,CHI,P042,1,28.0
V001119,T001118,2025-03-08,CHI,P043,2,18.0
V001120,T001118,2025-03-08,CHI,P107,2,165.0
V001121,T001121,2025-03-08,CHI,P062,1,320.0
V001122,T001121,2025-03-08,CHI,P040,1,1450.0
V001123,T001123,2025-03-08,CHI,P041,1,35.0
V001124,T001123,2025-03-08,CHI,P043,3,18.0
V001125,T001123,2025-03-08,CHI,P085,3,980.0
V001126,T001126,2025-03-08,CHI,P006,1,12.0
V001127,T001127,2025-03-08,CHI,P005,3,65.0
V001128,T001128,2025-03-08,CHI,P009,1,85.0
V001129,T001128,2025-03-08,CHI,P086,1,650.0
V001130,T001130,2025-03-08,CHI,P100,2,1250.0
V001131,T001130,2025-03-08,CHI,P101,3,35.0
V001132,T001130,2025-03-08,CHI,P103,2,120.0
V001133,T001133,2025-03-08,CDMX,P064,1,38.0
V001134,T001133,2025-03-08,CDMX,P061,1,165.0
V001135,T001133,2025-03-08,CDMX,P020,1,55.0
V001136,T001136,2025-03-08,CDMX,P010,1,120.0
V001137,T001136,2025-03-08,CDMX,P060,3,850.0
V001138,T001138,2025-03-08,CDMX,P064,2,38.0
V001139,T001138,2025-03-08,CDMX,P061,1,165.0
V001140,T001140,2025-03-08,CDMX,P064,2,38.0
V001141,T001140,2025-03-08,CDMX,P061,1,165.0
V001142,T001140,2025-03-08,CDMX,P013,3,45.0
V001143,T001143,2025-03-08,CDMX,P061,2,165.0
V001144,T001144,2025-03-08,CDMX,P029,1,95.0
V001145,T001144,2025-03-08,CDMX,P081,2,65.0
V001146,T001146,2025-03-08,CDMX,P040,2,1450.0
V001147,T001146,2025-03-08,CDMX,P002,1,180.0
V001148,T001148,2025-03-08,CDMX,P042,2,28.0
V001149,T001148,2025-03-08,CDMX,P043,1,18.0
V001150,T001148,2025-03-08,CDMX,P107,2,165.0
V001151,T001151,2025-03-08,CDMX,P011,1,210.0
V001152,T001151,2025-03-08,CDMX,P062,2,320.0
V001153,T001153,2025-03-08,CDMX,P100,1,1250.0
V001154,T001153,2025-03-08,CDMX,P107,2,165.0
V001155,T001155,2025-03-08,CDMX,P104,1,95.0
V001156,T001156,2025-03-08,CDMX,P063,3,45.0
V001157,T001156,2025-03-08,CDMX,P060,1,850.0
V001158,T001158,2025-03-08,CDMX,P002,1,180.0
V001159,T001159,2025-03-08,CDMX,P063,2,45.0
V001160,T001159,2025-03-08,CDMX,P105,2,145.0
V001161,T001161,2025-03-08,CDMX,P100,2,1250.0
V001162,T001161,2025-03-08,CDMX,P101,1,35.0
V001163,T001161,2025-03-08,CDMX,P004,1,6.0
V001164,T001164,2025-03-08,MTY,P028,1,180.0
V001165,T001165,2025-03-08,MTY,P028,1,180.0
V001166,T001166,2025-03-08,MTY,P022,1,150.0
V001167,T001166,2025-03-08,MTY,P023,1,40.0
V001168,T001168,2025-03-08,MTY,P030,1,180.0
V001169,T001169,2025-03-08,MTY,P082,1,25.0
V001170,T001169,2025-03-08,MTY,P006,1,12.0
V001171,T001171,2025-03-08,MTY,P022,2,150.0
V001172,T001171,2025-03-08,MTY,P023,3,40.0
V001173,T001173,2025-03-08,MTY,P081,2,65.0
V001174,T001173,2025-03-08,MTY,P064,3,38.0
V001175,T001175,2025-03-08,MTY,P066,1,55.0
V001176,T001176,2025-03-08,MTY,P105,3,145.0
V001177,T001176,2025-03-08,MTY,P025,1,35.0
V001178,T001178,2025-03-08,MTY,P020,2,55.0
V001179,T001178,2025-03-08,MTY,P023,2,40.0
V001180,T001180,2025-03-08,MTY,P102,1,45.0
V001181,T001181,2025-03-08,MTY,P063,2,45.0
V001182,T001181,2025-03-08,MTY,P060,1,850.0
V001183,T001183,2025-03-08,MTY,P007,1,95.0
V001184,T001184,2025-03-08,MTY,P021,1,85.0
V001185,T001184,2025-03-08,MTY,P023,3,40.0
V001186,T001184,2025-03-08,MTY,P107,1,165.0
V001187,T001187,2025-03-08,MTY,P082,1,25.0
V001188,T001188,2025-03-08,MTY,P023,1,40.0
V001189,T001188,2025-03-08,MTY,P064,1,38.0
V001190,T001190,2025-03-09,CUN,P020,2,55.0
V001191,T001190,2025-03-09,CUN,P023,1,40.0
V001192,T001190,2025-03-09,CUN,P030,2,180.0
V001193,T001193,2025-03-09,CUN,P040,2,1450.0
V001194,T001193,2025-03-09,CUN,P027,2,320.0
V001195,T001195,2025-03-09,CUN,P083,1,65.0
V001196,T001195,2025-03-09,CUN,P040,1,1450.0
V001197,T001197,2025-03-09,CUN,P042,1,28.0
V001198,T001197,2025-03-09,CUN,P043,1,18.0
V001199,T001199,2025-03-09,CUN,P064,1,38.0
V001200,T001199,2025-03-09,CUN,P061,1,165.0
V001201,T001199,2025-03-09,CUN,P006,2,12.0
V001202,T001202,2025-03-09,CUN,P046,2,280.0
V001203,T001203,2025-03-09,CUN,P011,2,210.0
V001204,T001204,2025-03-09,CUN,P021,2,85.0
V001205,T001204,2025-03-09,CUN,P023,3,40.0
V001206,T001204,2025-03-09,CUN,P106,2,55.0
V001207,T001207,2025-03-09,CUN,P086,3,650.0
V001208,T001208,2025-03-09,CUN,P041,2,35.0
V001209,T001208,2025-03-09,CUN,P043,2,18.0
V001210,T001208,2025-03-09,CUN,P027,1,320.0
V001211,T001211,2025-03-09,CUN,P020,3,55.0
V001212,T001211,2025-03-09,CUN,P023,3,40.0
V001213,T001211,2025-03-09,CUN,P025,2,35.0
V001214,T001214,2025-03-09,CUN,P007,1,95.0
V001215,T001214,2025-03-09,CUN,P013,1,45.0
V001216,T001216,2025-03-09,CUN,P008,2,180.0
V001217,T001216,2025-03-09,CUN,P028,3,180.0
V001218,T001218,2025-03-09,CUN,P100,2,1250.0
V001219,T001218,2025-03-09,CUN,P102,1,45.0
V001220,T001218,2025-03-09,CUN,P027,1,320.0
V001221,T001221,2025-03-09,CUN,P023,1,40.0
V001222,T001222,2025-03-09,CUN,P010,3,120.0
V001223,T001223,2025-03-09,CUN,P063,2,45.0
V001224,T001223,2025-03-09,CUN,P060,2,850.0
V001225,T001225,2025-03-09,CUN,P020,2,55.0
V001226,T001225,2025-03-09,CUN,P023,2,40.0
V001227,T001227,2025-03-09,CUN,P083,2,65.0
V001228,T001228,2025-03-09,CUN,P022,3,150.0
V001229,T001228,2025-03-09,CUN,P006,1,12.0
V001230,T001230,2025-03-09,MID,P060,3,850.0
V001231,T001231,2025-03-09,MID,P010,1,120.0
V001232,T001231,2025-03-09,MID,P066,1,55.0
V001233,T001233,2025-03-09,MID,P104,1,95.0
V001234,T001233,2025-03-09,MID,P004,3,6.0
V001235,T001235,2025-03-09,MID,P105,2,145.0
V001236,T001236,2025-03-09,MID,P021,2,85.0
V001237,T001236,2025-03-09,MID,P023,1,40.0
V001238,T001236,2025-03-09,MID,P046,1,280.0
V001239,T001239,2025-03-09,MID,P001,2,145.0
V001240,T001240,2025-03-09,MID,P103,1,120.0
V001241,T001240,2025-03-09,MID,P030,2,180.0
V001242,T001242,2025-03-09,MID,P101,1,35.0
V001243,T001243,2025-03-09,MID,P063,1,45.0
V001244,T001244,2025-03-09,MID,P029,1,95.0
V001245,T001245,2025-03-09,MID,P024,1,6.0
V001246,T001246,2025-03-09,MID,P083,1,65.0
V001247,T001247,2025-03-09,MID,P062,1,320.0
V001248,T001247,2025-03-09,MID,P041,1,35.0
V001249,T001249,2025-03-09,MID,P042,3,28.0
V001250,T001249,2025-03-09,MID,P043,3,18.0
V001251,T001249,2025-03-09,MID,P085,1,980.0
V001252,T001252,2025-03-09,MID,P021,2,85.0
V001253,T001252,2025-03-09,MID,P106,1,55.0
V001254,T001254,2025-03-09,MID,P064,1,38.0
V001255,T001254,2025-03-09,MID,P061,1,165.0
V001256,T001256,2025-03-09,CHI,P064,2,38.0
V001257,T001256,2025-03-09,CHI,P061,1,165.0
V001258,T001258,2025-03-09,CHI,P048,1,180.0
V001259,T001259,2025-03-09,CHI,P100,2,1250.0
V001260,T001259,2025-03-09,CHI,P102,2,45.0
V001261,T001259,2025-03-09,CHI,P081,1,65.0
V001262,T001262,2025-03-09,CHI,P041,1,35.0
V001263,T001262,2025-03-09,CHI,P043,1,18.0
V001264,T001264,2025-03-09,CHI,P030,1,180.0
V001265,T001265,2025-03-09,CHI,P024,1,6.0
V001266,T001266,2025-03-09,CHI,P022,1,150.0
V001267,T001266,2025-03-09,CHI,P048,2,180.0
V001268,T001268,2025-03-09,CHI,P029,1,95.0
V001269,T001268,2025-03-09,CHI,P086,3,650.0
V001270,T001270,2025-03-09,CHI,P006,1,12.0
V001271,T001270,2025-03-09,CHI,P028,2,180.0
V001272,T001272,2025-03-09,CHI,P020,3,55.0
V001273,T001273,2025-03-09,CHI,P041,1,35.0
V001274,T001273,2025-03-09,CHI,P043,3,18.0
V001275,T001273,2025-03-09,CHI,P029,1,95.0
V001276,T001276,2025-03-09,CHI,P009,2,85.0
V001277,T001277,2025-03-09,CHI,P021,1,85.0
V001278,T001277,2025-03-09,CHI,P083,3,65.0
V001279,T001279,2025-03-09,CHI,P081,1,65.0
V001280,T001279,2025-03-09,CHI,P102,2,45.0
V001281,T001281,2025-03-09,CHI,P100,2,1250.0
V001282,T001281,2025-03-09,CHI,P101,2,35.0
V001283,T001281,2025-03-09,CHI,P044,2,22.0
V001284,T001284,2025-03-09,CDMX,P063,2,45.0
V001285,T001284,2025-03-09,CDMX,P060,2,850.0
V001286,T001286,2025-03-09,CDMX,P021,1,85.0
V001287,T001286,2025-03-09,CDMX,P023,3,40.0
V001288,T001286,2025-03-09,CDMX,P026,1,65.0
V001289,T001289,2025-03-09,CDMX,P023,3,40.0
V001290,T001290,2025-03-09,CDMX,P022,1,150.0
V001291,T001290,2025-03-09,CDMX,P023,1,40.0
V001292,T001292,2025-03-09,CDMX,P104,2,95.0
V001293,T001293,2025-03-09,CDMX,P083,2,65.0
V001294,T001293,2025-03-09,CDMX,P002,1,180.0
V001295,T001295,2025-03-09,CDMX,P064,2,38.0
V001296,T001295,2025-03-09,CDMX,P061,3,165.0
V001297,T001295,2025-03-09,CDMX,P066,2,55.0
V001298,T001298,2025-03-09,CDMX,P028,1,180.0
V001299,T001299,2025-03-09,CDMX,P080,3,280.0
V001300,T001300,2025-03-09,MTY,P107,2,165.0
V001301,T001300,2025-03-09,MTY,P062,1,320.0
V001302,T001302,2025-03-09,MTY,P100,2,1250.0
V001303,T001302,2025-03-09,MTY,P101,1,35.0
V001304,T001302,2025-03-09,MTY,P021,3,85.0
V001305,T001305,2025-03-09,MTY,P081,3,65.0
V001306,T001305,2025-03-09,MTY,P028,1,180.0
V001307,T001307,2025-03-09,MTY,P028,2,180.0
V001308,T001307,2025-03-09,MTY,P047,1,95.0
V001309,T001309,2025-03-09,MTY,P080,2,280.0
V001310,T001310,2025-03-09,MTY,P041,3,35.0
V001311,T001310,2025-03-09,MTY,P043,2,18.0
V001312,T001312,2025-03-09,MTY,P042,1,28.0
V001313,T001312,2025-03-09,MTY,P086,1,650.0
V001314,T001314,2025-03-09,MTY,P100,1,1250.0
V001315,T001314,2025-03-09,MTY,P101,1,35.0
V001316,T001316,2025-03-09,MTY,P080,1,280.0
V001317,T001317,2025-03-09,MTY,P001,1,145.0
V001318,T001317,2025-03-09,MTY,P020,2,55.0
V001319,T001319,2025-03-09,MTY,P047,1,95.0
V001320,T001320,2025-03-09,MTY,P064,2,38.0
V001321,T001320,2025-03-09,MTY,P061,2,165.0
V001322,T001322,2025-03-09,MTY,P040,3,1450.0
V001323,T001322,2025-03-09,MTY,P044,1,22.0
V001324,T001324,2025-03-10,CUN,P101,1,35.0
V001325,T001325,2025-03-10,CUN,P020,1,55.0
V001326,T001325,2025-03-10,CUN,P023,1,40.0
V001327,T001327,2025-03-10,CUN,P029,2,95.0
V001328,T001327,2025-03-10,CUN,P007,2,95.0
V001329,T001329,2025-03-10,CUN,P021,1,85.0
V001330,T001329,2025-03-10,CUN,P023,1,40.0
V001331,T001331,2025-03-10,CUN,P060,1,850.0
V001332,T001332,2025-03-10,CUN,P083,1,65.0
V001333,T001333,2025-03-10,CUN,P047,2,95.0
V001334,T001333,2025-03-10,CUN,P021,1,85.0
V001335,T001335,2025-03-10,CUN,P022,2,150.0
V001336,T001335,2025-03-10,CUN,P023,1,40.0
V001337,T001335,2025-03-10,CUN,P002,1,180.0
V001338,T001338,2025-03-10,MID,P103,1,120.0
V001339,T001338,2025-03-10,MID,P085,2,980.0
V001340,T001340,2025-03-10,MID,P065,3,30.0
V001341,T001341,2025-03-10,MID,P020,2,55.0
V001342,T001341,2025-03-10,MID,P023,2,40.0
V001343,T001341,2025-03-10,MID,P008,1,180.0
V001344,T001344,2025-03-10,MID,P046,1,280.0
V001345,T001345,2025-03-10,MID,P080,1,280.0
V001346,T001345,2025-03-10,MID,P030,3,180.0
V001347,T001347,2025-03-10,MID,P066,1,55.0
V001348,T001348,2025-03-10,MID,P001,2,145.0
V001349,T001348,2025-03-10,MID,P080,1,280.0
V001350,T001350,2025-03-10,MID,P102,1,45.0
V001351,T001350,2025-03-10,MID,P045,1,45.0
V001352,T001352,2025-03-10,MID,P025,1,35.0
V001353,T001352,2025-03-10,MID,P046,3,280.0
V001354,T001354,2025-03-10,MID,P028,1,180.0
V001355,T001354,2025-03-10,MID,P001,1,145.0
V001356,T001356,2025-03-10,MID,P082,2,25.0
V001357,T001356,2025-03-10,MID,P104,1,95.0
V001358,T001358,2025-03-10,MID,P007,3,95.0
V001359,T001359,2025-03-10,MID,P042,1,28.0
V001360,T001359,2025-03-10,MID,P043,1,18.0
V001361,T001359,2025-03-10,MID,P004,1,6.0
V001362,T001362,2025-03-10,CHI,P027,1,320.0
V001363,T001362,2025-03-10,CHI,P007,1,95.0
V001364,T001364,2025-03-10,CHI,P082,1,25.0
V001365,T001365,2025-03-10,CHI,P024,1,6.0
V001366,T001366,2025-03-10,CHI,P062,2,320.0
V001367,T001366,2025-03-10,CHI,P028,1,180.0
V001368,T001368,2025-03-10,CHI,P084,2,18.0
V001369,T001369,2025-03-10,CHI,P104,3,95.0
V001370,T001369,2025-03-10,CHI,P008,1,180.0
V001371,T001371,2025-03-10,CHI,P107,2,165.0
V001372,T001371,2025-03-10,CHI,P029,2,95.0
V001373,T001373,2025-03-10,CHI,P083,1,65.0
V001374,T001373,2025-03-10,CHI,P060,2,850.0
V001375,T001375,2025-03-10,CHI,P022,2,150.0
V001376,T001375,2025-03-10,CHI,P023,2,40.0
V001377,T001375,2025-03-10,CHI,P041,1,35.0
V001378,T001378,2025-03-10,CHI,P063,2,45.0
V001379,T001378,2025-03-10,CHI,P060,3,850.0
V001380,T001378,2025-03-10,CHI,P100,2,1250.0
V001381,T001381,2025-03-10,CHI,P021,3,85.0
V001382,T001382,2025-03-10,CHI,P060,3,850.0
V001383,T001383,2025-03-10,CHI,P043,1,18.0
V001384,T001384,2025-03-10,CDMX,P064,2,38.0
V001385,T001384,2025-03-10,CDMX,P061,1,165.0
V001386,T001384,2025-03-10,CDMX,P086,1,650.0
V001387,T001387,2025-03-10,CDMX,P011,2,210.0
V001388,T001388,2025-03-10,CDMX,P011,1,210.0
V001389,T001388,2025-03-10,CDMX,P041,1,35.0
V001390,T001390,2025-03-10,CDMX,P004,2,6.0
V001391,T001391,2025-03-10,CDMX,P041,1,35.0
V001392,T001392,2025-03-10,CDMX,P104,1,95.0
V001393,T001393,2025-03-10,CDMX,P044,3,22.0
V001394,T001393,2025-03-10,CDMX,P107,3,165.0
V001395,T001395,2025-03-10,CDMX,P064,1,38.0
V001396,T001395,2025-03-10,CDMX,P061,1,165.0
V001397,T001395,2025-03-10,CDMX,P045,2,45.0
V001398,T001398,2025-03-10,CDMX,P080,1,280.0
V001399,T001398,2025-03-10,CDMX,P043,3,18.0
V001400,T001400,2025-03-10,CDMX,P028,1,180.0
V001401,T001400,2025-03-10,CDMX,P004,2,6.0
V001402,T001402,2025-03-10,CDMX,P100,1,1250.0
V001403,T001402,2025-03-10,CDMX,P101,3,35.0
V001404,T001404,2025-03-10,CDMX,P007,1,95.0
V001405,T001405,2025-03-10,CDMX,P063,1,45.0
V001406,T001405,2025-03-10,CDMX,P060,2,850.0
V001407,T001407,2025-03-10,CDMX,P084,2,18.0
V001408,T001407,2025-03-10,CDMX,P102,1,45.0
V001409,T001409,2025-03-10,CDMX,P100,1,1250.0
V001410,T001410,2025-03-10,MTY,P013,1,45.0
V001411,T001410,2025-03-10,MTY,P086,2,650.0
V001412,T001412,2025-03-10,MTY,P013,1,45.0
V001413,T001413,2025-03-10,MTY,P003,3,8.5
V001414,T001414,2025-03-10,MTY,P102,2,45.0
V001415,T001415,2025-03-10,MTY,P048,2,180.0
V001416,T001415,2025-03-10,MTY,P042,3,28.0
V001417,T001417,2025-03-10,MTY,P064,2,38.0
V001418,T001417,2025-03-10,MTY,P061,2,165.0
V001419,T001419,2025-03-10,MTY,P012,1,980.0
V001420,T001420,2025-03-10,MTY,P009,2,85.0
V001421,T001420,2025-03-10,MTY,P062,1,320.0
V001422,T001422,2025-03-10,MTY,P040,3,1450.0
V001423,T001422,2025-03-10,MTY,P060,1,850.0
V001424,T001424,2025-03-10,MTY,P063,2,45.0
V001425,T001424,2025-03-10,MTY,P060,1,850.0
V001426,T001426,2025-03-10,MTY,P100,1,1250.0
V001427,T001426,2025-03-10,MTY,P102,3,45.0
V001428,T001426,2025-03-10,MTY,P064,3,38.0
V001429,T001429,2025-03-10,MTY,P080,3,280.0
V001430,T001429,2025-03-10,MTY,P020,1,55.0
V001431,T001431,2025-03-11,CUN,P022,3,150.0
V001432,T001431,2025-03-11,CUN,P023,1,40.0
V001433,T001433,2025-03-11,CUN,P084,3,18.0
V001434,T001434,2025-03-11,CUN,P063,2,45.0
V001435,T001434,2025-03-11,CUN,P060,2,850.0
V001436,T001436,2025-03-11,CUN,P085,2,980.0
V001437,T001436,2025-03-11,CUN,P065,1,30.0
V001438,T001438,2025-03-11,CUN,P043,2,18.0
V001439,T001439,2025-03-11,CUN,P064,1,38.0
V001440,T001439,2025-03-11,CUN,P061,1,165.0
V001441,T001441,2025-03-11,CUN,P011,3,210.0
V001442,T001442,2025-03-11,CUN,P020,1,55.0
V001443,T001442,2025-03-11,CUN,P023,1,40.0
V001444,T001444,2025-03-11,CUN,P003,2,8.5
V001445,T001444,2025-03-11,CUN,P040,3,1450.0
V001446,T001446,2025-03-11,CUN,P021,2,85.0
V001447,T001447,2025-03-11,CUN,P012,2,980.0
V001448,T001448,2025-03-11,CUN,P062,2,320.0
V001449,T001448,2025-03-11,CUN,P022,2,150.0
V001450,T001450,2025-03-11,CUN,P080,3,280.0
V001451,T001451,2025-03-11,CUN,P007,3,95.0
V001452,T001451,2025-03-11,CUN,P020,1,55.0
V001453,T001453,2025-03-11,CUN,P022,1,150.0
V001454,T001453,2025-03-11,CUN,P023,2,40.0
V001455,T001455,2025-03-11,CUN,P042,1,28.0
V001456,T001455,2025-03-11,CUN,P043,1,18.0
V001457,T001457,2025-03-11,CUN,P023,1,40.0
V001458,T001457,2025-03-11,CUN,P041,1,35.0
V001459,T001459,2025-03-11,CUN,P063,3,45.0
V001460,T001459,2025-03-11,CUN,P060,2,850.0
V001461,T001461,2025-03-11,MID,P047,2,95.0
V001462,T001462,2025-03-11,MID,P062,2,320.0
V001463,T001463,2025-03-11,MID,P100,2,1250.0
V001464,T001463,2025-03-11,MID,P102,1,45.0
V001465,T001463,2025-03-11,MID,P046,1,280.0
V001466,T001466,2025-03-11,MID,P041,1,35.0
V001467,T001466,2025-03-11,MID,P043,1,18.0
V001468,T001468,2025-03-11,MID,P100,3,1250.0
V001469,T001468,2025-03-11,MID,P102,1,45.0
V001470,T001468,2025-03-11,MID,P046,1,280.0
V001471,T001471,2025-03-11,MID,P044,2,22.0
V001472,T001471,2025-03-11,MID,P048,1,180.0
V001473,T001473,2025-03-11,MID,P083,2,65.0
V001474,T001474,2025-03-11,MID,P008,1,180.0
V001475,T001474,2025-03-11,MID,P046,1,280.0
V001476,T001476,2025-03-11,MID,P105,2,145.0
V001477,T001477,2025-03-11,MID,P044,3,22.0
V001478,T001477,2025-03-11,MID,P025,1,35.0
V001479,T001479,2025-03-11,MID,P021,1,85.0
V001480,T001479,2025-03-11,MID,P023,2,40.0
V001481,T001481,2025-03-11,MID,P080,1,280.0
V001482,T001481,2025-03-11,MID,P061,3,165.0
V001483,T001483,2025-03-11,MID,P007,3,95.0
V001484,T001483,2025-03-11,MID,P084,2,18.0
V001485,T001485,2025-03-11,MID,P005,1,65.0
V001486,T001486,2025-03-11,MID,P063,1,45.0
V001487,T001486,2025-03-11,MID,P060,1,850.0
V001488,T001486,2025-03-11,MID,P006,2,12.0
V001489,T001489,2025-03-11,MID,P041,2,35.0
V001490,T001489,2025-03-11,MID,P043,2,18.0
V001491,T001491,2025-03-11,MID,P041,3,35.0
V001492,T001491,2025-03-11,MID,P001,1,145.0
V001493,T001493,2025-03-11,MID,P081,1,65.0
V001494,T001494,2025-03-11,MID,P064,1,38.0
V001495,T001494,2025-03-11,MID,P085,2,980.0
V001496,T001496,2025-03-11,MID,P042,1,28.0
V001497,T001496,2025-03-11,MID,P043,2,18.0
V001498,T001498,2025-03-11,MID,P005,3,65.0
V001499,T001498,2025-03-11,MID,P022,2,150.0
V001500,T001500,2025-03-11,CHI,P061,1,165.0
V001501,T001501,2025-03-11,CHI,P103,3,120.0
V001502,T001502,2025-03-11,CHI,P001,2,145.0
V001503,T001503,2025-03-11,CHI,P006,3,12.0
V001504,T001503,2025-03-11,CHI,P066,1,55.0
V001505,T001505,2025-03-11,CHI,P100,2,1250.0
V001506,T001505,2025-03-11,CHI,P102,1,45.0
V001507,T001505,2025-03-11,CHI,P012,1,980.0
V001508,T001508,2025-03-11,CHI,P020,2,55.0
V001509,T001508,2025-03-11,CHI,P023,2,40.0
V001510,T001510,2025-03-11,CHI,P005,1,65.0
V001511,T001511,2025-03-11,CHI,P100,1,1250.0
V001512,T001511,2025-03-11,CHI,P101,1,35.0
V001513,T001513,2025-03-11,CHI,P022,1,150.0
V001514,T001513,2025-03-11,CHI,P060,1,850.0
V001515,T001515,2025-03-11,CHI,P028,1,180.0
V001516,T001516,2025-03-11,CHI,P010,1,120.0
V001517,T001517,2025-03-11,CHI,P043,1,18.0
V001518,T001517,2025-03-11,CHI,P025,3,35.0
V001519,T001519,2025-03-11,CHI,P043,3,18.0
V001520,T001519,2025-03-11,CHI,P028,3,180.0
V001521,T001521,2025-03-11,CHI,P100,1,1250.0
V001522,T001521,2025-03-11,CHI,P101,2,35.0
V001523,T001521,2025-03-11,CHI,P028,2,180.0
V001524,T001524,2025-03-11,CHI,P021,1,85.0
V001525,T001524,2025-03-11,CHI,P023,2,40.0
V001526,T001526,2025-03-11,CHI,P021,1,85.0
V001527,T001526,2025-03-11,CHI,P023,2,40.0
V001528,T001528,2025-03-11,CHI,P105,2,145.0
V001529,T001529,2025-03-11,CHI,P020,2,55.0
V001530,T001530,2025-03-11,CHI,P100,1,1250.0
V001531,T001530,2025-03-11,CHI,P102,2,45.0
V001532,T001530,2025-03-11,CHI,P081,1,65.0
V001533,T001533,2025-03-11,CHI,P064,1,38.0
V001534,T001534,2025-03-11,CDMX,P048,1,180.0
V001535,T001534,2025-03-11,CDMX,P028,3,180.0
V001536,T001536,2025-03-11,CDMX,P022,1,150.0
V001537,T001536,2025-03-11,CDMX,P023,2,40.0
V001538,T001538,2025-03-11,CDMX,P022,2,150.0
V001539,T001538,2025-03-11,CDMX,P023,1,40.0
V001540,T001540,2025-03-11,CDMX,P100,1,1250.0
V001541,T001540,2025-03-11,CDMX,P101,1,35.0
V001542,T001540,2025-03-11,CDMX,P021,3,85.0
V001543,T001543,2025-03-11,CDMX,P063,1,45.0
V001544,T001543,2025-03-11,CDMX,P060,1,850.0
V001545,T001543,2025-03-11,CDMX,P103,3,120.0
V001546,T001546,2025-03-11,CDMX,P100,1,1250.0
V001547,T001546,2025-03-11,CDMX,P102,3,45.0
V001548,T001548,2025-03-11,CDMX,P100,2,1250.0
V001549,T001548,2025-03-11,CDMX,P102,3,45.0
V001550,T001550,2025-03-11,CDMX,P006,2,12.0
V001551,T001550,2025-03-11,CDMX,P102,2,45.0
V001552,T001552,2025-03-11,CDMX,P060,2,850.0
V001553,T001553,2025-03-11,CDMX,P022,2,150.0
V001554,T001553,2025-03-11,CDMX,P023,3,40.0
V001555,T001553,2025-03-11,CDMX,P020,1,55.0
V001556,T001556,2025-03-11,MTY,P022,1,150.0
V001557,T001556,2025-03-11,MTY,P023,3,40.0
V001558,T001556,2025-03-11,MTY,P065,1,30.0
V001559,T001559,2025-03-11,MTY,P062,1,320.0
V001560,T001559,2025-03-11,MTY,P041,2,35.0
V001561,T001561,2025-03-11,MTY,P064,2,38.0
V001562,T001561,2025-03-11,MTY,P061,2,165.0
V001563,T001561,2025-03-11,MTY,P003,1,8.5
V001564,T001564,2025-03-11,MTY,P100,1,1250.0
V001565,T001564,2025-03-11,MTY,P102,1,45.0
V001566,T001564,2025-03-11,MTY,P047,1,95.0
V001567,T001567,2025-03-11,MTY,P060,2,850.0
V001568,T001568,2025-03-11,MTY,P080,3,280.0
V001569,T001568,2025-03-11,MTY,P065,1,30.0
V001570,T001570,2025-03-11,MTY,P020,2,55.0
V001571,T001570,2025-03-11,MTY,P107,1,165.0
V001572,T001572,2025-03-11,MTY,P064,2,38.0
V001573,T001572,2025-03-11,MTY,P061,1,165.0
V001574,T001574,2025-03-11,MTY,P048,1,180.0
V001575,T001574,2025-03-11,MTY,P065,2,30.0
V001576,T001576,2025-03-11,MTY,P005,1,65.0
V001577,T001576,2025-03-11,MTY,P028,1,180.0
V001578,T001578,2025-03-11,MTY,P100,1,1250.0
V001579,T001578,2025-03-11,MTY,P102,2,45.0
V001580,T001580,2025-03-12,CUN,P020,2,55.0
V001581,T001580,2025-03-12,CUN,P023,2,40.0
V001582,T001582,2025-03-12,CUN,P006,2,12.0
V001583,T001582,2025-03-12,CUN,P009,2,85.0
V001584,T001584,2025-03-12,CUN,P102,2,45.0
V001585,T001585,2025-03-12,CUN,P030,3,180.0
V001586,T001586,2025-03-12,CUN,P021,2,85.0
V001587,T001587,2025-03-12,CUN,P040,3,1450.0
V001588,T001587,2025-03-12,CUN,P082,2,25.0
V001589,T001589,2025-03-12,CUN,P022,1,150.0
V001590,T001589,2025-03-12,CUN,P023,1,40.0
V001591,T001589,2025-03-12,CUN,P066,2,55.0
V001592,T001592,2025-03-12,CUN,P042,3,28.0
V001593,T001592,2025-03-12,CUN,P001,1,145.0
V001594,T001594,2025-03-12,CUN,P008,2,180.0
V001595,T001595,2025-03-12,MID,P063,2,45.0
V001596,T001595,2025-03-12,MID,P060,3,850.0
V001597,T001595,2025-03-12,MID,P007,2,95.0
V001598,T001598,2025-03-12,MID,P100,1,1250.0
V001599,T001598,2025-03-12,MID,P102,3,45.0
V001600,T001598,2025-03-12,MID,P027,2,320.0
V001601,T001601,2025-03-12,MID,P042,2,28.0
V001602,T001602,2025-03-12,MID,P030,2,180.0
V001603,T001603,2025-03-12,MID,P042,3,28.0
V001604,T001603,2025-03-12,MID,P043,2,18.0
V001605,T001605,2025-03-12,MID,P107,1,165.0
V001606,T001606,2025-03-12,MID,P044,1,22.0
V001607,T001607,2025-03-12,MID,P100,2,1250.0
V001608,T001607,2025-03-12,MID,P102,2,45.0
V001609,T001607,2025-03-12,MID,P027,3,320.0
V001610,T001610,2025-03-12,MID,P004,1,6.0
V001611,T001610,2025-03-12,MID,P106,1,55.0
V001612,T001612,2025-03-12,MID,P046,2,280.0
V001613,T001613,2025-03-12,MID,P042,1,28.0
V001614,T001613,2025-03-12,MID,P043,3,18.0
V001615,T001613,2025-03-12,MID,P006,2,12.0
V001616,T001616,2025-03-12,MID,P041,2,35.0
V001617,T001617,2025-03-12,MID,P020,1,55.0
V001618,T001617,2025-03-12,MID,P023,3,40.0
V001619,T001619,2025-03-12,MID,P001,2,145.0
V001620,T001619,2025-03-12,MID,P060,1,850.0
V001621,T001621,2025-03-12,MID,P100,1,1250.0
V001622,T001621,2025-03-12,MID,P102,2,45.0
V001623,T001623,2025-03-12,MID,P020,1,55.0
V001624,T001623,2025-03-12,MID,P023,1,40.0
V001625,T001623,2025-03-12,MID,P060,1,850.0
V001626,T001626,2025-03-12,MID,P029,2,95.0
V001627,T001627,2025-03-12,MID,P060,1,850.0
V001628,T001627,2025-03-12,MID,P063,2,45.0
V001629,T001629,2025-03-12,CHI,P062,1,320.0
V001630,T001630,2025-03-12,CHI,P042,2,28.0
V001631,T001630,2025-03-12,CHI,P043,2,18.0
V001632,T001630,2025-03-12,CHI,P106,2,55.0
V001633,T001633,2025-03-12,CHI,P022,1,150.0
V001634,T001633,2025-03-12,CHI,P023,2,40.0
V001635,T001633,2025-03-12,CHI,P007,1,95.0
V001636,T001636,2025-03-12,CHI,P021,1,85.0
V001637,T001636,2025-03-12,CHI,P023,2,40.0
V001638,T001638,2025-03-12,CHI,P063,2,45.0
V001639,T001638,2025-03-12,CHI,P029,2,95.0
V001640,T001640,2025-03-12,CHI,P022,2,150.0
V001641,T001641,2025-03-12,CHI,P064,2,38.0
V001642,T001642,2025-03-12,CHI,P021,1,85.0
V001643,T001642,2025-03-12,CHI,P023,3,40.0
V001644,T001642,2025-03-12,CHI,P082,3,25.0
V001645,T001645,2025-03-12,CHI,P063,2,45.0
V001646,T001645,2025-03-12,CHI,P060,1,850.0
V001647,T001645,2025-03-12,CHI,P028,3,180.0
V001648,T001648,2025-03-12,CHI,P022,3,150.0
V001649,T001648,2025-03-12,CHI,P028,1,180.0
V001650,T001650,2025-03-12,CHI,P022,2,150.0
V001651,T001650,2025-03-12,CHI,P023,1,40.0
V001652,T001650,2025-03-12,CHI,P028,1,180.0
V001653,T001653,2025-03-12,CHI,P083,1,65.0
V001654,T001654,2025-03-12,CDMX,P022,1,150.0
V001655,T001655,2025-03-12,CDMX,P041,2,35.0
V001656,T001655,2025-03-12,CDMX,P043,1,18.0
V001657,T001657,2025-03-12,CDMX,P021,3,85.0
V001658,T001657,2025-03-12,CDMX,P023,2,40.0
V001659,T001657,2025-03-12,CDMX,P005,2,65.0
V001660,T001660,2025-03-12,CDMX,P100,2,1250.0
V001661,T001660,2025-03-12,CDMX,P102,1,45.0
V001662,T001662,2025-03-12,CDMX,P047,2,95.0
V001663,T001663,2025-03-12,CDMX,P047,2,95.0
V001664,T001663,2025-03-12,CDMX,P080,1,280.0
V001665,T001665,2025-03-12,CDMX,P002,2,180.0
V001666,T001666,2025-03-12,CDMX,P061,3,165.0
V001667,T001666,2025-03-12,CDMX,P028,1,180.0
V001668,T001668,2025-03-12,CDMX,P008,2,180.0
V001669,T001669,2025-03-12,CDMX,P020,2,55.0
V001670,T001669,2025-03-12,CDMX,P023,1,40.0
V001671,T001671,2025-03-12,CDMX,P042,1,28.0
V001672,T001671,2025-03-12,CDMX,P043,2,18.0
V001673,T001671,2025-03-12,CDMX,P021,2,85.0
V001674,T001674,2025-03-12,CDMX,P022,3,150.0
V001675,T001674,2025-03-12,CDMX,P023,1,40.0
V001676,T001674,2025-03-12,CDMX,P020,1,55.0
V001677,T001677,2025-03-12,CDMX,P024,2,6.0
V001678,T001677,2025-03-12,CDMX,P047,3,95.0
V001679,T001679,2025-03-12,CDMX,P021,1,85.0
V001680,T001679,2025-03-12,CDMX,P023,2,40.0
V001681,T001681,2025-03-12,CDMX,P040,3,1450.0
V001682,T001681,2025-03-12,CDMX,P083,1,65.0
V001683,T001683,2025-03-12,MTY,P012,3,980.0
V001684,T001683,2025-03-12,MTY,P008,2,180.0
V001685,T001685,2025-03-12,MTY,P027,1,320.0
V001686,T001686,2025-03-12,MTY,P020,1,55.0
V001687,T001686,2025-03-12,MTY,P023,1,40.0
V001688,T001686,2025-03-12,MTY,P064,1,38.0
V001689,T001689,2025-03-12,MTY,P080,1,280.0
V001690,T001689,2025-03-12,MTY,P066,1,55.0
V001691,T001691,2025-03-12,MTY,P013,3,45.0
V001692,T001691,2025-03-12,MTY,P007,2,95.0
V001693,T001693,2025-03-12,MTY,P100,1,1250.0
V001694,T001693,2025-03-12,MTY,P102,1,45.0
V001695,T001693,2025-03-12,MTY,P081,3,65.0
V001696,T001696,2025-03-12,MTY,P102,1,45.0
V001697,T001697,2025-03-12,MTY,P013,1,45.0
V001698,T001698,2025-03-12,MTY,P080,1,280.0
V001699,T001699,2025-03-12,MTY,P066,1,55.0
V001700,T001700,2025-03-12,MTY,P063,1,45.0
V001701,T001700,2025-03-12,MTY,P060,3,850.0
V001702,T001700,2025-03-12,MTY,P025,1,35.0
V001703,T001703,2025-03-12,MTY,P041,1,35.0
V001704,T001703,2025-03-12,MTY,P029,3,95.0
V001705,T001705,2025-03-12,MTY,P044,1,22.0
V001706,T001705,2025-03-12,MTY,P012,1,980.0
V001707,T001707,2025-03-12,MTY,P082,3,25.0
V001708,T001707,2025-03-12,MTY,P066,1,55.0
V001709,T001709,2025-03-12,MTY,P064,2,38.0
V001710,T001709,2025-03-12,MTY,P061,2,165.0
V001711,T001709,2025-03-12,MTY,P005,1,65.0
V001712,T001712,2025-03-13,CUN,P060,1,850.0
V001713,T001713,2025-03-13,CUN,P022,2,150.0
V001714,T001713,2025-03-13,CUN,P023,1,40.0
V001715,T001713,2025-03-13,CUN,P103,1,120.0
V001716,T001716,2025-03-13,CUN,P042,2,28.0
V001717,T001716,2025-03-13,CUN,P043,1,18.0
V001718,T001716,2025-03-13,CUN,P009,1,85.0
V001719,T001719,2025-03-13,CUN,P063,1,45.0
V001720,T001719,2025-03-13,CUN,P060,2,850.0
V001721,T001721,2025-03-13,CUN,P061,2,165.0
V001722,T001722,2025-03-13,CUN,P084,2,18.0
V001723,T001723,2025-03-13,CUN,P080,2,280.0
V001724,T001724,2025-03-13,CUN,P080,1,280.0
V001725,T001725,2025-03-13,MID,P100,1,1250.0
V001726,T001725,2025-03-13,MID,P102,1,45.0
V001727,T001725,2025-03-13,MID,P007,2,95.0
V001728,T001728,2025-03-13,MID,P042,1,28.0
V001729,T001728,2025-03-13,MID,P043,1,18.0
V001730,T001728,2025-03-13,MID,P045,1,45.0
V001731,T001731,2025-03-13,MID,P001,2,145.0
V001732,T001732,2025-03-13,MID,P046,1,280.0
V001733,T001732,2025-03-13,MID,P066,2,55.0
V001734,T001734,2025-03-13,MID,P020,1,55.0
V001735,T001734,2025-03-13,MID,P023,2,40.0
V001736,T001736,2025-03-13,MID,P043,3,18.0
V001737,T001736,2025-03-13,MID,P012,3,980.0
V001738,T001738,2025-03-13,MID,P080,1,280.0
V001739,T001738,2025-03-13,MID,P030,2,180.0
V001740,T001740,2025-03-13,MID,P066,3,55.0
V001741,T001741,2025-03-13,MID,P100,2,1250.0
V001742,T001741,2025-03-13,MID,P102,1,45.0
V001743,T001743,2025-03-13,MID,P012,2,980.0
V001744,T001743,2025-03-13,MID,P008,2,180.0
V001745,T001745,2025-03-13,MID,P084,1,18.0
V001746,T001746,2025-03-13,MID,P022,1,150.0
V001747,T001746,2025-03-13,MID,P023,1,40.0
V001748,T001746,2025-03-13,MID,P045,1,45.0
V001749,T001749,2025-03-13,MID,P100,1,1250.0
V001750,T001749,2025-03-13,MID,P101,1,35.0
V001751,T001751,2025-03-13,MID,P100,2,1250.0
V001752,T001751,2025-03-13,MID,P101,1,35.0
V001753,T001751,2025-03-13,MID,P030,2,180.0
V001754,T001754,2025-03-13,MID,P003,1,8.5
V001755,T001754,2025-03-13,MID,P085,1,980.0
V001756,T001756,2025-03-13,MID,P064,1,38.0
V001757,T001756,2025-03-13,MID,P061,1,165.0
V001758,T001756,2025-03-13,MID,P041,2,35.0
V001759,T001759,2025-03-13,MID,P008,3,180.0
V001760,T001760,2025-03-13,MID,P100,1,1250.0
V001761,T001760,2025-03-13,MID,P101,2,35.0
V001762,T001760,2025-03-13,MID,P107,3,165.0
V001763,T001763,2025-03-13,MID,P060,1,850.0
V001764,T001764,2025-03-13,MID,P083,1,65.0
V001765,T001765,2025-03-13,MID,P020,2,55.0
V001766,T001765,2025-03-13,MID,P023,2,40.0
V001767,T001767,2025-03-13,MID,P100,1,1250.0
V001768,T001767,2025-03-13,MID,P101,1,35.0
V001769,T001769,2025-03-13,CHI,P041,1,35.0
V001770,T001769,2025-03-13,CHI,P043,3,18.0
V001771,T001771,2025-03-13,CHI,P001,1,145.0
V001772,T001771,2025-03-13,CHI,P023,2,40.0
V001773,T001773,2025-03-13,CHI,P001,2,145.0
V001774,T001774,2025-03-13,CHI,P046,1,280.0
V001775,T001775,2025-03-13,CHI,P001,2,145.0
V001776,T001775,2025-03-13,CHI,P006,1,12.0
V001777,T001777,2025-03-13,CHI,P101,1,35.0
V001778,T001778,2025-03-13,CHI,P002,2,180.0
V001779,T001778,2025-03-13,CHI,P020,3,55.0
V001780,T001780,2025-03-13,CHI,P104,3,95.0
V001781,T001781,2025-03-13,CHI,P064,1,38.0
V001782,T001781,2025-03-13,CHI,P061,2,165.0
V001783,T001781,2025-03-13,CHI,P008,3,180.0
V001784,T001784,2025-03-13,CHI,P025,2,35.0
V001785,T001785,2025-03-13,CHI,P022,1,150.0
V001786,T001785,2025-03-13,CHI,P023,3,40.0
V001787,T001787,2025-03-13,CHI,P106,2,55.0
V001788,T001788,2025-03-13,CHI,P100,1,1250.0
V001789,T001788,2025-03-13,CHI,P102,2,45.0
V001790,T001788,2025-03-13,CHI,P024,1,6.0
V001791,T001791,2025-03-13,CHI,P102,2,45.0
V001792,T001792,2025-03-13,CHI,P002,1,180.0
V001793,T001793,2025-03-13,CHI,P022,2,150.0
V001794,T001793,2025-03-13,CHI,P005,2,65.0
V001795,T001795,2025-03-13,CHI,P100,1,1250.0
V001796,T001795,2025-03-13,CHI,P101,2,35.0
V001797,T001797,2025-03-13,CHI,P064,1,38.0
V001798,T001797,2025-03-13,CHI,P061,1,165.0
V001799,T001799,2025-03-13,CHI,P005,1,65.0
V001800,T001799,2025-03-13,CHI,P104,1,95.0
V001801,T001801,2025-03-13,CHI,P100,3,1250.0
V001802,T001801,2025-03-13,CHI,P101,2,35.0
V001803,T001801,2025-03-13,CHI,P003,3,8.5
V001804,T001804,2025-03-13,CHI,P066,1,55.0
V001805,T001805,2025-03-13,CHI,P041,1,35.0
V001806,T001805,2025-03-13,CHI,P043,1,18.0
V001807,T001807,2025-03-13,CDMX,P081,1,65.0
V001808,T001807,2025-03-13,CDMX,P101,2,35.0
V001809,T001809,2025-03-13,CDMX,P004,2,6.0
V001810,T001809,2025-03-13,CDMX,P066,1,55.0
V001811,T001811,2025-03-13,CDMX,P004,1,6.0
V001812,T001812,2025-03-13,CDMX,P086,1,650.0
V001813,T001812,2025-03-13,CDMX,P025,2,35.0
V001814,T001814,2025-03-13,CDMX,P041,1,35.0
V001815,T001814,2025-03-13,CDMX,P043,1,18.0
V001816,T001816,2025-03-13,CDMX,P022,1,150.0
V001817,T001817,2025-03-13,CDMX,P062,3,320.0
V001818,T001817,2025-03-13,CDMX,P007,2,95.0
V001819,T001819,2025-03-13,CDMX,P024,1,6.0
V001820,T001820,2025-03-13,CDMX,P062,1,320.0
V001821,T001820,2025-03-13,CDMX,P027,2,320.0
V001822,T001822,2025-03-13,CDMX,P044,1,22.0
V001823,T001823,2025-03-13,CDMX,P027,2,320.0
V001824,T001824,2025-03-13,CDMX,P043,1,18.0
V001825,T001825,2025-03-13,CDMX,P063,2,45.0
V001826,T001826,2025-03-13,CDMX,P100,2,1250.0
V001827,T001826,2025-03-13,CDMX,P106,2,55.0
V001828,T001828,2025-03-13,CDMX,P020,2,55.0
V001829,T001828,2025-03-13,CDMX,P023,1,40.0
V001830,T001830,2025-03-13,CDMX,P026,1,65.0
V001831,T001830,2025-03-13,CDMX,P107,1,165.0
V001832,T001832,2025-03-13,CDMX,P042,2,28.0
V001833,T001832,2025-03-13,CDMX,P043,2,18.0
V001834,T001834,2025-03-13,CDMX,P063,1,45.0
V001835,T001834,2025-03-13,CDMX,P003,1,8.5
V001836,T001836,2025-03-13,CDMX,P063,1,45.0
V001837,T001836,2025-03-13,CDMX,P060,1,850.0
V001838,T001838,2025-03-13,CDMX,P042,1,28.0
V001839,T001838,2025-03-13,CDMX,P043,3,18.0
V001840,T001838,2025-03-13,CDMX,P028,1,180.0
V001841,T001841,2025-03-13,CDMX,P103,3,120.0
V001842,T001841,2025-03-13,CDMX,P041,3,35.0
V001843,T001843,2025-03-13,CDMX,P007,1,95.0
V001844,T001844,2025-03-13,MTY,P063,1,45.0
V001845,T001844,2025-03-13,MTY,P081,1,65.0
V001846,T001846,2025-03-13,MTY,P043,1,18.0
V001847,T001846,2025-03-13,MTY,P100,3,1250.0
V001848,T001848,2025-03-13,MTY,P065,3,30.0
V001849,T001849,2025-03-13,MTY,P040,1,1450.0
V001850,T001849,2025-03-13,MTY,P044,2,22.0
V001851,T001851,2025-03-13,MTY,P027,1,320.0
V001852,T001852,2025-03-13,MTY,P064,2,38.0
V001853,T001852,2025-03-13,MTY,P061,2,165.0
V001854,T001854,2025-03-13,MTY,P021,1,85.0
V001855,T001854,2025-03-13,MTY,P082,1,25.0
V001856,T001856,2025-03-13,MTY,P100,1,1250.0
V001857,T001856,2025-03-13,MTY,P101,2,35.0
V001858,T001858,2025-03-14,CUN,P064,3,38.0
V001859,T001858,2025-03-14,CUN,P061,1,165.0
V001860,T001860,2025-03-14,CUN,P046,2,280.0
V001861,T001861,2025-03-14,CUN,P007,2,95.0
V001862,T001861,2025-03-14,CUN,P023,1,40.0
V001863,T001863,2025-03-14,CUN,P063,2,45.0
V001864,T001863,2025-03-14,CUN,P061,1,165.0
V001865,T001865,2025-03-14,CUN,P063,1,45.0
V001866,T001865,2025-03-14,CUN,P060,1,850.0
V001867,T001867,2025-03-14,CUN,P066,2,55.0
V001868,T001868,2025-03-14,CUN,P044,1,22.0
V001869,T001868,2025-03-14,CUN,P083,3,65.0
V001870,T001870,2025-03-14,CUN,P001,1,145.0
V001871,T001871,2025-03-14,CUN,P010,1,120.0
V001872,T001872,2025-03-14,CUN,P021,1,85.0
V001873,T001872,2025-03-14,CUN,P023,1,40.0
V001874,T001872,2025-03-14,CUN,P041,3,35.0
V001875,T001875,2025-03-14,CUN,P020,1,55.0
V001876,T001876,2025-03-14,CUN,P066,1,55.0
V001877,T001877,2025-03-14,CUN,P082,3,25.0
V001878,T001877,2025-03-14,CUN,P046,2,280.0
V001879,T001879,2025-03-14,CUN,P022,3,150.0
V001880,T001879,2025-03-14,CUN,P023,2,40.0
V001881,T001881,2025-03-14,MID,P020,3,55.0
V001882,T001881,2025-03-14,MID,P023,3,40.0
V001883,T001881,2025-03-14,MID,P060,1,850.0
V001884,T001884,2025-03-14,MID,P002,2,180.0
V001885,T001884,2025-03-14,MID,P100,1,1250.0
V001886,T001886,2025-03-14,MID,P048,1,180.0
V001887,T001887,2025-03-14,MID,P047,2,95.0
V001888,T001888,2025-03-14,MID,P041,2,35.0
V001889,T001888,2025-03-14,MID,P043,2,18.0
V001890,T001890,2025-03-14,MID,P002,1,180.0
V001891,T001890,2025-03-14,MID,P102,1,45.0
V001892,T001892,2025-03-14,MID,P100,1,1250.0
V001893,T001892,2025-03-14,MID,P027,1,320.0
V001894,T001894,2025-03-14,MID,P022,2,150.0
V001895,T001895,2025-03-14,MID,P020,2,55.0
V001896,T001895,2025-03-14,MID,P023,1,40.0
V001897,T001897,2025-03-14,MID,P024,2,6.0
V001898,T001897,2025-03-14,MID,P027,3,320.0
V001899,T001899,2025-03-14,MID,P064,3,38.0
V001900,T001899,2025-03-14,MID,P061,2,165.0
V001901,T001901,2025-03-14,MID,P083,1,65.0
V001902,T001901,2025-03-14,MID,P022,2,150.0
V001903,T001903,2025-03-14,CHI,P028,3,180.0
V001904,T001903,2025-03-14,CHI,P008,1,180.0
V001905,T001905,2025-03-14,CHI,P083,1,65.0
V001906,T001906,2025-03-14,CHI,P100,2,1250.0
V001907,T001906,2025-03-14,CHI,P102,1,45.0
V001908,T001908,2025-03-14,CHI,P063,1,45.0
V001909,T001909,2025-03-14,CHI,P100,1,1250.0
V001910,T001909,2025-03-14,CHI,P102,1,45.0
V001911,T001911,2025-03-14,CHI,P022,1,150.0
V001912,T001911,2025-03-14,CHI,P023,2,40.0
V001913,T001913,2025-03-14,CHI,P026,3,65.0
V001914,T001913,2025-03-14,CHI,P104,3,95.0
V001915,T001915,2025-03-14,CHI,P041,2,35.0
V001916,T001915,2025-03-14,CHI,P043,2,18.0
V001917,T001915,2025-03-14,CHI,P012,1,980.0
V001918,T001918,2025-03-14,CHI,P066,3,55.0
V001919,T001918,2025-03-14,CHI,P020,1,55.0
V001920,T001920,2025-03-14,CHI,P085,2,980.0
V001921,T001921,2025-03-14,CHI,P081,2,65.0
V001922,T001921,2025-03-14,CHI,P086,2,650.0
V001923,T001923,2025-03-14,CHI,P041,1,35.0
V001924,T001923,2025-03-14,CHI,P043,1,18.0
V001925,T001923,2025-03-14,CHI,P029,2,95.0
V001926,T001926,2025-03-14,CDMX,P013,1,45.0
V001927,T001927,2025-03-14,CDMX,P100,2,1250.0
V001928,T001927,2025-03-14,CDMX,P101,3,35.0
V001929,T001929,2025-03-14,CDMX,P100,2,1250.0
V001930,T001929,2025-03-14,CDMX,P101,2,35.0
V001931,T001931,2025-03-14,CDMX,P065,2,30.0
V001932,T001932,2025-03-14,CDMX,P041,3,35.0
V001933,T001933,2025-03-14,CDMX,P061,3,165.0
V001934,T001934,2025-03-14,CDMX,P060,1,850.0
V001935,T001934,2025-03-14,CDMX,P040,1,1450.0
V001936,T001936,2025-03-14,CDMX,P041,1,35.0
V001937,T001937,2025-03-14,CDMX,P060,1,850.0
V001938,T001938,2025-03-14,CDMX,P100,1,1250.0
V001939,T001938,2025-03-14,CDMX,P101,2,35.0
V001940,T001938,2025-03-14,CDMX,P025,1,35.0
V001941,T001941,2025-03-14,CDMX,P066,3,55.0
V001942,T001942,2025-03-14,MTY,P045,2,45.0
V001943,T001943,2025-03-14,MTY,P100,3,1250.0
V001944,T001943,2025-03-14,MTY,P102,2,45.0
V001945,T001943,2025-03-14,MTY,P081,1,65.0
V001946,T001946,2025-03-14,MTY,P060,3,850.0
V001947,T001946,2025-03-14,MTY,P040,1,1450.0
V001948,T001948,2025-03-14,MTY,P006,3,12.0
V001949,T001948,2025-03-14,MTY,P064,1,38.0
V001950,T001950,2025-03-14,MTY,P008,3,180.0
V001951,T001950,2025-03-14,MTY,P064,1,38.0
V001952,T001952,2025-03-14,MTY,P064,2,38.0
V001953,T001952,2025-03-14,MTY,P061,2,165.0
V001954,T001954,2025-03-14,MTY,P040,1,1450.0
V001955,T001955,2025-03-14,MTY,P028,3,180.0
V001956,T001956,2025-03-14,MTY,P011,1,210.0
V001957,T001957,2025-03-14,MTY,P004,2,6.0
V001958,T001957,2025-03-14,MTY,P025,1,35.0
V001959,T001959,2025-03-14,MTY,P008,1,180.0
V001960,T001960,2025-03-14,MTY,P042,2,28.0
V001961,T001960,2025-03-14,MTY,P043,2,18.0
V001962,T001962,2025-03-14,MTY,P065,1,30.0
V001963,T001963,2025-03-14,MTY,P100,2,1250.0
V001964,T001963,2025-03-14,MTY,P101,2,35.0
V001965,T001963,2025-03-14,MTY,P029,1,95.0
V001966,T001966,2025-03-14,MTY,P100,1,1250.0
V001967,T001966,2025-03-14,MTY,P102,1,45.0
V001968,T001966,2025-03-14,MTY,P060,1,850.0
V001969,T001969,2025-03-14,MTY,P063,3,45.0
V001970,T001969,2025-03-14,MTY,P060,2,850.0
V001971,T001969,2025-03-14,MTY,P086,2,650.0
V001972,T001972,2025-03-15,CUN,P021,1,85.0
V001973,T001972,2025-03-15,CUN,P023,1,40.0
V001974,T001972,2025-03-15,CUN,P030,3,180.0
V001975,T001975,2025-03-15,CUN,P100,2,1250.0
V001976,T001975,2025-03-15,CUN,P102,1,45.0
V001977,T001975,2025-03-15,CUN,P040,1,1450.0
V001978,T001978,2025-03-15,CUN,P042,1,28.0
V001979,T001978,2025-03-15,CUN,P043,2,18.0
V001980,T001978,2025-03-15,CUN,P101,2,35.0
V001981,T001981,2025-03-15,CUN,P100,1,1250.0
V001982,T001981,2025-03-15,CUN,P101,1,35.0
V001983,T001981,2025-03-15,CUN,P062,2,320.0
V001984,T001984,2025-03-15,CUN,P007,1,95.0
V001985,T001985,2025-03-15,CUN,P080,1,280.0
V001986,T001986,2025-03-15,CUN,P084,3,18.0
V001987,T001987,2025-03-15,CUN,P063,2,45.0
V001988,T001987,2025-03-15,CUN,P060,1,850.0
V001989,T001987,2025-03-15,CUN,P046,1,280.0
V001990,T001990,2025-03-15,CUN,P047,3,95.0
V001991,T001991,2025-03-15,CUN,P104,3,95.0
V001992,T001991,2025-03-15,CUN,P046,1,280.0
V001993,T001993,2025-03-15,CUN,P001,1,145.0
V001994,T001993,2025-03-15,CUN,P040,3,1450.0
V001995,T001995,2025-03-15,CUN,P104,2,95.0
V001996,T001996,2025-03-15,MID,P063,3,45.0
V001997,T001996,2025-03-15,MID,P060,1,850.0
V001998,T001998,2025-03-15,MID,P041,1,35.0
V001999,T001998,2025-03-15,MID,P043,1,18.0
V002000,T002000,2025-03-15,MID,P100,1,1250.0
V002001,T002000,2025-03-15,MID,P102,1,45.0
V002002,T002002,2025-03-15,MID,P028,1,180.0
V002003,T002002,2025-03-15,MID,P046,1,280.0
V002004,T002004,2025-03-15,MID,P063,2,45.0
V002005,T002004,2025-03-15,MID,P060,2,850.0
V002006,T002006,2025-03-15,MID,P081,2,65.0
V002007,T002006,2025-03-15,MID,P012,2,980.0
V002008,T002008,2025-03-15,MID,P045,2,45.0
V002009,T002009,2025-03-15,MID,P004,1,6.0
V002010,T002010,2025-03-15,MID,P083,1,65.0
V002011,T002010,2025-03-15,MID,P046,2,280.0
V002012,T002012,2025-03-15,MID,P104,1,95.0
V002013,T002013,2025-03-15,MID,P022,2,150.0
V002014,T002013,2025-03-15,MID,P023,3,40.0
V002015,T002013,2025-03-15,MID,P003,2,8.5
V002016,T002016,2025-03-15,MID,P063,1,45.0
V002017,T002017,2025-03-15,MID,P103,3,120.0
V002018,T002018,2025-03-15,MID,P085,2,980.0
V002019,T002018,2025-03-15,MID,P030,1,180.0
V002020,T002020,2025-03-15,CHI,P026,1,65.0
V002021,T002020,2025-03-15,CHI,P024,1,6.0
V002022,T002022,2025-03-15,CHI,P102,2,45.0
V002023,T002022,2025-03-15,CHI,P006,1,12.0
V002024,T002024,2025-03-15,CHI,P048,2,180.0
V002025,T002024,2025-03-15,CHI,P027,3,320.0
V002026,T002026,2025-03-15,CHI,P026,1,65.0
V002027,T002027,2025-03-15,CHI,P007,2,95.0
V002028,T002028,2025-03-15,CHI,P009,2,85.0
V002029,T002028,2025-03-15,CHI,P003,3,8.5
V002030,T002030,2025-03-15,CHI,P008,3,180.0
V002031,T002030,2025-03-15,CHI,P104,2,95.0
V002032,T002032,2025-03-15,CHI,P028,2,180.0
V002033,T002032,2025-03-15,CHI,P004,3,6.0
V002034,T002034,2025-03-15,CHI,P002,1,180.0
V002035,T002035,2025-03-15,CHI,P020,1,55.0
V002036,T002035,2025-03-15,CHI,P012,2,980.0
V002037,T002037,2025-03-15,CHI,P100,1,1250.0
V002038,T002037,2025-03-15,CHI,P101,1,35.0
V002039,T002039,2025-03-15,CHI,P021,2,85.0
V002040,T002039,2025-03-15,CHI,P023,1,40.0
V002041,T002039,2025-03-15,CHI,P060,1,850.0
V002042,T002042,2025-03-15,CHI,P062,3,320.0
V002043,T002042,2025-03-15,CHI,P009,1,85.0
V002044,T002044,2025-03-15,CDMX,P021,2,85.0
V002045,T002044,2025-03-15,CDMX,P023,2,40.0
V002046,T002044,2025-03-15,CDMX,P101,1,35.0
V002047,T002047,2025-03-15,CDMX,P100,1,1250.0
V002048,T002047,2025-03-15,CDMX,P101,1,35.0
V002049,T002049,2025-03-15,CDMX,P006,2,12.0
V002050,T002049,2025-03-15,CDMX,P064,3,38.0
V002051,T002051,2025-03-15,CDMX,P084,1,18.0
V002052,T002051,2025-03-15,CDMX,P028,1,180.0
V002053,T002053,2025-03-15,CDMX,P082,1,25.0
V002054,T002054,2025-03-15,CDMX,P101,2,35.0
V002055,T002055,2025-03-15,CDMX,P100,3,1250.0
V002056,T002055,2025-03-15,CDMX,P101,3,35.0
V002057,T002055,2025-03-15,CDMX,P025,2,35.0
V002058,T002058,2025-03-15,CDMX,P021,1,85.0
V002059,T002058,2025-03-15,CDMX,P102,1,45.0
V002060,T002060,2025-03-15,CDMX,P060,2,850.0
V002061,T002060,2025-03-15,CDMX,P002,1,180.0
V002062,T002062,2025-03-15,CDMX,P085,2,980.0
V002063,T002062,2025-03-15,CDMX,P028,1,180.0
V002064,T002064,2025-03-15,CDMX,P041,1,35.0
V002065,T002065,2025-03-15,CDMX,P021,2,85.0
V002066,T002065,2025-03-15,CDMX,P023,2,40.0
V002067,T002067,2025-03-15,CDMX,P080,2,280.0
V002068,T002068,2025-03-15,CDMX,P100,3,1250.0
V002069,T002068,2025-03-15,CDMX,P101,2,35.0
V002070,T002068,2025-03-15,CDMX,P027,2,320.0
V002071,T002071,2025-03-15,CDMX,P043,1,18.0
V002072,T002072,2025-03-15,CDMX,P022,3,150.0
V002073,T002072,2025-03-15,CDMX,P063,3,45.0
V002074,T002074,2025-03-15,CDMX,P047,1,95.0
V002075,T002074,2025-03-15,CDMX,P048,2,180.0
V002076,T002076,2025-03-15,MTY,P012,2,980.0
V002077,T002076,2025-03-15,MTY,P029,1,95.0
V002078,T002078,2025-03-15,MTY,P065,2,30.0
V002079,T002079,2025-03-15,MTY,P020,2,55.0
V002080,T002079,2025-03-15,MTY,P023,3,40.0
V002081,T002079,2025-03-15,MTY,P084,1,18.0
V002082,T002082,2025-03-15,MTY,P082,2,25.0
V002083,T002082,2025-03-15,MTY,P044,2,22.0
V002084,T002084,2025-03-15,MTY,P013,1,45.0
V002085,T002084,2025-03-15,MTY,P101,2,35.0
V002086,T002086,2025-03-15,MTY,P083,2,65.0
V002087,T002086,2025-03-15,MTY,P105,3,145.0
V002088,T002088,2025-03-15,MTY,P029,2,95.0
V002089,T002089,2025-03-15,MTY,P100,1,1250.0
V002090,T002089,2025-03-15,MTY,P102,1,45.0
V002091,T002089,2025-03-15,MTY,P008,1,180.0
V002092,T002092,2025-03-15,MTY,P004,1,6.0
V002093,T002092,2025-03-15,MTY,P045,1,45.0
V002094,T002094,2025-03-16,CUN,P020,2,55.0
V002095,T002094,2025-03-16,CUN,P023,3,40.0
V002096,T002094,2025-03-16,CUN,P063,1,45.0
V002097,T002097,2025-03-16,CUN,P041,3,35.0
V002098,T002097,2025-03-16,CUN,P046,1,280.0
V002099,T002099,2025-03-16,CUN,P013,1,45.0
V002100,T002100,2025-03-16,CUN,P010,1,120.0
V002101,T002100,2025-03-16,CUN,P085,1,980.0
V002102,T002102,2025-03-16,CUN,P020,3,55.0
V002103,T002102,2025-03-16,CUN,P023,2,40.0
V002104,T002102,2025-03-16,CUN,P100,1,1250.0
V002105,T002105,2025-03-16,CUN,P064,3,38.0
V002106,T002105,2025-03-16,CUN,P061,2,165.0
V002107,T002107,2025-03-16,CUN,P066,2,55.0
V002108,T002107,2025-03-16,CUN,P044,2,22.0
V002109,T002109,2025-03-16,CUN,P007,2,95.0
V002110,T002109,2025-03-16,CUN,P001,3,145.0
V002111,T002111,2025-03-16,CUN,P100,2,1250.0
V002112,T002111,2025-03-16,CUN,P102,1,45.0
V002113,T002111,2025-03-16,CUN,P103,1,120.0
V002114,T002114,2025-03-16,CUN,P063,2,45.0
V002115,T002114,2025-03-16,CUN,P027,2,320.0
V002116,T002116,2025-03-16,CUN,P006,1,12.0
V002117,T002116,2025-03-16,CUN,P064,2,38.0
V002118,T002118,2025-03-16,CUN,P060,1,850.0
V002119,T002119,2025-03-16,CUN,P021,2,85.0
V002120,T002119,2025-03-16,CUN,P023,2,40.0
V002121,T002121,2025-03-16,CUN,P020,2,55.0
V002122,T002121,2025-03-16,CUN,P023,1,40.0
V002123,T002123,2025-03-16,CUN,P048,2,180.0
V002124,T002124,2025-03-16,CUN,P042,1,28.0
V002125,T002124,2025-03-16,CUN,P106,1,55.0
V002126,T002126,2025-03-16,CUN,P042,2,28.0
V002127,T002126,2025-03-16,CUN,P043,1,18.0
V002128,T002128,2025-03-16,CUN,P100,2,1250.0
V002129,T002128,2025-03-16,CUN,P101,1,35.0
V002130,T002130,2025-03-16,CUN,P025,2,35.0
V002131,T002131,2025-03-16,CUN,P100,1,1250.0
V002132,T002131,2025-03-16,CUN,P101,1,35.0
V002133,T002131,2025-03-16,CUN,P044,1,22.0
V002134,T002134,2025-03-16,CUN,P024,1,6.0
V002135,T002135,2025-03-16,MID,P022,3,150.0
V002136,T002135,2025-03-16,MID,P023,1,40.0
V002137,T002137,2025-03-16,MID,P030,1,180.0
V002138,T002138,2025-03-16,MID,P022,1,150.0
V002139,T002138,2025-03-16,MID,P082,1,25.0
V002140,T002140,2025-03-16,MID,P010,1,120.0
V002141,T002141,2025-03-16,MID,P101,2,35.0
V002142,T002142,2025-03-16,MID,P100,1,1250.0
V002143,T002142,2025-03-16,MID,P101,1,35.0
V002144,T002144,2025-03-16,MID,P106,1,55.0
V002145,T002144,2025-03-16,MID,P048,1,180.0
V002146,T002146,2025-03-16,MID,P064,2,38.0
V002147,T002146,2025-03-16,MID,P061,1,165.0
V002148,T002146,2025-03-16,MID,P041,2,35.0
V002149,T002149,2025-03-16,MID,P040,2,1450.0
V002150,T002149,2025-03-16,MID,P011,1,210.0
V002151,T002151,2025-03-16,MID,P100,2,1250.0
V002152,T002151,2025-03-16,MID,P101,3,35.0
V002153,T002151,2025-03-16,MID,P026,1,65.0
V002154,T002154,2025-03-16,MID,P100,2,1250.0
V002155,T002154,2025-03-16,MID,P102,2,45.0
V002156,T002156,2025-03-16,MID,P107,1,165.0
V002157,T002156,2025-03-16,MID,P023,1,40.0
V002158,T002158,2025-03-16,MID,P041,1,35.0
V002159,T002158,2025-03-16,MID,P061,3,165.0
V002160,T002160,2025-03-16,MID,P102,3,45.0
V002161,T002160,2025-03-16,MID,P027,1,320.0
V002162,T002162,2025-03-16,MID,P020,1,55.0
V002163,T002162,2025-03-16,MID,P023,1,40.0
V002164,T002164,2025-03-16,MID,P006,1,12.0
V002165,T002164,2025-03-16,MID,P064,1,38.0
V002166,T002166,2025-03-16,MID,P021,1,85.0
V002167,T002166,2025-03-16,MID,P023,2,40.0
V002168,T002166,2025-03-16,MID,P046,3,280.0
V002169,T002169,2025-03-16,MID,P021,2,85.0
V002170,T002169,2025-03-16,MID,P023,3,40.0
V002171,T002169,2025-03-16,MID,P046,3,280.0
V002172,T002172,2025-03-16,MID,P012,3,980.0
V002173,T002173,2025-03-16,CHI,P100,1,1250.0
V002174,T002173,2025-03-16,CHI,P101,3,35.0
V002175,T002175,2025-03-16,CHI,P024,3,6.0
V002176,T002176,2025-03-16,CHI,P102,1,45.0
V002177,T002177,2025-03-16,CHI,P021,2,85.0
V002178,T002177,2025-03-16,CHI,P023,1,40.0
V002179,T002177,2025-03-16,CHI,P005,1,65.0
V002180,T002180,2025-03-16,CHI,P042,1,28.0
V002181,T002180,2025-03-16,CHI,P043,2,18.0
V002182,T002180,2025-03-16,CHI,P005,2,65.0
V002183,T002183,2025-03-16,CHI,P100,2,1250.0
V002184,T002183,2025-03-16,CHI,P101,1,35.0
V002185,T002183,2025-03-16,CHI,P044,2,22.0
V002186,T002186,2025-03-16,CHI,P044,1,22.0
V002187,T002187,2025-03-16,CHI,P021,1,85.0
V002188,T002187,2025-03-16,CHI,P023,2,40.0
V002189,T002189,2025-03-16,CHI,P100,1,1250.0
V002190,T002189,2025-03-16,CHI,P101,3,35.0
V002191,T002189,2025-03-16,CHI,P061,2,165.0
V002192,T002192,2025-03-16,CHI,P063,2,45.0
V002193,T002192,2025-03-16,CHI,P060,1,850.0
V002194,T002194,2025-03-16,CDMX,P102,3,45.0
V002195,T002194,2025-03-16,CDMX,P029,1,95.0
V002196,T002196,2025-03-16,CDMX,P001,2,145.0
V002197,T002196,2025-03-16,CDMX,P064,1,38.0
V002198,T002198,2025-03-16,CDMX,P029,1,95.0
V002199,T002198,2025-03-16,CDMX,P024,3,6.0
V002200,T002200,2025-03-16,CDMX,P081,1,65.0
V002201,T002200,2025-03-16,CDMX,P044,1,22.0
V002202,T002202,2025-03-16,CDMX,P101,3,35.0
V002203,T002203,2025-03-16,CDMX,P100,1,1250.0
V002204,T002203,2025-03-16,CDMX,P102,1,45.0
V002205,T002203,2025-03-16,CDMX,P028,3,180.0
V002206,T002206,2025-03-16,CDMX,P006,2,12.0
V002207,T002206,2025-03-16,CDMX,P101,3,35.0
V002208,T002208,2025-03-16,CDMX,P020,2,55.0
V002209,T002208,2025-03-16,CDMX,P023,1,40.0
V002210,T002208,2025-03-16,CDMX,P065,2,30.0
V002211,T002211,2025-03-16,CDMX,P013,2,45.0
V002212,T002212,2025-03-16,CDMX,P002,3,180.0
V002213,T002212,2025-03-16,CDMX,P004,1,6.0
V002214,T002214,2025-03-16,CDMX,P006,2,12.0
V002215,T002215,2025-03-16,CDMX,P041,1,35.0
V002216,T002215,2025-03-16,CDMX,P043,3,18.0
V002217,T002217,2025-03-16,CDMX,P020,1,55.0
V002218,T002217,2025-03-16,CDMX,P023,1,40.0
V002219,T002217,2025-03-16,CDMX,P103,3,120.0
V002220,T002220,2025-03-16,CDMX,P001,1,145.0
V002221,T002220,2025-03-16,CDMX,P004,1,6.0
V002222,T002222,2025-03-16,CDMX,P011,1,210.0
V002223,T002223,2025-03-16,CDMX,P007,2,95.0
V002224,T002223,2025-03-16,CDMX,P048,1,180.0
V002225,T002225,2025-03-16,MTY,P043,3,18.0
V002226,T002225,2025-03-16,MTY,P086,3,650.0
V002227,T002227,2025-03-16,MTY,P001,1,145.0
V002228,T002227,2025-03-16,MTY,P106,1,55.0
V002229,T002229,2025-03-16,MTY,P028,2,180.0
V002230,T002229,2025-03-16,MTY,P023,1,40.0
V002231,T002231,2025-03-16,MTY,P062,2,320.0
V002232,T002231,2025-03-16,MTY,P020,1,55.0
V002233,T002233,2025-03-16,MTY,P064,1,38.0
V002234,T002233,2025-03-16,MTY,P061,2,165.0
V002235,T002235,2025-03-16,MTY,P020,3,55.0
V002236,T002235,2025-03-16,MTY,P023,2,40.0
V002237,T002235,2025-03-16,MTY,P006,1,12.0
V002238,T002238,2025-03-16,MTY,P085,2,980.0
V002239,T002238,2025-03-16,MTY,P061,2,165.0
V002240,T002240,2025-03-16,MTY,P002,3,180.0
V002241,T002241,2025-03-16,MTY,P006,1,12.0
V002242,T002242,2025-03-17,CUN,P007,1,95.0
V002243,T002242,2025-03-17,CUN,P045,2,45.0
V002244,T002244,2025-03-17,CUN,P006,3,12.0
V002245,T002245,2025-03-17,CUN,P020,3,55.0
V002246,T002245,2025-03-17,CUN,P023,2,40.0
V002247,T002245,2025-03-17,CUN,P081,2,65.0
V002248,T002248,2025-03-17,CUN,P020,1,55.0
V002249,T002248,2025-03-17,CUN,P023,2,40.0
V002250,T002248,2025-03-17,CUN,P027,1,320.0
V002251,T002251,2025-03-17,CUN,P100,2,1250.0
V002252,T002251,2025-03-17,CUN,P101,1,35.0
V002253,T002251,2025-03-17,CUN,P065,1,30.0
V002254,T002254,2025-03-17,CUN,P047,1,95.0
V002255,T002255,2025-03-17,CUN,P086,2,650.0
V002256,T002255,2025-03-17,CUN,P046,1,280.0
V002257,T002257,2025-03-17,CUN,P027,1,320.0
V002258,T002257,2025-03-17,CUN,P008,1,180.0
V002259,T002259,2025-03-17,CUN,P064,2,38.0
V002260,T002259,2025-03-17,CUN,P061,1,165.0
V002261,T002261,2025-03-17,CUN,P100,1,1250.0
V002262,T002261,2025-03-17,CUN,P101,2,35.0
V002263,T002261,2025-03-17,CUN,P030,2,180.0
V002264,T002264,2025-03-17,CUN,P063,3,45.0
V002265,T002264,2025-03-17,CUN,P060,1,850.0
V002266,T002264,2025-03-17,CUN,P064,1,38.0
V002267,T002267,2025-03-17,CUN,P022,1,150.0
V002268,T002267,2025-03-17,CUN,P023,1,40.0
V002269,T002267,2025-03-17,CUN,P046,1,280.0
V002270,T002270,2025-03-17,CUN,P045,1,45.0
V002271,T002270,2025-03-17,CUN,P066,1,55.0
V002272,T002272,2025-03-17,MID,P022,2,150.0
V002273,T002272,2025-03-17,MID,P023,1,40.0
V002274,T002274,2025-03-17,MID,P100,2,1250.0
V002275,T002274,2025-03-17,MID,P102,2,45.0
V002276,T002274,2025-03-17,MID,P107,2,165.0
V002277,T002277,2025-03-17,MID,P064,1,38.0
V002278,T002277,2025-03-17,MID,P061,1,165.0
V002279,T002279,2025-03-17,MID,P041,2,35.0
V002280,T002279,2025-03-17,MID,P043,1,18.0
V002281,T002281,2025-03-17,MID,P001,2,145.0
V002282,T002281,2025-03-17,MID,P004,3,6.0
V002283,T002283,2025-03-17,MID,P003,3,8.5
V002284,T002283,2025-03-17,MID,P028,1,180.0
V002285,T002285,2025-03-17,MID,P022,3,150.0
V002286,T002285,2025-03-17,MID,P065,3,30.0
V002287,T002287,2025-03-17,MID,P007,1,95.0
V002288,T002287,2025-03-17,MID,P022,1,150.0
V002289,T002289,2025-03-17,MID,P026,2,65.0
V002290,T002289,2025-03-17,MID,P040,3,1450.0
V002291,T002291,2025-03-17,MID,P045,3,45.0
V002292,T002291,2025-03-17,MID,P010,2,120.0
V002293,T002293,2025-03-17,MID,P063,3,45.0
V002294,T002293,2025-03-17,MID,P060,3,850.0
V002295,T002295,2025-03-17,MID,P021,2,85.0
V002296,T002295,2025-03-17,MID,P023,1,40.0
V002297,T002295,2025-03-17,MID,P062,1,320.0
V002298,T002298,2025-03-17,MID,P024,2,6.0
V002299,T002299,2025-03-17,MID,P103,2,120.0
V002300,T002299,2025-03-17,MID,P062,1,320.0
V002301,T002301,2025-03-17,MID,P004,3,6.0
V002302,T002302,2025-03-17,MID,P001,1,145.0
V002303,T002302,2025-03-17,MID,P041,1,35.0
V002304,T002304,2025-03-17,MID,P001,2,145.0
V002305,T002304,2025-03-17,MID,P027,1,320.0
V002306,T002306,2025-03-17,CHI,P101,3,35.0
V002307,T002307,2025-03-17,CHI,P041,2,35.0
V002308,T002307,2025-03-17,CHI,P043,3,18.0
V002309,T002307,2025-03-17,CHI,P102,2,45.0
V002310,T002310,2025-03-17,CHI,P021,2,85.0
V002311,T002310,2025-03-17,CHI,P023,2,40.0
V002312,T002310,2025-03-17,CHI,P030,1,180.0
V002313,T002313,2025-03-17,CHI,P061,2,165.0
V002314,T002314,2025-03-17,CHI,P044,3,22.0
V002315,T002315,2025-03-17,CHI,P104,1,95.0
V002316,T002316,2025-03-17,CHI,P100,1,1250.0
V002317,T002316,2025-03-17,CHI,P101,1,35.0
V002318,T002316,2025-03-17,CHI,P028,1,180.0
V002319,T002319,2025-03-17,CHI,P042,1,28.0
V002320,T002319,2025-03-17,CHI,P043,1,18.0
V002321,T002319,2025-03-17,CHI,P009,2,85.0
V002322,T002322,2025-03-17,CHI,P002,2,180.0
V002323,T002322,2025-03-17,CHI,P106,1,55.0
V002324,T002324,2025-03-17,CHI,P042,1,28.0
V002325,T002324,2025-03-17,CHI,P061,1,165.0
V002326,T002326,2025-03-17,CHI,P041,2,35.0
V002327,T002326,2025-03-17,CHI,P043,3,18.0
V002328,T002328,2025-03-17,CHI,P063,1,45.0
V002329,T002328,2025-03-17,CHI,P060,2,850.0
V002330,T002330,2025-03-17,CHI,P084,2,18.0
V002331,T002331,2025-03-17,CHI,P026,1,65.0
V002332,T002332,2025-03-17,CHI,P042,1,28.0
V002333,T002332,2025-03-17,CHI,P043,1,18.0
V002334,T002332,2025-03-17,CHI,P028,1,180.0
V002335,T002335,2025-03-17,CHI,P085,1,980.0
V002336,T002336,2025-03-17,CHI,P025,3,35.0
V002337,T002336,2025-03-17,CHI,P011,3,210.0
V002338,T002338,2025-03-17,CHI,P103,1,120.0
V002339,T002338,2025-03-17,CHI,P020,1,55.0
V002340,T002340,2025-03-17,CDMX,P042,3,28.0
V002341,T002340,2025-03-17,CDMX,P043,1,18.0
V002342,T002340,2025-03-17,CDMX,P013,3,45.0
V002343,T002343,2025-03-17,CDMX,P063,1,45.0
V002344,T002343,2025-03-17,CDMX,P060,2,850.0
V002345,T002343,2025-03-17,CDMX,P029,1,95.0
V002346,T002346,2025-03-17,CDMX,P020,1,55.0
V002347,T002346,2025-03-17,CDMX,P023,2,40.0
V002348,T002346,2025-03-17,CDMX,P042,1,28.0
V002349,T002349,2025-03-17,CDMX,P100,1,1250.0
V002350,T002349,2025-03-17,CDMX,P102,3,45.0
V002351,T002351,2025-03-17,CDMX,P046,2,280.0
V002352,T002352,2025-03-17,CDMX,P104,2,95.0
V002353,T002353,2025-03-17,CDMX,P021,1,85.0
V002354,T002353,2025-03-17,CDMX,P023,1,40.0
V002355,T002355,2025-03-17,CDMX,P008,1,180.0
V002356,T002355,2025-03-17,CDMX,P028,2,180.0
V002357,T002357,2025-03-17,CDMX,P062,1,320.0
V002358,T002358,2025-03-17,CDMX,P021,1,85.0
V002359,T002359,2025-03-17,CDMX,P021,2,85.0
V002360,T002359,2025-03-17,CDMX,P023,3,40.0
V002361,T002361,2025-03-17,CDMX,P006,2,12.0
V002362,T002362,2025-03-17,CDMX,P063,2,45.0
V002363,T002362,2025-03-17,CDMX,P060,1,850.0
V002364,T002364,2025-03-17,CDMX,P030,2,180.0
V002365,T002364,2025-03-17,CDMX,P065,1,30.0
V002366,T002366,2025-03-17,CDMX,P005,2,65.0
V002367,T002366,2025-03-17,CDMX,P025,2,35.0
V002368,T002368,2025-03-17,CDMX,P100,2,1250.0
V002369,T002368,2025-03-17,CDMX,P101,2,35.0
V002370,T002370,2025-03-17,CDMX,P064,2,38.0
V002371,T002370,2025-03-17,CDMX,P061,1,165.0
V002372,T002372,2025-03-17,MTY,P006,2,12.0
V002373,T002372,2025-03-17,MTY,P024,1,6.0
V002374,T002374,2025-03-17,MTY,P064,1,38.0
V002375,T002374,2025-03-17,MTY,P061,2,165.0
V002376,T002374,2025-03-17,MTY,P029,1,95.0
V002377,T002377,2025-03-17,MTY,P085,1,980.0
V002378,T002378,2025-03-17,MTY,P064,1,38.0
V002379,T002378,2025-03-17,MTY,P061,2,165.0
V002380,T002378,2025-03-17,MTY,P041,1,35.0
V002381,T002381,2025-03-17,MTY,P100,1,1250.0
V002382,T002381,2025-03-17,MTY,P002,1,180.0
V002383,T002383,2025-03-17,MTY,P100,1,1250.0
V002384,T002383,2025-03-17,MTY,P101,2,35.0
V002385,T002383,2025-03-17,MTY,P063,1,45.0
V002386,T002386,2025-03-17,MTY,P084,1,18.0
V002387,T002387,2025-03-17,MTY,P042,2,28.0
V002388,T002387,2025-03-17,MTY,P043,3,18.0
V002389,T002387,2025-03-17,MTY,P106,1,55.0
V002390,T002390,2025-03-17,MTY,P063,3,45.0
V002391,T002390,2025-03-17,MTY,P021,2,85.0
V002392,T002392,2025-03-17,MTY,P105,2,145.0
V002393,T002392,2025-03-17,MTY,P043,1,18.0
V002394,T002394,2025-03-17,MTY,P011,1,210.0
V002395,T002395,2025-03-17,MTY,P022,1,150.0
V002396,T002395,2025-03-17,MTY,P023,2,40.0
V002397,T002395,2025-03-17,MTY,P004,3,6.0
V002398,T002398,2025-03-17,MTY,P029,3,95.0
V002399,T002398,2025-03-17,MTY,P024,1,6.0
V002400,T002400,2025-03-17,MTY,P102,1,45.0
V002401,T002401,2025-03-17,MTY,P011,1,210.0
V002402,T002402,2025-03-17,MTY,P083,1,65.0
V002403,T002403,2025-03-17,MTY,P084,1,18.0
V002404,T002403,2025-03-17,MTY,P044,1,22.0
V002405,T002405,2025-03-17,MTY,P100,2,1250.0
V002406,T002405,2025-03-17,MTY,P102,1,45.0
V002407,T002405,2025-03-17,MTY,P081,1,65.0
V002408,T002408,2025-03-17,MTY,P022,1,150.0
V002409,T002408,2025-03-17,MTY,P023,2,40.0
V002410,T002410,2025-03-17,MTY,P106,2,55.0
V002411,T002411,2025-03-17,MTY,P084,1,18.0
V002412,T002412,2025-03-18,CUN,P005,1,65.0
V002413,T002412,2025-03-18,CUN,P010,2,120.0
V002414,T002414,2025-03-18,CUN,P063,2,45.0
V002415,T002414,2025-03-18,CUN,P060,2,850.0
V002416,T002414,2025-03-18,CUN,P030,1,180.0
V002417,T002417,2025-03-18,CUN,P042,1,28.0
V002418,T002417,2025-03-18,CUN,P043,1,18.0
V002419,T002417,2025-03-18,CUN,P083,3,65.0
V002420,T002420,2025-03-18,CUN,P041,1,35.0
V002421,T002420,2025-03-18,CUN,P043,2,18.0
V002422,T002420,2025-03-18,CUN,P022,3,150.0
V002423,T002423,2025-03-18,CUN,P008,2,180.0
V002424,T002423,2025-03-18,CUN,P080,1,280.0
V002425,T002425,2025-03-18,CUN,P020,2,55.0
V002426,T002425,2025-03-18,CUN,P023,2,40.0
V002427,T002427,2025-03-18,CUN,P021,1,85.0
V002428,T002427,2025-03-18,CUN,P023,1,40.0
V002429,T002429,2025-03-18,CUN,P020,1,55.0
V002430,T002429,2025-03-18,CUN,P023,2,40.0
V002431,T002431,2025-03-18,CUN,P041,1,35.0
V002432,T002431,2025-03-18,CUN,P043,1,18.0
V002433,T002431,2025-03-18,CUN,P027,3,320.0
V002434,T002434,2025-03-18,CUN,P064,2,38.0
V002435,T002434,2025-03-18,CUN,P012,3,980.0
V002436,T002436,2025-03-18,CUN,P048,1,180.0
V002437,T002437,2025-03-18,CUN,P101,1,35.0
V002438,T002437,2025-03-18,CUN,P022,1,150.0
V002439,T002439,2025-03-18,CUN,P100,1,1250.0
V002440,T002439,2025-03-18,CUN,P102,2,45.0
V002441,T002439,2025-03-18,CUN,P064,3,38.0
V002442,T002442,2025-03-18,CUN,P084,2,18.0
V002443,T002443,2025-03-18,MID,P012,2,980.0
V002444,T002444,2025-03-18,MID,P048,1,180.0
V002445,T002444,2025-03-18,MID,P008,1,180.0
V002446,T002446,2025-03-18,MID,P060,3,850.0
V002447,T002446,2025-03-18,MID,P066,1,55.0
V002448,T002448,2025-03-18,MID,P003,2,8.5
V002449,T002448,2025-03-18,MID,P043,1,18.0
V002450,T002450,2025-03-18,MID,P100,2,1250.0
V002451,T002450,2025-03-18,MID,P106,1,55.0
V002452,T002452,2025-03-18,MID,P025,2,35.0
V002453,T002453,2025-03-18,MID,P021,2,85.0
V002454,T002453,2025-03-18,MID,P023,3,40.0
V002455,T002455,2025-03-18,MID,P005,2,65.0
V002456,T002456,2025-03-18,MID,P082,1,25.0
V002457,T002457,2025-03-18,MID,P064,1,38.0
V002458,T002457,2025-03-18,MID,P061,3,165.0
V002459,T002459,2025-03-18,MID,P011,1,210.0
V002460,T002459,2025-03-18,MID,P106,1,55.0
V002461,T002461,2025-03-18,MID,P041,3,35.0
V002462,T002461,2025-03-18,MID,P085,2,980.0
V002463,T002463,2025-03-18,MID,P042,3,28.0
V002464,T002463,2025-03-18,MID,P043,2,18.0
V002465,T002465,2025-03-18,MID,P082,1,25.0
V002466,T002466,2025-03-18,MID,P007,1,95.0
V002467,T002466,2025-03-18,MID,P043,3,18.0
V002468,T002468,2025-03-18,MID,P002,1,180.0
V002469,T002468,2025-03-18,MID,P005,2,65.0
V002470,T002470,2025-03-18,MID,P012,1,980.0
V002471,T002470,2025-03-18,MID,P061,1,165.0
V002472,T002472,2025-03-18,MID,P007,3,95.0
V002473,T002473,2025-03-18,CHI,P047,1,95.0
V002474,T002474,2025-03-18,CHI,P100,1,1250.0
V002475,T002474,2025-03-18,CHI,P101,2,35.0
V002476,T002474,2025-03-18,CHI,P021,2,85.0
V002477,T002477,2025-03-18,CHI,P020,1,55.0
V002478,T002477,2025-03-18,CHI,P023,2,40.0
V002479,T002479,2025-03-18,CHI,P107,1,165.0
V002480,T002479,2025-03-18,CHI,P040,1,1450.0
V002481,T002481,2025-03-18,CHI,P102,2,45.0
V002482,T002481,2025-03-18,CHI,P064,2,38.0
V002483,T002483,2025-03-18,CHI,P064,3,38.0
V002484,T002483,2025-03-18,CHI,P061,2,165.0
V002485,T002483,2025-03-18,CHI,P007,3,95.0
V002486,T002486,2025-03-18,CHI,P061,2,165.0
V002487,T002487,2025-03-18,CHI,P011,2,210.0
V002488,T002488,2025-03-18,CHI,P064,1,38.0
V002489,T002488,2025-03-18,CHI,P061,1,165.0
V002490,T002490,2025-03-18,CHI,P020,1,55.0
V002491,T002490,2025-03-18,CHI,P023,1,40.0
V002492,T002492,2025-03-18,CHI,P020,3,55.0
V002493,T002492,2025-03-18,CHI,P023,1,40.0
V002494,T002494,2025-03-18,CHI,P082,2,25.0
V002495,T002495,2025-03-18,CHI,P007,1,95.0
V002496,T002495,2025-03-18,CHI,P025,3,35.0
V002497,T002497,2025-03-18,CHI,P042,2,28.0
V002498,T002497,2025-03-18,CHI,P043,1,18.0
V002499,T002497,2025-03-18,CHI,P011,1,210.0
V002500,T002500,2025-03-18,CHI,P043,2,18.0
V002501,T002501,2025-03-18,CHI,P100,1,1250.0
V002502,T002501,2025-03-18,CHI,P101,2,35.0
V002503,T002503,2025-03-18,CHI,P027,2,320.0
V002504,T002504,2025-03-18,CHI,P041,3,35.0
V002505,T002504,2025-03-18,CHI,P043,1,18.0
V002506,T002504,2025-03-18,CHI,P042,1,28.0
V002507,T002507,2025-03-18,CHI,P030,1,180.0
V002508,T002508,2025-03-18,CHI,P107,1,165.0
V002509,T002509,2025-03-18,CDMX,P020,2,55.0
V002510,T002509,2025-03-18,CDMX,P004,2,6.0
V002511,T002511,2025-03-18,CDMX,P066,1,55.0
V002512,T002512,2025-03-18,CDMX,P064,1,38.0
V002513,T002512,2025-03-18,CDMX,P027,2,320.0
V002514,T002514,2025-03-18,CDMX,P046,1,280.0
V002515,T002514,2025-03-18,CDMX,P028,3,180.0
V002516,T002516,2025-03-18,CDMX,P048,2,180.0
V002517,T002517,2025-03-18,CDMX,P027,2,320.0
V002518,T002517,2025-03-18,CDMX,P028,2,180.0
V002519,T002519,2025-03-18,CDMX,P101,1,35.0
V002520,T002520,2025-03-18,CDMX,P060,2,850.0
V002521,T002521,2025-03-18,CDMX,P082,3,25.0
V002522,T002522,2025-03-18,CDMX,P024,2,6.0
V002523,T002523,2025-03-18,CDMX,P107,2,165.0
V002524,T002524,2025-03-18,CDMX,P086,2,650.0
V002525,T002525,2025-03-18,CDMX,P100,3,1250.0
V002526,T002525,2025-03-18,CDMX,P101,1,35.0
V002527,T002525,2025-03-18,CDMX,P009,2,85.0
V002528,T002528,2025-03-18,CDMX,P001,1,145.0
V002529,T002529,2025-03-18,CDMX,P081,1,65.0
V002530,T002529,2025-03-18,CDMX,P063,2,45.0
V002531,T002531,2025-03-18,CDMX,P022,1,150.0
V002532,T002531,2025-03-18,CDMX,P023,2,40.0
V002533,T002531,2025-03-18,CDMX,P020,2,55.0
V002534,T002534,2025-03-18,CDMX,P043,1,18.0
V002535,T002534,2025-03-18,CDMX,P102,1,45.0
V002536,T002536,2025-03-18,CDMX,P020,3,55.0
V002537,T002536,2025-03-18,CDMX,P023,2,40.0
V002538,T002536,2025-03-18,CDMX,P083,1,65.0
V002539,T002539,2025-03-18,CDMX,P003,2,8.5
V002540,T002540,2025-03-18,CDMX,P004,1,6.0
V002541,T002541,2025-03-18,CDMX,P042,2,28.0
V002542,T002541,2025-03-18,CDMX,P043,1,18.0
V002543,T002543,2025-03-18,MTY,P006,1,12.0
V002544,T002543,2025-03-18,MTY,P086,1,650.0
V002545,T002545,2025-03-18,MTY,P100,2,1250.0
V002546,T002545,2025-03-18,MTY,P102,3,45.0
V002547,T002547,2025-03-18,MTY,P102,1,45.0
V002548,T002548,2025-03-18,MTY,P006,1,12.0
V002549,T002548,2025-03-18,MTY,P007,1,95.0
V002550,T002550,2025-03-18,MTY,P100,1,1250.0
V002551,T002550,2025-03-18,MTY,P066,2,55.0
V002552,T002552,2025-03-18,MTY,P021,2,85.0
V002553,T002552,2025-03-18,MTY,P023,2,40.0
V002554,T002552,2025-03-18,MTY,P106,1,55.0
V002555,T002555,2025-03-18,MTY,P004,1,6.0
V002556,T002555,2025-03-18,MTY,P028,1,180.0
V002557,T002557,2025-03-18,MTY,P046,1,280.0
V002558,T002558,2025-03-18,MTY,P010,1,120.0
V002559,T002558,2025-03-18,MTY,P065,1,30.0
V002560,T002560,2025-03-18,MTY,P065,1,30.0
V002561,T002560,2025-03-18,MTY,P066,3,55.0
V002562,T002562,2025-03-18,MTY,P082,1,25.0
V002563,T002562,2025-03-18,MTY,P045,3,45.0
V002564,T002564,2025-03-18,MTY,P030,3,180.0
V002565,T002565,2025-03-18,MTY,P041,2,35.0
V002566,T002565,2025-03-18,MTY,P043,1,18.0
V002567,T002567,2025-03-18,MTY,P041,1,35.0
V002568,T002568,2025-03-18,MTY,P041,1,35.0
V002569,T002568,2025-03-18,MTY,P043,2,18.0
V002570,T002568,2025-03-18,MTY,P086,3,650.0
V002571,T002571,2025-03-18,MTY,P064,1,38.0
V002572,T002571,2025-03-18,MTY,P061,1,165.0
V002573,T002573,2025-03-18,MTY,P047,1,95.0
V002574,T002573,2025-03-18,MTY,P029,3,95.0
V002575,T002575,2025-03-18,MTY,P105,1,145.0
V002576,T002575,2025-03-18,MTY,P010,2,120.0
V002577,T002577,2025-03-19,CUN,P060,1,850.0
V002578,T002578,2025-03-19,CUN,P012,3,980.0
V002579,T002579,2025-03-19,CUN,P064,2,38.0
V002580,T002579,2025-03-19,CUN,P061,1,165.0
V002581,T002579,2025-03-19,CUN,P025,1,35.0
V002582,T002582,2025-03-19,CUN,P100,3,1250.0
V002583,T002582,2025-03-19,CUN,P102,1,45.0
V002584,T002584,2025-03-19,CUN,P083,2,65.0
V002585,T002584,2025-03-19,CUN,P104,2,95.0
V002586,T002586,2025-03-19,CUN,P009,1,85.0
V002587,T002586,2025-03-19,CUN,P062,1,320.0
V002588,T002588,2025-03-19,CUN,P064,2,38.0
V002589,T002588,2025-03-19,CUN,P061,2,165.0
V002590,T002588,2025-03-19,CUN,P028,1,180.0
V002591,T002591,2025-03-19,CUN,P020,3,55.0
V002592,T002591,2025-03-19,CUN,P023,2,40.0
V002593,T002593,2025-03-19,CUN,P006,1,12.0
V002594,T002594,2025-03-19,MID,P011,2,210.0
V002595,T002594,2025-03-19,MID,P047,1,95.0
V002596,T002596,2025-03-19,MID,P063,1,45.0
V002597,T002596,2025-03-19,MID,P060,3,850.0
V002598,T002596,2025-03-19,MID,P046,2,280.0
V002599,T002599,2025-03-19,MID,P045,2,45.0
V002600,T002600,2025-03-19,MID,P041,1,35.0
V002601,T002600,2025-03-19,MID,P043,1,18.0
V002602,T002600,2025-03-19,MID,P085,3,980.0
V002603,T002603,2025-03-19,MID,P009,1,85.0
V002604,T002603,2025-03-19,MID,P022,1,150.0
V002605,T002605,2025-03-19,MID,P013,1,45.0
V002606,T002605,2025-03-19,MID,P030,1,180.0
V002607,T002607,2025-03-19,MID,P042,1,28.0
V002608,T002607,2025-03-19,MID,P043,1,18.0
V002609,T002607,2025-03-19,MID,P040,2,1450.0
V002610,T002610,2025-03-19,MID,P045,1,45.0
V002611,T002610,2025-03-19,MID,P041,3,35.0
V002612,T002612,2025-03-19,MID,P006,3,12.0
V002613,T002613,2025-03-19,MID,P005,1,65.0
V002614,T002614,2025-03-19,MID,P046,2,280.0
V002615,T002615,2025-03-19,MID,P104,3,95.0
V002616,T002616,2025-03-19,CHI,P042,2,28.0
V002617,T002616,2025-03-19,CHI,P043,1,18.0
V002618,T002618,2025-03-19,CHI,P082,2,25.0
V002619,T002618,2025-03-19,CHI,P106,1,55.0
V002620,T002620,2025-03-19,CHI,P023,1,40.0
V002621,T002620,2025-03-19,CHI,P041,2,35.0
V002622,T002622,2025-03-19,CHI,P063,2,45.0
V002623,T002622,2025-03-19,CHI,P060,1,850.0
V002624,T002624,2025-03-19,CHI,P063,1,45.0
V002625,T002624,2025-03-19,CHI,P060,3,850.0
V002626,T002624,2025-03-19,CHI,P008,1,180.0
V002627,T002627,2025-03-19,CHI,P025,1,35.0
V002628,T002628,2025-03-19,CHI,P101,2,35.0
V002629,T002629,2025-03-19,CHI,P022,1,150.0
V002630,T002629,2025-03-19,CHI,P023,2,40.0
V002631,T002629,2025-03-19,CHI,P107,3,165.0
V002632,T002632,2025-03-19,CHI,P044,1,22.0
V002633,T002632,2025-03-19,CHI,P009,1,85.0
V002634,T002634,2025-03-19,CHI,P042,1,28.0
V002635,T002634,2025-03-19,CHI,P043,2,18.0
V002636,T002634,2025-03-19,CHI,P040,1,1450.0
V002637,T002637,2025-03-19,CHI,P085,2,980.0
V002638,T002638,2025-03-19,CHI,P107,1,165.0
V002639,T002639,2025-03-19,CHI,P021,1,85.0
V002640,T002639,2025-03-19,CHI,P023,3,40.0
V002641,T002641,2025-03-19,CHI,P024,3,6.0
V002642,T002642,2025-03-19,CHI,P064,1,38.0
V002643,T002643,2025-03-19,CHI,P063,1,45.0
V002644,T002643,2025-03-19,CHI,P103,2,120.0
V002645,T002645,2025-03-19,CHI,P028,3,180.0
V002646,T002645,2025-03-19,CHI,P063,1,45.0
V002647,T002647,2025-03-19,CHI,P006,3,12.0
V002648,T002648,2025-03-19,CHI,P045,1,45.0
V002649,T002649,2025-03-19,CHI,P001,2,145.0
V002650,T002649,2025-03-19,CHI,P003,2,8.5
V002651,T002651,2025-03-19,CDMX,P086,2,650.0
V002652,T002652,2025-03-19,CDMX,P020,1,55.0
V002653,T002652,2025-03-19,CDMX,P023,1,40.0
V002654,T002654,2025-03-19,CDMX,P100,2,1250.0
V002655,T002654,2025-03-19,CDMX,P105,1,145.0
V002656,T002656,2025-03-19,CDMX,P002,2,180.0
V002657,T002657,2025-03-19,CDMX,P041,1,35.0
V002658,T002657,2025-03-19,CDMX,P043,3,18.0
V002659,T002657,2025-03-19,CDMX,P081,3,65.0
V002660,T002660,2025-03-19,CDMX,P042,1,28.0
V002661,T002660,2025-03-19,CDMX,P043,3,18.0
V002662,T002660,2025-03-19,CDMX,P029,2,95.0
V002663,T002663,2025-03-19,CDMX,P021,2,85.0
V002664,T002663,2025-03-19,CDMX,P023,1,40.0
V002665,T002665,2025-03-19,CDMX,P040,2,1450.0
V002666,T002665,2025-03-19,CDMX,P046,1,280.0
V002667,T002667,2025-03-19,CDMX,P104,3,95.0
V002668,T002667,2025-03-19,CDMX,P012,2,980.0
V002669,T002669,2025-03-19,CDMX,P100,1,1250.0
V002670,T002669,2025-03-19,CDMX,P102,3,45.0
V002671,T002669,2025-03-19,CDMX,P040,3,1450.0
V002672,T002672,2025-03-19,CDMX,P047,3,95.0
V002673,T002673,2025-03-19,CDMX,P025,2,35.0
V002674,T002673,2025-03-19,CDMX,P005,1,65.0
V002675,T002675,2025-03-19,CDMX,P022,1,150.0
V002676,T002675,2025-03-19,CDMX,P023,1,40.0
V002677,T002677,2025-03-19,MTY,P063,1,45.0
V002678,T002677,2025-03-19,MTY,P005,2,65.0
V002679,T002679,2025-03-19,MTY,P064,3,38.0
V002680,T002679,2025-03-19,MTY,P061,2,165.0
V002681,T002679,2025-03-19,MTY,P040,1,1450.0
V002682,T002682,2025-03-19,MTY,P001,1,145.0
V002683,T002682,2025-03-19,MTY,P062,1,320.0
V002684,T002684,2025-03-19,MTY,P003,1,8.5
V002685,T002684,2025-03-19,MTY,P101,1,35.0
V002686,T002686,2025-03-19,MTY,P045,2,45.0
V002687,T002687,2025-03-19,MTY,P023,1,40.0
V002688,T002687,2025-03-19,MTY,P103,1,120.0
V002689,T002689,2025-03-19,MTY,P042,1,28.0
V002690,T002689,2025-03-19,MTY,P043,2,18.0
V002691,T002691,2025-03-19,MTY,P001,3,145.0
V002692,T002692,2025-03-19,MTY,P084,3,18.0
V002693,T002692,2025-03-19,MTY,P062,2,320.0
V002694,T002694,2025-03-19,MTY,P026,2,65.0
V002695,T002695,2025-03-19,MTY,P082,1,25.0
V002696,T002695,2025-03-19,MTY,P008,1,180.0
V002697,T002697,2025-03-19,MTY,P084,1,18.0
V002698,T002698,2025-03-19,MTY,P022,2,150.0
V002699,T002698,2025-03-19,MTY,P023,3,40.0
V002700,T002700,2025-03-19,MTY,P061,2,165.0
V002701,T002700,2025-03-19,MTY,P024,1,6.0
V002702,T002702,2025-03-19,MTY,P002,3,180.0
V002703,T002702,2025-03-19,MTY,P102,3,45.0
V002704,T002704,2025-03-19,MTY,P047,2,95.0
V002705,T002704,2025-03-19,MTY,P086,1,650.0
V002706,T002706,2025-03-20,CUN,P064,3,38.0
V002707,T002706,2025-03-20,CUN,P061,3,165.0
V002708,T002706,2025-03-20,CUN,P001,2,145.0
V002709,T002709,2025-03-20,CUN,P107,3,165.0
V002710,T002709,2025-03-20,CUN,P046,2,280.0
V002711,T002711,2025-03-20,CUN,P003,2,8.5
V002712,T002711,2025-03-20,CUN,P042,3,28.0
V002713,T002713,2025-03-20,CUN,P083,2,65.0
V002714,T002714,2025-03-20,CUN,P020,2,55.0
V002715,T002714,2025-03-20,CUN,P023,2,40.0
V002716,T002716,2025-03-20,CUN,P021,2,85.0
V002717,T002716,2025-03-20,CUN,P023,1,40.0
V002718,T002716,2025-03-20,CUN,P060,2,850.0
V002719,T002719,2025-03-20,CUN,P081,1,65.0
V002720,T002719,2025-03-20,CUN,P062,1,320.0
V002721,T002721,2025-03-20,CUN,P041,2,35.0
V002722,T002721,2025-03-20,CUN,P043,1,18.0
V002723,T002721,2025-03-20,CUN,P030,2,180.0
V002724,T002724,2025-03-20,CUN,P028,3,180.0
V002725,T002725,2025-03-20,CUN,P009,3,85.0
V002726,T002726,2025-03-20,CUN,P042,3,28.0
V002727,T002727,2025-03-20,MID,P103,1,120.0
V002728,T002727,2025-03-20,MID,P106,2,55.0
V002729,T002729,2025-03-20,MID,P021,1,85.0
V002730,T002729,2025-03-20,MID,P023,1,40.0
V002731,T002731,2025-03-20,MID,P100,2,1250.0
V002732,T002731,2025-03-20,MID,P101,1,35.0
V002733,T002731,2025-03-20,MID,P030,1,180.0
V002734,T002734,2025-03-20,MID,P020,1,55.0
V002735,T002734,2025-03-20,MID,P023,1,40.0
V002736,T002736,2025-03-20,MID,P002,2,180.0
V002737,T002737,2025-03-20,MID,P021,1,85.0
V002738,T002737,2025-03-20,MID,P023,1,40.0
V002739,T002737,2025-03-20,MID,P008,2,180.0
V002740,T002740,2025-03-20,MID,P042,1,28.0
V002741,T002740,2025-03-20,MID,P043,1,18.0
V002742,T002742,2025-03-20,MID,P062,3,320.0
V002743,T002742,2025-03-20,MID,P011,2,210.0
V002744,T002744,2025-03-20,MID,P007,2,95.0
V002745,T002745,2025-03-20,MID,P106,1,55.0
V002746,T002746,2025-03-20,MID,P066,1,55.0
V002747,T002747,2025-03-20,MID,P003,1,8.5
V002748,T002748,2025-03-20,MID,P020,1,55.0
V002749,T002749,2025-03-20,MID,P085,3,980.0
V002750,T002749,2025-03-20,MID,P044,1,22.0
V002751,T002751,2025-03-20,MID,P063,1,45.0
V002752,T002751,2025-03-20,MID,P060,2,850.0
V002753,T002751,2025-03-20,MID,P010,2,120.0
V002754,T002754,2025-03-20,MID,P001,1,145.0
V002755,T002754,2025-03-20,MID,P082,1,25.0
V002756,T002756,2025-03-20,MID,P006,2,12.0
V002757,T002756,2025-03-20,MID,P063,1,45.0
V002758,T002758,2025-03-20,MID,P022,2,150.0
V002759,T002758,2025-03-20,MID,P065,1,30.0
V002760,T002760,2025-03-20,CHI,P042,2,28.0
V002761,T002761,2025-03-20,CHI,P060,1,850.0
V002762,T002762,2025-03-20,CHI,P044,2,22.0
V002763,T002762,2025-03-20,CHI,P001,1,145.0
V002764,T002764,2025-03-20,CHI,P063,2,45.0
V002765,T002764,2025-03-20,CHI,P060,1,850.0
V002766,T002764,2025-03-20,CHI,P081,2,65.0
V002767,T002767,2025-03-20,CHI,P082,1,25.0
V002768,T002768,2025-03-20,CHI,P004,3,6.0
V002769,T002769,2025-03-20,CHI,P060,2,850.0
V002770,T002770,2025-03-20,CHI,P013,1,45.0
V002771,T002771,2025-03-20,CHI,P060,1,850.0
V002772,T002772,2025-03-20,CHI,P044,2,22.0
V002773,T002773,2025-03-20,CDMX,P081,3,65.0
V002774,T002773,2025-03-20,CDMX,P028,2,180.0
V002775,T002775,2025-03-20,CDMX,P026,2,65.0
V002776,T002775,2025-03-20,CDMX,P044,3,22.0
V002777,T002777,2025-03-20,CDMX,P009,2,85.0
V002778,T002778,2025-03-20,CDMX,P021,1,85.0
V002779,T002778,2025-03-20,CDMX,P023,2,40.0
V002780,T002780,2025-03-20,CDMX,P022,2,150.0
V002781,T002780,2025-03-20,CDMX,P023,2,40.0
V002782,T002780,2025-03-20,CDMX,P101,1,35.0
V002783,T002783,2025-03-20,CDMX,P042,2,28.0
V002784,T002783,2025-03-20,CDMX,P043,1,18.0
V002785,T002785,2025-03-20,CDMX,P106,1,55.0
V002786,T002785,2025-03-20,CDMX,P060,1,850.0
V002787,T002787,2025-03-20,CDMX,P021,1,85.0
V002788,T002787,2025-03-20,CDMX,P023,2,40.0
V002789,T002787,2025-03-20,CDMX,P047,1,95.0
V002790,T002790,2025-03-20,CDMX,P104,2,95.0
V002791,T002791,2025-03-20,CDMX,P080,2,280.0
V002792,T002792,2025-03-20,CDMX,P042,3,28.0
V002793,T002792,2025-03-20,CDMX,P043,2,18.0
V002794,T002792,2025-03-20,CDMX,P082,3,25.0
V002795,T002795,2025-03-20,CDMX,P064,1,38.0
V002796,T002795,2025-03-20,CDMX,P061,1,165.0
V002797,T002797,2025-03-20,CDMX,P041,1,35.0
V002798,T002797,2025-03-20,CDMX,P043,2,18.0
V002799,T002799,2025-03-20,CDMX,P064,1,38.0
V002800,T002799,2025-03-20,CDMX,P061,1,165.0
V002801,T002801,2025-03-20,CDMX,P022,1,150.0
V002802,T002801,2025-03-20,CDMX,P023,3,40.0
V002803,T002801,2025-03-20,CDMX,P029,2,95.0
V002804,T002804,2025-03-20,CDMX,P082,3,25.0
V002805,T002805,2025-03-20,CDMX,P044,2,22.0
V002806,T002806,2025-03-20,MTY,P105,2,145.0
V002807,T002806,2025-03-20,MTY,P043,3,18.0
V002808,T002808,2025-03-20,MTY,P085,2,980.0
V002809,T002809,2025-03-20,MTY,P041,1,35.0
V002810,T002809,2025-03-20,MTY,P043,2,18.0
V002811,T002809,2025-03-20,MTY,P003,1,8.5
V002812,T002812,2025-03-20,MTY,P008,2,180.0
V002813,T002813,2025-03-20,MTY,P063,1,45.0
V002814,T002813,2025-03-20,MTY,P060,2,850.0
V002815,T002815,2025-03-20,MTY,P063,1,45.0
V002816,T002815,2025-03-20,MTY,P060,2,850.0
V002817,T002815,2025-03-20,MTY,P028,1,180.0
V002818,T002818,2025-03-20,MTY,P010,2,120.0
V002819,T002819,2025-03-20,MTY,P042,1,28.0
V002820,T002819,2025-03-20,MTY,P043,1,18.0
V002821,T002821,2025-03-20,MTY,P047,1,95.0
V002822,T002821,2025-03-20,MTY,P045,1,45.0
V002823,T002823,2025-03-20,MTY,P013,2,45.0
V002824,T002824,2025-03-20,MTY,P086,1,650.0
V002825,T002825,2025-03-20,MTY,P048,2,180.0
V002826,T002826,2025-03-20,MTY,P010,1,120.0
V002827,T002827,2025-03-20,MTY,P064,1,38.0
V002828,T002827,2025-03-20,MTY,P061,2,165.0
V002829,T002827,2025-03-20,MTY,P102,1,45.0
V002830,T002830,2025-03-20,MTY,P044,3,22.0
V002831,T002831,2025-03-20,MTY,P022,2,150.0
V002832,T002831,2025-03-20,MTY,P023,3,40.0
V002833,T002833,2025-03-20,MTY,P085,3,980.0
V002834,T002833,2025-03-20,MTY,P061,2,165.0
V002835,T002835,2025-03-20,MTY,P100,1,1250.0
V002836,T002835,2025-03-20,MTY,P102,2,45.0
V002837,T002837,2025-03-20,MTY,P101,1,35.0
V002838,T002837,2025-03-20,MTY,P102,3,45.0
V002839,T002839,2025-03-21,CUN,P002,3,180.0
V002840,T002839,2025-03-21,CUN,P022,2,150.0
V002841,T002841,2025-03-21,CUN,P104,1,95.0
V002842,T002842,2025-03-21,CUN,P005,1,65.0
V002843,T002843,2025-03-21,CUN,P022,1,150.0
V002844,T002843,2025-03-21,CUN,P023,2,40.0
V002845,T002843,2025-03-21,CUN,P085,1,980.0
V002846,T002846,2025-03-21,CUN,P021,1,85.0
V002847,T002846,2025-03-21,CUN,P023,1,40.0
V002848,T002848,2025-03-21,CUN,P021,3,85.0
V002849,T002848,2025-03-21,CUN,P023,1,40.0
V002850,T002848,2025-03-21,CUN,P105,1,145.0
V002851,T002851,2025-03-21,CUN,P027,1,320.0
V002852,T002851,2025-03-21,CUN,P063,2,45.0
V002853,T002853,2025-03-21,CUN,P022,2,150.0
V002854,T002853,2025-03-21,CUN,P023,1,40.0
V002855,T002853,2025-03-21,CUN,P027,1,320.0
V002856,T002856,2025-03-21,CUN,P041,2,35.0
V002857,T002856,2025-03-21,CUN,P043,1,18.0
V002858,T002856,2025-03-21,CUN,P065,1,30.0
V002859,T002859,2025-03-21,CUN,P100,1,1250.0
V002860,T002859,2025-03-21,CUN,P101,2,35.0
V002861,T002861,2025-03-21,CUN,P041,1,35.0
V002862,T002861,2025-03-21,CUN,P043,1,18.0
V002863,T002863,2025-03-21,CUN,P064,1,38.0
V002864,T002864,2025-03-21,CUN,P081,1,65.0
V002865,T002865,2025-03-21,CUN,P044,1,22.0
V002866,T002865,2025-03-21,CUN,P048,1,180.0
V002867,T002867,2025-03-21,CUN,P002,2,180.0
V002868,T002868,2025-03-21,CUN,P062,2,320.0
V002869,T002868,2025-03-21,CUN,P001,2,145.0
V002870,T002870,2025-03-21,CUN,P022,2,150.0
V002871,T002870,2025-03-21,CUN,P023,1,40.0
V002872,T002870,2025-03-21,CUN,P103,2,120.0
V002873,T002873,2025-03-21,CUN,P064,3,38.0
V002874,T002873,2025-03-21,CUN,P061,1,165.0
V002875,T002875,2025-03-21,CUN,P048,2,180.0
V002876,T002875,2025-03-21,CUN,P012,2,980.0
V002877,T002877,2025-03-21,CUN,P021,1,85.0
V002878,T002877,2025-03-21,CUN,P023,3,40.0
V002879,T002877,2025-03-21,CUN,P009,2,85.0
V002880,T002880,2025-03-21,CUN,P043,1,18.0
V002881,T002880,2025-03-21,CUN,P044,3,22.0
V002882,T002882,2025-03-21,CUN,P080,2,280.0
V002883,T002882,2025-03-21,CUN,P065,1,30.0
V002884,T002884,2025-03-21,MID,P027,2,320.0
V002885,T002884,2025-03-21,MID,P040,1,1450.0
V002886,T002886,2025-03-21,MID,P022,1,150.0
V002887,T002886,2025-03-21,MID,P023,2,40.0
V002888,T002888,2025-03-21,MID,P001,2,145.0
V002889,T002889,2025-03-21,MID,P084,2,18.0
V002890,T002890,2025-03-21,MID,P103,3,120.0
V002891,T002891,2025-03-21,MID,P020,3,55.0
V002892,T002891,2025-03-21,MID,P023,2,40.0
V002893,T002893,2025-03-21,MID,P029,2,95.0
V002894,T002894,2025-03-21,MID,P029,3,95.0
V002895,T002894,2025-03-21,MID,P085,1,980.0
V002896,T002896,2025-03-21,MID,P063,2,45.0
V002897,T002896,2025-03-21,MID,P060,1,850.0
V002898,T002898,2025-03-21,MID,P020,3,55.0
V002899,T002898,2025-03-21,MID,P023,3,40.0
V002900,T002900,2025-03-21,MID,P006,1,12.0
V002901,T002901,2025-03-21,CHI,P030,3,180.0
V002902,T002901,2025-03-21,CHI,P041,3,35.0
V002903,T002903,2025-03-21,CHI,P001,2,145.0
V002904,T002903,2025-03-21,CHI,P084,1,18.0
V002905,T002905,2025-03-21,CHI,P063,1,45.0
V002906,T002906,2025-03-21,CHI,P082,3,25.0
V002907,T002907,2025-03-21,CHI,P063,3,45.0
V002908,T002907,2025-03-21,CHI,P048,1,180.0
V002909,T002909,2025-03-21,CHI,P041,3,35.0
V002910,T002909,2025-03-21,CHI,P043,1,18.0
V002911,T002911,2025-03-21,CHI,P020,3,55.0
V002912,T002911,2025-03-21,CHI,P023,3,40.0
V002913,T002913,2025-03-21,CHI,P023,2,40.0
V002914,T002914,2025-03-21,CHI,P064,3,38.0
V002915,T002914,2025-03-21,CHI,P061,1,165.0
V002916,T002916,2025-03-21,CHI,P027,1,320.0
V002917,T002916,2025-03-21,CHI,P107,1,165.0
V002918,T002918,2025-03-21,CHI,P045,1,45.0
V002919,T002918,2025-03-21,CHI,P043,3,18.0
V002920,T002920,2025-03-21,CDMX,P064,1,38.0
V002921,T002920,2025-03-21,CDMX,P061,1,165.0
V002922,T002922,2025-03-21,CDMX,P062,1,320.0
V002923,T002923,2025-03-21,CDMX,P021,2,85.0
V002924,T002924,2025-03-21,CDMX,P022,1,150.0
V002925,T002924,2025-03-21,CDMX,P026,3,65.0
V002926,T002926,2025-03-21,CDMX,P002,2,180.0
V002927,T002926,2025-03-21,CDMX,P083,3,65.0
V002928,T002928,2025-03-21,CDMX,P106,1,55.0
V002929,T002928,2025-03-21,CDMX,P007,1,95.0
V002930,T002930,2025-03-21,CDMX,P105,1,145.0
V002931,T002930,2025-03-21,CDMX,P082,2,25.0
V002932,T002932,2025-03-21,CDMX,P101,1,35.0
V002933,T002932,2025-03-21,CDMX,P029,1,95.0
V002934,T002934,2025-03-21,CDMX,P003,3,8.5
V002935,T002934,2025-03-21,CDMX,P101,1,35.0
V002936,T002936,2025-03-21,CDMX,P004,2,6.0
V002937,T002937,2025-03-21,CDMX,P064,2,38.0
V002938,T002937,2025-03-21,CDMX,P061,1,165.0
V002939,T002937,2025-03-21,CDMX,P063,1,45.0
V002940,T002940,2025-03-21,MTY,P006,3,12.0
V002941,T002940,2025-03-21,MTY,P048,2,180.0
V002942,T002942,2025-03-21,MTY,P064,2,38.0
V002943,T002942,2025-03-21,MTY,P061,2,165.0
V002944,T002942,2025-03-21,MTY,P029,1,95.0
V002945,T002945,2025-03-21,MTY,P020,1,55.0
V002946,T002945,2025-03-21,MTY,P023,1,40.0
V002947,T002945,2025-03-21,MTY,P026,1,65.0
V002948,T002948,2025-03-21,MTY,P021,1,85.0
V002949,T002948,2025-03-21,MTY,P023,2,40.0
V002950,T002950,2025-03-21,MTY,P100,3,1250.0
V002951,T002950,2025-03-21,MTY,P102,2,45.0
V002952,T002950,2025-03-21,MTY,P029,2,95.0
V002953,T002953,2025-03-21,MTY,P022,1,150.0
V002954,T002953,2025-03-21,MTY,P023,1,40.0
V002955,T002955,2025-03-21,MTY,P064,3,38.0
V002956,T002955,2025-03-21,MTY,P061,1,165.0
V002957,T002957,2025-03-21,MTY,P100,1,1250.0
V002958,T002957,2025-03-21,MTY,P102,2,45.0
V002959,T002959,2025-03-21,MTY,P063,2,45.0
V002960,T002959,2025-03-21,MTY,P060,2,850.0
V002961,T002959,2025-03-21,MTY,P106,3,55.0
V002962,T002962,2025-03-21,MTY,P004,2,6.0
V002963,T002962,2025-03-21,MTY,P084,1,18.0
V002964,T002964,2025-03-21,MTY,P013,3,45.0
V002965,T002965,2025-03-21,MTY,P103,2,120.0
V002966,T002965,2025-03-21,MTY,P012,3,980.0
V002967,T002967,2025-03-21,MTY,P045,1,45.0
V002968,T002968,2025-03-21,MTY,P063,2,45.0
V002969,T002969,2025-03-21,MTY,P063,1,45.0
V002970,T002969,2025-03-21,MTY,P060,2,850.0
V002971,T002969,2025-03-21,MTY,P040,1,1450.0
V002972,T002972,2025-03-21,MTY,P080,2,280.0
V002973,T002972,2025-03-21,MTY,P020,1,55.0
V002974,T002974,2025-03-21,MTY,P063,2,45.0
V002975,T002974,2025-03-21,MTY,P060,1,850.0
V002976,T002976,2025-03-21,MTY,P005,2,65.0
V002977,T002976,2025-03-21,MTY,P028,1,180.0
V002978,T002978,2025-03-21,MTY,P100,1,1250.0
V002979,T002978,2025-03-21,MTY,P101,1,35.0
V002980,T002978,2025-03-21,MTY,P047,1,95.0
V002981,T002981,2025-03-21,MTY,P042,3,28.0
V002982,T002981,2025-03-21,MTY,P043,1,18.0
V002983,T002981,2025-03-21,MTY,P101,1,35.0
V002984,T002984,2025-03-21,MTY,P022,1,150.0
V002985,T002984,2025-03-21,MTY,P002,1,180.0
V002986,T002986,2025-03-22,CUN,P009,1,85.0
V002987,T002986,2025-03-22,CUN,P080,1,280.0
V002988,T002988,2025-03-22,CUN,P026,1,65.0
V002989,T002988,2025-03-22,CUN,P027,3,320.0
V002990,T002990,2025-03-22,CUN,P100,2,1250.0
V002991,T002990,2025-03-22,CUN,P102,2,45.0
V002992,T002992,2025-03-22,CUN,P005,1,65.0
V002993,T002992,2025-03-22,CUN,P100,1,1250.0
V002994,T002994,2025-03-22,CUN,P064,1,38.0
V002995,T002994,2025-03-22,CUN,P061,2,165.0
V002996,T002996,2025-03-22,CUN,P080,2,280.0
V002997,T002996,2025-03-22,CUN,P004,2,6.0
V002998,T002998,2025-03-22,CUN,P100,1,1250.0
V002999,T002998,2025-03-22,CUN,P102,1,45.0
V003000,T002998,2025-03-22,CUN,P011,3,210.0
V003001,T003001,2025-03-22,CUN,P009,2,85.0
V003002,T003002,2025-03-22,MID,P086,3,650.0
V003003,T003002,2025-03-22,MID,P041,2,35.0
V003004,T003004,2025-03-22,MID,P100,2,1250.0
V003005,T003004,2025-03-22,MID,P102,1,45.0
V003006,T003006,2025-03-22,MID,P045,2,45.0
V003007,T003006,2025-03-22,MID,P063,3,45.0
V003008,T003008,2025-03-22,MID,P047,3,95.0
V003009,T003008,2025-03-22,MID,P046,2,280.0
V003010,T003010,2025-03-22,MID,P020,1,55.0
V003011,T003010,2025-03-22,MID,P022,2,150.0
V003012,T003012,2025-03-22,MID,P064,2,38.0
V003013,T003012,2025-03-22,MID,P061,1,165.0
V003014,T003014,2025-03-22,MID,P030,1,180.0
V003015,T003014,2025-03-22,MID,P006,1,12.0
V003016,T003016,2025-03-22,MID,P029,2,95.0
V003017,T003016,2025-03-22,MID,P004,2,6.0
V003018,T003018,2025-03-22,MID,P100,2,1250.0
V003019,T003018,2025-03-22,MID,P101,1,35.0
V003020,T003018,2025-03-22,MID,P030,1,180.0
V003021,T003021,2025-03-22,MID,P005,1,65.0
V003022,T003021,2025-03-22,MID,P048,1,180.0
V003023,T003023,2025-03-22,MID,P100,3,1250.0
V003024,T003023,2025-03-22,MID,P102,1,45.0
V003025,T003025,2025-03-22,MID,P021,1,85.0
V003026,T003025,2025-03-22,MID,P006,2,12.0
V003027,T003027,2025-03-22,MID,P041,1,35.0
V003028,T003027,2025-03-22,MID,P043,1,18.0
V003029,T003029,2025-03-22,MID,P102,1,45.0
V003030,T003030,2025-03-22,MID,P022,3,150.0
V003031,T003030,2025-03-22,MID,P023,3,40.0
V003032,T003032,2025-03-22,MID,P023,1,40.0
V003033,T003032,2025-03-22,MID,P025,2,35.0
V003034,T003034,2025-03-22,MID,P105,3,145.0
V003035,T003035,2025-03-22,MID,P100,1,1250.0
V003036,T003035,2025-03-22,MID,P102,2,45.0
V003037,T003037,2025-03-22,MID,P041,2,35.0
V003038,T003037,2025-03-22,MID,P043,2,18.0
V003039,T003037,2025-03-22,MID,P044,3,22.0
V003040,T003040,2025-03-22,MID,P028,1,180.0
V003041,T003041,2025-03-22,MID,P043,3,18.0
V003042,T003042,2025-03-22,MID,P024,1,6.0
V003043,T003043,2025-03-22,CHI,P022,2,150.0
V003044,T003043,2025-03-22,CHI,P023,3,40.0
V003045,T003043,2025-03-22,CHI,P066,1,55.0
V003046,T003046,2025-03-22,CHI,P064,3,38.0
V003047,T003046,2025-03-22,CHI,P061,2,165.0
V003048,T003046,2025-03-22,CHI,P080,1,280.0
V003049,T003049,2025-03-22,CHI,P020,1,55.0
V003050,T003049,2025-03-22,CHI,P023,1,40.0
V003051,T003051,2025-03-22,CHI,P063,2,45.0
V003052,T003051,2025-03-22,CHI,P060,2,850.0
V003053,T003053,2025-03-22,CHI,P041,1,35.0
V003054,T003054,2025-03-22,CHI,P005,1,65.0
V003055,T003055,2025-03-22,CHI,P028,2,180.0
V003056,T003056,2025-03-22,CHI,P026,2,65.0
V003057,T003056,2025-03-22,CHI,P007,1,95.0
V003058,T003058,2025-03-22,CHI,P100,2,1250.0
V003059,T003058,2025-03-22,CHI,P101,1,35.0
V003060,T003058,2025-03-22,CHI,P013,1,45.0
V003061,T003061,2025-03-22,CHI,P100,2,1250.0
V003062,T003061,2025-03-22,CHI,P102,1,45.0
V003063,T003061,2025-03-22,CHI,P004,1,6.0
V003064,T003064,2025-03-22,CHI,P064,1,38.0
V003065,T003064,2025-03-22,CHI,P061,2,165.0
V003066,T003064,2025-03-22,CHI,P107,2,165.0
V003067,T003067,2025-03-22,CHI,P005,1,65.0
V003068,T003067,2025-03-22,CHI,P102,1,45.0
V003069,T003069,2025-03-22,CHI,P026,2,65.0
V003070,T003069,2025-03-22,CHI,P065,1,30.0
V003071,T003071,2025-03-22,CDMX,P026,2,65.0
V003072,T003072,2025-03-22,CDMX,P045,1,45.0
V003073,T003072,2025-03-22,CDMX,P001,2,145.0
V003074,T003074,2025-03-22,CDMX,P064,1,38.0
V003075,T003074,2025-03-22,CDMX,P061,2,165.0
V003076,T003076,2025-03-22,CDMX,P100,3,1250.0
V003077,T003076,2025-03-22,CDMX,P101,1,35.0
V003078,T003076,2025-03-22,CDMX,P047,1,95.0
V003079,T003079,2025-03-22,CDMX,P045,1,45.0
V003080,T003079,2025-03-22,CDMX,P086,2,650.0
V003081,T003081,2025-03-22,CDMX,P104,2,95.0
V003082,T003082,2025-03-22,CDMX,P064,1,38.0
V003083,T003082,2025-03-22,CDMX,P061,3,165.0
V003084,T003082,2025-03-22,CDMX,P102,2,45.0
V003085,T003085,2025-03-22,CDMX,P020,1,55.0
V003086,T003085,2025-03-22,CDMX,P023,3,40.0
V003087,T003085,2025-03-22,CDMX,P100,2,1250.0
V003088,T003088,2025-03-22,CDMX,P021,3,85.0
V003089,T003088,2025-03-22,CDMX,P023,1,40.0
V003090,T003090,2025-03-22,CDMX,P042,2,28.0
V003091,T003091,2025-03-22,CDMX,P063,1,45.0
V003092,T003091,2025-03-22,CDMX,P060,2,850.0
V003093,T003091,2025-03-22,CDMX,P007,2,95.0
V003094,T003094,2025-03-22,CDMX,P041,2,35.0
V003095,T003094,2025-03-22,CDMX,P043,1,18.0
V003096,T003096,2025-03-22,CDMX,P100,1,1250.0
V003097,T003096,2025-03-22,CDMX,P101,2,35.0
V003098,T003096,2025-03-22,CDMX,P066,1,55.0
V003099,T003099,2025-03-22,CDMX,P021,1,85.0
V003100,T003099,2025-03-22,CDMX,P023,1,40.0
V003101,T003101,2025-03-22,CDMX,P045,2,45.0
V003102,T003101,2025-03-22,CDMX,P005,3,65.0
V003103,T003103,2025-03-22,CDMX,P100,1,1250.0
V003104,T003103,2025-03-22,CDMX,P101,1,35.0
V003105,T003103,2025-03-22,CDMX,P084,1,18.0
V003106,T003106,2025-03-22,CDMX,P012,2,980.0
V003107,T003106,2025-03-22,CDMX,P044,1,22.0
V003108,T003108,2025-03-22,MTY,P001,1,145.0
V003109,T003109,2025-03-22,MTY,P012,3,980.0
V003110,T003109,2025-03-22,MTY,P003,2,8.5
V003111,T003111,2025-03-22,MTY,P020,2,55.0
V003112,T003111,2025-03-22,MTY,P023,3,40.0
V003113,T003113,2025-03-22,MTY,P082,2,25.0
V003114,T003114,2025-03-22,MTY,P044,2,22.0
V003115,T003114,2025-03-22,MTY,P001,1,145.0
V003116,T003116,2025-03-22,MTY,P030,1,180.0
V003117,T003117,2025-03-22,MTY,P064,1,38.0
V003118,T003117,2025-03-22,MTY,P061,3,165.0
V003119,T003117,2025-03-22,MTY,P001,3,145.0
V003120,T003120,2025-03-22,MTY,P021,3,85.0
V003121,T003120,2025-03-22,MTY,P023,1,40.0
V003122,T003122,2025-03-22,MTY,P003,1,8.5
V003123,T003122,2025-03-22,MTY,P007,1,95.0
V003124,T003124,2025-03-23,CUN,P066,2,55.0
V003125,T003124,2025-03-23,CUN,P046,1,280.0
V003126,T003126,2025-03-23,CUN,P021,2,85.0
V003127,T003126,2025-03-23,CUN,P023,3,40.0
V003128,T003126,2025-03-23,CUN,P013,1,45.0
V003129,T003129,2025-03-23,CUN,P041,1,35.0
V003130,T003129,2025-03-23,CUN,P043,3,18.0
V003131,T003129,2025-03-23,CUN,P005,2,65.0
V003132,T003132,2025-03-23,CUN,P001,2,145.0
V003133,T003132,2025-03-23,CUN,P066,1,55.0
V003134,T003134,2025-03-23,CUN,P103,2,120.0
V003135,T003135,2025-03-23,CUN,P021,3,85.0
V003136,T003135,2025-03-23,CUN,P023,3,40.0
V003137,T003137,2025-03-23,CUN,P005,3,65.0
V003138,T003137,2025-03-23,CUN,P066,1,55.0
V003139,T003139,2025-03-23,CUN,P082,2,25.0
V003140,T003139,2025-03-23,CUN,P027,2,320.0
V003141,T003141,2025-03-23,CUN,P048,1,180.0
V003142,T003142,2025-03-23,CUN,P085,1,980.0
V003143,T003143,2025-03-23,CUN,P021,1,85.0
V003144,T003143,2025-03-23,CUN,P023,2,40.0
V003145,T003143,2025-03-23,CUN,P065,1,30.0
V003146,T003146,2025-03-23,CUN,P063,2,45.0
V003147,T003146,2025-03-23,CUN,P060,1,850.0
V003148,T003146,2025-03-23,CUN,P022,3,150.0
V003149,T003149,2025-03-23,CUN,P100,1,1250.0
V003150,T003149,2025-03-23,CUN,P101,1,35.0
V003151,T003151,2025-03-23,CUN,P020,2,55.0
V003152,T003151,2025-03-23,CUN,P023,3,40.0
V003153,T003153,2025-03-23,CUN,P101,1,35.0
V003154,T003153,2025-03-23,CUN,P085,1,980.0
V003155,T003155,2025-03-23,CUN,P100,1,1250.0
V003156,T003155,2025-03-23,CUN,P102,3,45.0
V003157,T003157,2025-03-23,MID,P065,2,30.0
V003158,T003158,2025-03-23,MID,P100,1,1250.0
V003159,T003158,2025-03-23,MID,P101,2,35.0
V003160,T003160,2025-03-23,MID,P041,1,35.0
V003161,T003160,2025-03-23,MID,P043,1,18.0
V003162,T003160,2025-03-23,MID,P107,1,165.0
V003163,T003163,2025-03-23,MID,P100,1,1250.0
V003164,T003163,2025-03-23,MID,P102,1,45.0
V003165,T003165,2025-03-23,MID,P043,1,18.0
V003166,T003166,2025-03-23,MID,P041,1,35.0
V003167,T003166,2025-03-23,MID,P043,1,18.0
V003168,T003166,2025-03-23,MID,P020,1,55.0
V003169,T003169,2025-03-23,MID,P080,2,280.0
V003170,T003169,2025-03-23,MID,P085,1,980.0
V003171,T003171,2025-03-23,MID,P030,2,180.0
V003172,T003171,2025-03-23,MID,P013,2,45.0
V003173,T003173,2025-03-23,MID,P100,2,1250.0
V003174,T003173,2025-03-23,MID,P012,1,980.0
V003175,T003175,2025-03-23,MID,P043,1,18.0
V003176,T003176,2025-03-23,MID,P010,1,120.0
V003177,T003177,2025-03-23,MID,P100,2,1250.0
V003178,T003177,2025-03-23,MID,P101,2,35.0
V003179,T003177,2025-03-23,MID,P024,2,6.0
V003180,T003180,2025-03-23,MID,P022,1,150.0
V003181,T003180,2025-03-23,MID,P023,1,40.0
V003182,T003182,2025-03-23,MID,P001,3,145.0
V003183,T003182,2025-03-23,MID,P044,1,22.0
V003184,T003184,2025-03-23,MID,P042,3,28.0
V003185,T003185,2025-03-23,MID,P024,2,6.0
V003186,T003186,2025-03-23,MID,P020,1,55.0
V003187,T003186,2025-03-23,MID,P023,2,40.0
V003188,T003188,2025-03-23,MID,P011,1,210.0
V003189,T003188,2025-03-23,MID,P030,3,180.0
V003190,T003190,2025-03-23,MID,P100,1,1250.0
V003191,T003190,2025-03-23,MID,P101,3,35.0
V003192,T003192,2025-03-23,CHI,P043,1,18.0
V003193,T003193,2025-03-23,CHI,P105,1,145.0
V003194,T003193,2025-03-23,CHI,P064,3,38.0
V003195,T003195,2025-03-23,CHI,P010,3,120.0
V003196,T003195,2025-03-23,CHI,P040,1,1450.0
V003197,T003197,2025-03-23,CHI,P022,3,150.0
V003198,T003197,2025-03-23,CHI,P023,3,40.0
V003199,T003197,2025-03-23,CHI,P080,2,280.0
V003200,T003200,2025-03-23,CHI,P001,1,145.0
V003201,T003201,2025-03-23,CHI,P023,2,40.0
V003202,T003202,2025-03-23,CHI,P082,2,25.0
V003203,T003203,2025-03-23,CHI,P064,3,38.0
V003204,T003203,2025-03-23,CHI,P061,1,165.0
V003205,T003205,2025-03-23,CDMX,P102,1,45.0
V003206,T003206,2025-03-23,CDMX,P041,2,35.0
V003207,T003206,2025-03-23,CDMX,P043,3,18.0
V003208,T003208,2025-03-23,CDMX,P022,1,150.0
V003209,T003208,2025-03-23,CDMX,P023,1,40.0
V003210,T003210,2025-03-23,CDMX,P064,3,38.0
V003211,T003210,2025-03-23,CDMX,P061,1,165.0
V003212,T003212,2025-03-23,CDMX,P011,1,210.0
V003213,T003212,2025-03-23,CDMX,P012,1,980.0
V003214,T003214,2025-03-23,CDMX,P048,2,180.0
V003215,T003215,2025-03-23,CDMX,P020,1,55.0
V003216,T003215,2025-03-23,CDMX,P005,1,65.0
V003217,T003217,2025-03-23,CDMX,P064,1,38.0
V003218,T003217,2025-03-23,CDMX,P061,3,165.0
V003219,T003217,2025-03-23,CDMX,P103,1,120.0
V003220,T003220,2025-03-23,CDMX,P021,1,85.0
V003221,T003220,2025-03-23,CDMX,P023,1,40.0
V003222,T003222,2025-03-23,MTY,P100,1,1250.0
V003223,T003222,2025-03-23,MTY,P101,1,35.0
V003224,T003224,2025-03-23,MTY,P020,1,55.0
V003225,T003224,2025-03-23,MTY,P023,1,40.0
V003226,T003226,2025-03-23,MTY,P020,1,55.0
V003227,T003226,2025-03-23,MTY,P023,2,40.0
V003228,T003226,2025-03-23,MTY,P044,2,22.0
V003229,T003229,2025-03-23,MTY,P065,1,30.0
V003230,T003229,2025-03-23,MTY,P028,1,180.0
V003231,T003231,2025-03-23,MTY,P030,2,180.0
V003232,T003232,2025-03-23,MTY,P029,1,95.0
V003233,T003233,2025-03-23,MTY,P064,1,38.0
V003234,T003233,2025-03-23,MTY,P061,1,165.0
V003235,T003235,2025-03-23,MTY,P060,1,850.0
V003236,T003235,2025-03-23,MTY,P064,1,38.0
V003237,T003237,2025-03-23,MTY,P083,2,65.0
V003238,T003238,2025-03-23,MTY,P082,1,25.0
V003239,T003238,2025-03-23,MTY,P107,1,165.0
V003240,T003240,2025-03-23,MTY,P003,3,8.5
V003241,T003241,2025-03-23,MTY,P100,3,1250.0
V003242,T003241,2025-03-23,MTY,P101,2,35.0
V003243,T003241,2025-03-23,MTY,P041,1,35.0
V003244,T003244,2025-03-23,MTY,P100,3,1250.0
V003245,T003244,2025-03-23,MTY,P101,1,35.0
V003246,T003246,2025-03-23,MTY,P025,3,35.0
V003247,T003247,2025-03-23,MTY,P100,3,1250.0
V003248,T003247,2025-03-23,MTY,P102,2,45.0
V003249,T003249,2025-03-23,MTY,P100,1,1250.0
V003250,T003249,2025-03-23,MTY,P101,3,35.0
V003251,T003251,2025-03-23,MTY,P045,1,45.0
V003252,T003251,2025-03-23,MTY,P029,2,95.0
V003253,T003253,2025-03-24,CUN,P022,3,150.0
V003254,T003253,2025-03-24,CUN,P065,3,30.0
V003255,T003255,2025-03-24,CUN,P064,1,38.0
V003256,T003255,2025-03-24,CUN,P061,1,165.0
V003257,T003257,2025-03-24,CUN,P027,1,320.0
V003258,T003258,2025-03-24,CUN,P042,3,28.0
V003259,T003258,2025-03-24,CUN,P043,1,18.0
V003260,T003260,2025-03-24,CUN,P061,2,165.0
V003261,T003261,2025-03-24,CUN,P063,2,45.0
V003262,T003261,2025-03-24,CUN,P060,2,850.0
V003263,T003263,2025-03-24,CUN,P063,3,45.0
V003264,T003263,2025-03-24,CUN,P060,3,850.0
V003265,T003263,2025-03-24,CUN,P064,2,38.0
V003266,T003266,2025-03-24,CUN,P103,2,120.0
V003267,T003267,2025-03-24,CUN,P021,1,85.0
V003268,T003267,2025-03-24,CUN,P025,1,35.0
V003269,T003269,2025-03-24,CUN,P041,1,35.0
V003270,T003269,2025-03-24,CUN,P043,2,18.0
V003271,T003271,2025-03-24,CUN,P060,1,850.0
V003272,T003272,2025-03-24,CUN,P100,2,1250.0
V003273,T003272,2025-03-24,CUN,P102,1,45.0
V003274,T003272,2025-03-24,CUN,P027,1,320.0
V003275,T003275,2025-03-24,CUN,P103,2,120.0
V003276,T003275,2025-03-24,CUN,P060,1,850.0
V003277,T003277,2025-03-24,CUN,P020,2,55.0
V003278,T003277,2025-03-24,CUN,P023,1,40.0
V003279,T003279,2025-03-24,CUN,P042,2,28.0
V003280,T003279,2025-03-24,CUN,P043,3,18.0
V003281,T003281,2025-03-24,CUN,P065,3,30.0
V003282,T003282,2025-03-24,CUN,P063,1,45.0
V003283,T003282,2025-03-24,CUN,P060,1,850.0
V003284,T003282,2025-03-24,CUN,P107,3,165.0
V003285,T003285,2025-03-24,CUN,P080,2,280.0
V003286,T003286,2025-03-24,MID,P040,1,1450.0
V003287,T003286,2025-03-24,MID,P083,3,65.0
V003288,T003288,2025-03-24,MID,P041,1,35.0
V003289,T003288,2025-03-24,MID,P043,1,18.0
V003290,T003290,2025-03-24,MID,P086,3,650.0
V003291,T003290,2025-03-24,MID,P107,1,165.0
V003292,T003292,2025-03-24,MID,P062,2,320.0
V003293,T003292,2025-03-24,MID,P030,1,180.0
V003294,T003294,2025-03-24,MID,P041,1,35.0
V003295,T003294,2025-03-24,MID,P064,3,38.0
V003296,T003296,2025-03-24,MID,P084,2,18.0
V003297,T003297,2025-03-24,MID,P063,2,45.0
V003298,T003297,2025-03-24,MID,P060,1,850.0
V003299,T003299,2025-03-24,MID,P085,2,980.0
V003300,T003299,2025-03-24,MID,P060,1,850.0
V003301,T003301,2025-03-24,MID,P046,1,280.0
V003302,T003301,2025-03-24,MID,P011,3,210.0
V003303,T003303,2025-03-24,MID,P020,1,55.0
V003304,T003303,2025-03-24,MID,P023,3,40.0
V003305,T003303,2025-03-24,MID,P085,1,980.0
V003306,T003306,2025-03-24,MID,P080,1,280.0
V003307,T003307,2025-03-24,MID,P085,1,980.0
V003308,T003308,2025-03-24,CHI,P064,3,38.0
V003309,T003308,2025-03-24,CHI,P009,2,85.0
V003310,T003310,2025-03-24,CHI,P021,3,85.0
V003311,T003310,2025-03-24,CHI,P023,2,40.0
V003312,T003310,2025-03-24,CHI,P041,1,35.0
V003313,T003313,2025-03-24,CHI,P040,3,1450.0
V003314,T003314,2025-03-24,CHI,P102,2,45.0
V003315,T003314,2025-03-24,CHI,P084,1,18.0
V003316,T003316,2025-03-24,CHI,P044,1,22.0
V003317,T003316,2025-03-24,CHI,P007,1,95.0
V003318,T003318,2025-03-24,CHI,P082,1,25.0
V003319,T003319,2025-03-24,CHI,P100,2,1250.0
V003320,T003319,2025-03-24,CHI,P101,1,35.0
V003321,T003319,2025-03-24,CHI,P066,2,55.0
V003322,T003322,2025-03-24,CHI,P081,1,65.0
V003323,T003323,2025-03-24,CHI,P007,2,95.0
V003324,T003323,2025-03-24,CHI,P065,1,30.0
V003325,T003325,2025-03-24,CHI,P005,2,65.0
V003326,T003326,2025-03-24,CHI,P060,2,850.0
V003327,T003326,2025-03-24,CHI,P044,2,22.0
V003328,T003328,2025-03-24,CHI,P103,1,120.0
V003329,T003329,2025-03-24,CHI,P008,1,180.0
V003330,T003329,2025-03-24,CHI,P048,1,180.0
V003331,T003331,2025-03-24,CHI,P104,2,95.0
V003332,T003331,2025-03-24,CHI,P003,1,8.5
V003333,T003333,2025-03-24,CHI,P006,1,12.0
V003334,T003334,2025-03-24,CHI,P021,1,85.0
V003335,T003334,2025-03-24,CHI,P023,2,40.0
V003336,T003336,2025-03-24,CDMX,P082,2,25.0
V003337,T003336,2025-03-24,CDMX,P024,1,6.0
V003338,T003338,2025-03-24,CDMX,P044,1,22.0
V003339,T003338,2025-03-24,CDMX,P041,2,35.0
V003340,T003340,2025-03-24,CDMX,P029,2,95.0
V003341,T003341,2025-03-24,CDMX,P021,1,85.0
V003342,T003341,2025-03-24,CDMX,P023,1,40.0
V003343,T003343,2025-03-24,CDMX,P022,1,150.0
V003344,T003343,2025-03-24,CDMX,P023,2,40.0
V003345,T003343,2025-03-24,CDMX,P086,2,650.0
V003346,T003346,2025-03-24,CDMX,P063,2,45.0
V003347,T003346,2025-03-24,CDMX,P060,1,850.0
V003348,T003346,2025-03-24,CDMX,P065,2,30.0
V003349,T003349,2025-03-24,CDMX,P064,1,38.0
V003350,T003349,2025-03-24,CDMX,P061,2,165.0
V003351,T003351,2025-03-24,CDMX,P023,3,40.0
V003352,T003352,2025-03-24,CDMX,P041,3,35.0
V003353,T003352,2025-03-24,CDMX,P043,3,18.0
V003354,T003352,2025-03-24,CDMX,P066,3,55.0
V003355,T003355,2025-03-24,CDMX,P063,3,45.0
V003356,T003355,2025-03-24,CDMX,P060,2,850.0
V003357,T003357,2025-03-24,MTY,P022,2,150.0
V003358,T003357,2025-03-24,MTY,P023,1,40.0
V003359,T003357,2025-03-24,MTY,P082,2,25.0
V003360,T003360,2025-03-24,MTY,P042,2,28.0
V003361,T003360,2025-03-24,MTY,P043,2,18.0
V003362,T003360,2025-03-24,MTY,P007,1,95.0
V003363,T003363,2025-03-24,MTY,P021,1,85.0
V003364,T003363,2025-03-24,MTY,P023,1,40.0
V003365,T003363,2025-03-24,MTY,P026,1,65.0
V003366,T003366,2025-03-24,MTY,P021,2,85.0
V003367,T003366,2025-03-24,MTY,P023,1,40.0
V003368,T003366,2025-03-24,MTY,P106,1,55.0
V003369,T003369,2025-03-24,MTY,P042,2,28.0
V003370,T003369,2025-03-24,MTY,P043,1,18.0
V003371,T003371,2025-03-24,MTY,P084,1,18.0
V003372,T003372,2025-03-24,MTY,P065,1,30.0
V003373,T003372,2025-03-24,MTY,P004,2,6.0
V003374,T003374,2025-03-24,MTY,P100,2,1250.0
V003375,T003374,2025-03-24,MTY,P102,2,45.0
V003376,T003376,2025-03-24,MTY,P023,1,40.0
V003377,T003376,2025-03-24,MTY,P043,3,18.0
V003378,T003378,2025-03-24,MTY,P064,1,38.0
V003379,T003378,2025-03-24,MTY,P061,1,165.0
V003380,T003380,2025-03-24,MTY,P080,3,280.0
V003381,T003381,2025-03-24,MTY,P083,3,65.0
V003382,T003382,2025-03-24,MTY,P044,2,22.0
V003383,T003383,2025-03-24,MTY,P024,2,6.0
V003384,T003384,2025-03-24,MTY,P105,1,145.0
V003385,T003384,2025-03-24,MTY,P061,1,165.0
V003386,T003386,2025-03-24,MTY,P062,1,320.0
V003387,T003387,2025-03-24,MTY,P006,3,12.0
V003388,T003387,2025-03-24,MTY,P004,1,6.0
V003389,T003389,2025-03-25,CUN,P104,2,95.0
V003390,T003390,2025-03-25,CUN,P086,3,650.0
V003391,T003390,2025-03-25,CUN,P043,3,18.0
V003392,T003392,2025-03-25,CUN,P084,1,18.0
V003393,T003392,2025-03-25,CUN,P001,3,145.0
V003394,T003394,2025-03-25,CUN,P064,3,38.0
V003395,T003394,2025-03-25,CUN,P061,1,165.0
V003396,T003396,2025-03-25,CUN,P100,1,1250.0
V003397,T003396,2025-03-25,CUN,P102,2,45.0
V003398,T003398,2025-03-25,CUN,P011,2,210.0
V003399,T003399,2025-03-25,CUN,P012,2,980.0
V003400,T003399,2025-03-25,CUN,P085,1,980.0
V003401,T003401,2025-03-25,CUN,P043,1,18.0
V003402,T003401,2025-03-25,CUN,P013,1,45.0
V003403,T003403,2025-03-25,CUN,P022,1,150.0
V003404,T003404,2025-03-25,CUN,P100,3,1250.0
V003405,T003404,2025-03-25,CUN,P101,3,35.0
V003406,T003404,2025-03-25,CUN,P022,2,150.0
V003407,T003407,2025-03-25,CUN,P012,2,980.0
V003408,T003408,2025-03-25,CUN,P004,1,6.0
V003409,T003408,2025-03-25,CUN,P047,1,95.0
V003410,T003410,2025-03-25,CUN,P005,1,65.0
V003411,T003411,2025-03-25,CUN,P001,2,145.0
V003412,T003411,2025-03-25,CUN,P022,2,150.0
V003413,T003413,2025-03-25,CUN,P042,1,28.0
V003414,T003414,2025-03-25,CUN,P023,1,40.0
V003415,T003414,2025-03-25,CUN,P028,1,180.0
V003416,T003416,2025-03-25,MID,P061,1,165.0
V003417,T003417,2025-03-25,MID,P082,1,25.0
V003418,T003418,2025-03-25,MID,P064,3,38.0
V003419,T003418,2025-03-25,MID,P061,1,165.0
V003420,T003418,2025-03-25,MID,P100,1,1250.0
V003421,T003421,2025-03-25,MID,P020,1,55.0
V003422,T003421,2025-03-25,MID,P023,1,40.0
V003423,T003421,2025-03-25,MID,P030,1,180.0
V003424,T003424,2025-03-25,MID,P046,1,280.0
V003425,T003425,2025-03-25,MID,P100,3,1250.0
V003426,T003425,2025-03-25,MID,P101,3,35.0
V003427,T003427,2025-03-25,MID,P064,3,38.0
V003428,T003427,2025-03-25,MID,P061,2,165.0
V003429,T003429,2025-03-25,MID,P021,1,85.0
V003430,T003429,2025-03-25,MID,P023,1,40.0
V003431,T003431,2025-03-25,MID,P020,1,55.0
V003432,T003431,2025-03-25,MID,P023,1,40.0
V003433,T003433,2025-03-25,MID,P028,1,180.0
V003434,T003433,2025-03-25,MID,P046,2,280.0
V003435,T003435,2025-03-25,MID,P025,1,35.0
V003436,T003435,2025-03-25,MID,P066,2,55.0
V003437,T003437,2025-03-25,MID,P100,1,1250.0
V003438,T003437,2025-03-25,MID,P102,1,45.0
V003439,T003437,2025-03-25,MID,P024,3,6.0
V003440,T003440,2025-03-25,MID,P064,1,38.0
V003441,T003440,2025-03-25,MID,P061,3,165.0
V003442,T003440,2025-03-25,MID,P063,3,45.0
V003443,T003443,2025-03-25,MID,P012,3,980.0
V003444,T003443,2025-03-25,MID,P085,3,980.0
V003445,T003445,2025-03-25,CHI,P022,1,150.0
V003446,T003445,2025-03-25,CHI,P023,1,40.0
V003447,T003447,2025-03-25,CHI,P066,2,55.0
V003448,T003447,2025-03-25,CHI,P100,2,1250.0
V003449,T003449,2025-03-25,CHI,P084,1,18.0
V003450,T003450,2025-03-25,CHI,P064,3,38.0
V003451,T003450,2025-03-25,CHI,P061,1,165.0
V003452,T003450,2025-03-25,CHI,P043,1,18.0
V003453,T003453,2025-03-25,CHI,P063,2,45.0
V003454,T003453,2025-03-25,CHI,P060,1,850.0
V003455,T003453,2025-03-25,CHI,P028,1,180.0
V003456,T003456,2025-03-25,CHI,P012,3,980.0
V003457,T003456,2025-03-25,CHI,P004,1,6.0
V003458,T003458,2025-03-25,CHI,P100,2,1250.0
V003459,T003458,2025-03-25,CHI,P101,1,35.0
V003460,T003458,2025-03-25,CHI,P060,1,850.0
V003461,T003461,2025-03-25,CHI,P030,3,180.0
V003462,T003461,2025-03-25,CHI,P007,1,95.0
V003463,T003463,2025-03-25,CHI,P102,1,45.0
V003464,T003464,2025-03-25,CHI,P060,2,850.0
V003465,T003464,2025-03-25,CHI,P023,2,40.0
V003466,T003466,2025-03-25,CDMX,P009,2,85.0
V003467,T003467,2025-03-25,CDMX,P041,1,35.0
V003468,T003467,2025-03-25,CDMX,P043,1,18.0
V003469,T003467,2025-03-25,CDMX,P029,2,95.0
V003470,T003470,2025-03-25,CDMX,P026,1,65.0
V003471,T003471,2025-03-25,CDMX,P010,2,120.0
V003472,T003471,2025-03-25,CDMX,P012,3,980.0
V003473,T003473,2025-03-25,CDMX,P100,1,1250.0
V003474,T003473,2025-03-25,CDMX,P102,2,45.0
V003475,T003475,2025-03-25,CDMX,P008,1,180.0
V003476,T003476,2025-03-25,CDMX,P060,2,850.0
V003477,T003477,2025-03-25,CDMX,P011,3,210.0
V003478,T003478,2025-03-25,CDMX,P025,3,35.0
V003479,T003478,2025-03-25,CDMX,P047,1,95.0
V003480,T003480,2025-03-25,MTY,P047,2,95.0
V003481,T003481,2025-03-25,MTY,P011,2,210.0
V003482,T003481,2025-03-25,MTY,P043,2,18.0
V003483,T003483,2025-03-25,MTY,P012,1,980.0
V003484,T003483,2025-03-25,MTY,P010,2,120.0
V003485,T003485,2025-03-25,MTY,P103,2,120.0
V003486,T003486,2025-03-25,MTY,P060,1,850.0
V003487,T003486,2025-03-25,MTY,P086,3,650.0
V003488,T003488,2025-03-25,MTY,P021,1,85.0
V003489,T003488,2025-03-25,MTY,P023,1,40.0
V003490,T003488,2025-03-25,MTY,P004,1,6.0
V003491,T003491,2025-03-25,MTY,P024,1,6.0
V003492,T003492,2025-03-25,MTY,P004,1,6.0
V003493,T003493,2025-03-25,MTY,P020,1,55.0
V003494,T003494,2025-03-25,MTY,P080,1,280.0
V003495,T003495,2025-03-25,MTY,P100,2,1250.0
V003496,T003495,2025-03-25,MTY,P102,1,45.0
V003497,T003495,2025-03-25,MTY,P008,1,180.0
V003498,T003498,2025-03-25,MTY,P080,1,280.0
V003499,T003499,2025-03-25,MTY,P042,2,28.0
V003500,T003499,2025-03-25,MTY,P043,3,18.0
V003501,T003499,2025-03-25,MTY,P106,2,55.0
V003502,T003502,2025-03-25,MTY,P064,1,38.0
V003503,T003502,2025-03-25,MTY,P061,3,165.0
V003504,T003504,2025-03-25,MTY,P062,1,320.0
V003505,T003504,2025-03-25,MTY,P029,1,95.0
V003506,T003506,2025-03-25,MTY,P064,3,38.0
V003507,T003506,2025-03-25,MTY,P061,2,165.0
V003508,T003506,2025-03-25,MTY,P020,1,55.0
V003509,T003509,2025-03-25,MTY,P100,1,1250.0
V003510,T003509,2025-03-25,MTY,P101,1,35.0
V003511,T003509,2025-03-25,MTY,P012,1,980.0
V003512,T003512,2025-03-25,MTY,P086,1,650.0
V003513,T003512,2025-03-25,MTY,P023,1,40.0
V003514,T003514,2025-03-25,MTY,P105,1,145.0
V003515,T003514,2025-03-25,MTY,P060,1,850.0
V003516,T003516,2025-03-26,CUN,P045,2,45.0
V003517,T003517,2025-03-26,CUN,P100,1,1250.0
V003518,T003517,2025-03-26,CUN,P102,2,45.0
V003519,T003517,2025-03-26,CUN,P065,1,30.0
V003520,T003520,2025-03-26,CUN,P001,3,145.0
V003521,T003521,2025-03-26,CUN,P009,1,85.0
V003522,T003521,2025-03-26,CUN,P006,3,12.0
V003523,T003523,2025-03-26,CUN,P103,1,120.0
V003524,T003524,2025-03-26,CUN,P105,1,145.0
V003525,T003524,2025-03-26,CUN,P063,1,45.0
V003526,T003526,2025-03-26,CUN,P063,1,45.0
V003527,T003527,2025-03-26,CUN,P100,3,1250.0
V003528,T003527,2025-03-26,CUN,P101,1,35.0
V003529,T003527,2025-03-26,CUN,P005,3,65.0
V003530,T003530,2025-03-26,CUN,P002,1,180.0
V003531,T003531,2025-03-26,MID,P100,2,1250.0
V003532,T003531,2025-03-26,MID,P102,1,45.0
V003533,T003533,2025-03-26,MID,P041,1,35.0
V003534,T003533,2025-03-26,MID,P043,1,18.0
V003535,T003533,2025-03-26,MID,P030,3,180.0
V003536,T003536,2025-03-26,MID,P064,3,38.0
V003537,T003536,2025-03-26,MID,P061,1,165.0
V003538,T003538,2025-03-26,MID,P008,1,180.0
V003539,T003538,2025-03-26,MID,P105,1,145.0
V003540,T003540,2025-03-26,MID,P063,1,45.0
V003541,T003540,2025-03-26,MID,P060,1,850.0
V003542,T003540,2025-03-26,MID,P102,2,45.0
V003543,T003543,2025-03-26,MID,P064,2,38.0
V003544,T003543,2025-03-26,MID,P061,1,165.0
V003545,T003545,2025-03-26,MID,P010,3,120.0
V003546,T003546,2025-03-26,MID,P042,2,28.0
V003547,T003546,2025-03-26,MID,P043,3,18.0
V003548,T003546,2025-03-26,MID,P007,1,95.0
V003549,T003549,2025-03-26,MID,P104,1,95.0
V003550,T003550,2025-03-26,MID,P010,1,120.0
V003551,T003551,2025-03-26,MID,P064,2,38.0
V003552,T003551,2025-03-26,MID,P061,1,165.0
V003553,T003551,2025-03-26,MID,P081,1,65.0
V003554,T003554,2025-03-26,MID,P086,1,650.0
V003555,T003554,2025-03-26,MID,P007,1,95.0
V003556,T003556,2025-03-26,MID,P029,3,95.0
V003557,T003556,2025-03-26,MID,P030,2,180.0
V003558,T003558,2025-03-26,MID,P080,3,280.0
V003559,T003558,2025-03-26,MID,P082,1,25.0
V003560,T003560,2025-03-26,MID,P024,1,6.0
V003561,T003561,2025-03-26,MID,P080,1,280.0
V003562,T003562,2025-03-26,CHI,P020,1,55.0
V003563,T003562,2025-03-26,CHI,P023,1,40.0
V003564,T003562,2025-03-26,CHI,P040,1,1450.0
V003565,T003565,2025-03-26,CHI,P030,1,180.0
V003566,T003566,2025-03-26,CHI,P022,2,150.0
V003567,T003566,2025-03-26,CHI,P023,2,40.0
V003568,T003568,2025-03-26,CHI,P041,3,35.0
V003569,T003568,2025-03-26,CHI,P043,3,18.0
V003570,T003568,2025-03-26,CHI,P009,1,85.0
V003571,T003571,2025-03-26,CHI,P005,3,65.0
V003572,T003571,2025-03-26,CHI,P064,2,38.0
V003573,T003573,2025-03-26,CHI,P022,1,150.0
V003574,T003573,2025-03-26,CHI,P023,1,40.0
V003575,T003573,2025-03-26,CHI,P028,1,180.0
V003576,T003576,2025-03-26,CHI,P064,3,38.0
V003577,T003576,2025-03-26,CHI,P061,1,165.0
V003578,T003576,2025-03-26,CHI,P012,3,980.0
V003579,T003579,2025-03-26,CHI,P026,2,65.0
V003580,T003579,2025-03-26,CHI,P065,3,30.0
V003581,T003581,2025-03-26,CHI,P025,3,35.0
V003582,T003581,2025-03-26,CHI,P005,1,65.0
V003583,T003583,2025-03-26,CHI,P012,1,980.0
V003584,T003584,2025-03-26,CHI,P082,1,25.0
V003585,T003585,2025-03-26,CHI,P048,1,180.0
V003586,T003585,2025-03-26,CHI,P020,1,55.0
V003587,T003587,2025-03-26,CHI,P060,3,850.0
V003588,T003587,2025-03-26,CHI,P105,1,145.0
V003589,T003589,2025-03-26,CDMX,P021,2,85.0
V003590,T003589,2025-03-26,CDMX,P084,2,18.0
V003591,T003591,2025-03-26,CDMX,P105,2,145.0
V003592,T003592,2025-03-26,CDMX,P064,1,38.0
V003593,T003592,2025-03-26,CDMX,P061,1,165.0
V003594,T003594,2025-03-26,CDMX,P081,1,65.0
V003595,T003594,2025-03-26,CDMX,P022,1,150.0
V003596,T003596,2025-03-26,CDMX,P062,1,320.0
V003597,T003596,2025-03-26,CDMX,P010,1,120.0
V003598,T003598,2025-03-26,CDMX,P020,1,55.0
V003599,T003598,2025-03-26,CDMX,P023,1,40.0
V003600,T003600,2025-03-26,CDMX,P080,1,280.0
V003601,T003601,2025-03-26,CDMX,P020,2,55.0
V003602,T003601,2025-03-26,CDMX,P023,1,40.0
V003603,T003603,2025-03-26,CDMX,P021,1,85.0
V003604,T003603,2025-03-26,CDMX,P023,1,40.0
V003605,T003605,2025-03-26,CDMX,P041,1,35.0
V003606,T003606,2025-03-26,CDMX,P086,3,650.0
V003607,T003606,2025-03-26,CDMX,P008,1,180.0
V003608,T003608,2025-03-26,CDMX,P100,1,1250.0
V003609,T003608,2025-03-26,CDMX,P102,1,45.0
V003610,T003608,2025-03-26,CDMX,P083,2,65.0
V003611,T003611,2025-03-26,CDMX,P046,1,280.0
V003612,T003612,2025-03-26,CDMX,P022,1,150.0
V003613,T003612,2025-03-26,CDMX,P023,3,40.0
V003614,T003614,2025-03-26,MTY,P021,3,85.0
V003615,T003615,2025-03-26,MTY,P102,2,45.0
V003616,T003616,2025-03-26,MTY,P086,2,650.0
V003617,T003617,2025-03-26,MTY,P028,1,180.0
V003618,T003617,2025-03-26,MTY,P008,1,180.0
V003619,T003619,2025-03-26,MTY,P043,3,18.0
V003620,T003619,2025-03-26,MTY,P065,2,30.0
V003621,T003621,2025-03-26,MTY,P021,2,85.0
V003622,T003621,2025-03-26,MTY,P023,3,40.0
V003623,T003623,2025-03-26,MTY,P007,1,95.0
V003624,T003624,2025-03-26,MTY,P026,1,65.0
V003625,T003625,2025-03-26,MTY,P045,1,45.0
V003626,T003625,2025-03-26,MTY,P104,1,95.0
V003627,T003627,2025-03-27,CUN,P029,2,95.0
V003628,T003627,2025-03-27,CUN,P021,1,85.0
V003629,T003629,2025-03-27,CUN,P023,2,40.0
V003630,T003630,2025-03-27,CUN,P009,2,85.0
V003631,T003631,2025-03-27,CUN,P030,2,180.0
V003632,T003632,2025-03-27,CUN,P005,1,65.0
V003633,T003632,2025-03-27,CUN,P085,1,980.0
V003634,T003634,2025-03-27,CUN,P064,1,38.0
V003635,T003634,2025-03-27,CUN,P061,3,165.0
V003636,T003636,2025-03-27,CUN,P020,1,55.0
V003637,T003636,2025-03-27,CUN,P023,3,40.0
V003638,T003638,2025-03-27,CUN,P001,2,145.0
V003639,T003638,2025-03-27,CUN,P007,1,95.0
V003640,T003640,2025-03-27,CUN,P107,2,165.0
V003641,T003640,2025-03-27,CUN,P027,3,320.0
V003642,T003642,2025-03-27,CUN,P100,2,1250.0
V003643,T003642,2025-03-27,CUN,P101,1,35.0
V003644,T003642,2025-03-27,CUN,P046,1,280.0
V003645,T003645,2025-03-27,CUN,P021,2,85.0
V003646,T003645,2025-03-27,CUN,P023,2,40.0
V003647,T003647,2025-03-27,CUN,P063,2,45.0
V003648,T003647,2025-03-27,CUN,P060,2,850.0
V003649,T003647,2025-03-27,CUN,P027,1,320.0
V003650,T003650,2025-03-27,MID,P008,1,180.0
V003651,T003650,2025-03-27,MID,P003,2,8.5
V003652,T003652,2025-03-27,MID,P041,2,35.0
V003653,T003652,2025-03-27,MID,P043,2,18.0
V003654,T003652,2025-03-27,MID,P003,1,8.5
V003655,T003655,2025-03-27,MID,P030,2,180.0
V003656,T003656,2025-03-27,MID,P041,3,35.0
V003657,T003656,2025-03-27,MID,P043,2,18.0
V003658,T003658,2025-03-27,MID,P022,2,150.0
V003659,T003658,2025-03-27,MID,P023,1,40.0
V003660,T003658,2025-03-27,MID,P006,1,12.0
V003661,T003661,2025-03-27,MID,P044,2,22.0
V003662,T003662,2025-03-27,MID,P042,2,28.0
V003663,T003662,2025-03-27,MID,P043,1,18.0
V003664,T003662,2025-03-27,MID,P005,1,65.0
V003665,T003665,2025-03-27,MID,P063,2,45.0
V003666,T003665,2025-03-27,MID,P060,2,850.0
V003667,T003667,2025-03-27,MID,P103,1,120.0
V003668,T003667,2025-03-27,MID,P062,3,320.0
V003669,T003669,2025-03-27,MID,P105,2,145.0
V003670,T003669,2025-03-27,MID,P080,1,280.0
V003671,T003671,2025-03-27,MID,P022,3,150.0
V003672,T003671,2025-03-27,MID,P023,3,40.0
V003673,T003671,2025-03-27,MID,P107,3,165.0
V003674,T003674,2025-03-27,MID,P001,1,145.0
V003675,T003674,2025-03-27,MID,P040,2,1450.0
V003676,T003676,2025-03-27,MID,P008,3,180.0
V003677,T003677,2025-03-27,MID,P005,1,65.0
V003678,T003678,2025-03-27,MID,P080,1,280.0
V003679,T003679,2025-03-27,MID,P041,1,35.0
V003680,T003679,2025-03-27,MID,P043,2,18.0
V003681,T003679,2025-03-27,MID,P046,2,280.0
V003682,T003682,2025-03-27,MID,P041,3,35.0
V003683,T003682,2025-03-27,MID,P043,2,18.0
V003684,T003684,2025-03-27,MID,P030,1,180.0
V003685,T003685,2025-03-27,MID,P042,1,28.0
V003686,T003685,2025-03-27,MID,P043,3,18.0
V003687,T003687,2025-03-27,CHI,P045,2,45.0
V003688,T003687,2025-03-27,CHI,P028,2,180.0
V003689,T003689,2025-03-27,CHI,P101,2,35.0
V003690,T003689,2025-03-27,CHI,P103,2,120.0
V003691,T003691,2025-03-27,CHI,P005,3,65.0
V003692,T003691,2025-03-27,CHI,P086,3,650.0
V003693,T003693,2025-03-27,CHI,P025,1,35.0
V003694,T003694,2025-03-27,CHI,P104,1,95.0
V003695,T003695,2025-03-27,CHI,P066,1,55.0
V003696,T003696,2025-03-27,CHI,P101,2,35.0
V003697,T003697,2025-03-27,CHI,P100,1,1250.0
V003698,T003697,2025-03-27,CHI,P101,3,35.0
V003699,T003699,2025-03-27,CHI,P064,2,38.0
V003700,T003699,2025-03-27,CHI,P061,2,165.0
V003701,T003699,2025-03-27,CHI,P081,1,65.0
V003702,T003702,2025-03-27,CHI,P100,1,1250.0
V003703,T003702,2025-03-27,CHI,P101,2,35.0
V003704,T003704,2025-03-27,CHI,P080,1,280.0
V003705,T003705,2025-03-27,CHI,P024,1,6.0
V003706,T003706,2025-03-27,CHI,P064,1,38.0
V003707,T003706,2025-03-27,CHI,P061,2,165.0
V003708,T003708,2025-03-27,CHI,P020,2,55.0
V003709,T003708,2025-03-27,CHI,P023,3,40.0
V003710,T003708,2025-03-27,CHI,P028,2,180.0
V003711,T003711,2025-03-27,CHI,P022,2,150.0
V003712,T003711,2025-03-27,CHI,P023,1,40.0
V003713,T003713,2025-03-27,CDMX,P013,2,45.0
V003714,T003714,2025-03-27,CDMX,P104,2,95.0
V003715,T003715,2025-03-27,CDMX,P064,1,38.0
V003716,T003715,2025-03-27,CDMX,P061,2,165.0
V003717,T003717,2025-03-27,CDMX,P060,3,850.0
V003718,T003717,2025-03-27,CDMX,P020,1,55.0
V003719,T003719,2025-03-27,CDMX,P080,2,280.0
V003720,T003720,2025-03-27,CDMX,P080,2,280.0
V003721,T003721,2025-03-27,CDMX,P063,2,45.0
V003722,T003721,2025-03-27,CDMX,P060,1,850.0
V003723,T003721,2025-03-27,CDMX,P006,3,12.0
V003724,T003724,2025-03-27,CDMX,P010,1,120.0
V003725,T003724,2025-03-27,CDMX,P064,2,38.0
V003726,T003726,2025-03-27,CDMX,P005,1,65.0
V003727,T003727,2025-03-27,CDMX,P041,1,35.0
V003728,T003727,2025-03-27,CDMX,P043,3,18.0
V003729,T003727,2025-03-27,CDMX,P044,2,22.0
V003730,T003730,2025-03-27,CDMX,P082,1,25.0
V003731,T003730,2025-03-27,CDMX,P006,3,12.0
V003732,T003732,2025-03-27,CDMX,P021,1,85.0
V003733,T003732,2025-03-27,CDMX,P023,1,40.0
V003734,T003732,2025-03-27,CDMX,P104,1,95.0
V003735,T003735,2025-03-27,CDMX,P022,1,150.0
V003736,T003735,2025-03-27,CDMX,P023,1,40.0
V003737,T003735,2025-03-27,CDMX,P042,2,28.0
V003738,T003738,2025-03-27,CDMX,P020,3,55.0
V003739,T003738,2025-03-27,CDMX,P023,1,40.0
V003740,T003738,2025-03-27,CDMX,P041,1,35.0
V003741,T003741,2025-03-27,CDMX,P040,3,1450.0
V003742,T003742,2025-03-27,CDMX,P104,1,95.0
V003743,T003742,2025-03-27,CDMX,P024,3,6.0
V003744,T003744,2025-03-27,MTY,P107,1,165.0
V003745,T003744,2025-03-27,MTY,P106,2,55.0
V003746,T003746,2025-03-27,MTY,P065,1,30.0
V003747,T003747,2025-03-27,MTY,P023,1,40.0
V003748,T003748,2025-03-27,MTY,P061,1,165.0
V003749,T003748,2025-03-27,MTY,P043,1,18.0
V003750,T003750,2025-03-27,MTY,P008,1,180.0
V003751,T003751,2025-03-27,MTY,P041,1,35.0
V003752,T003751,2025-03-27,MTY,P043,1,18.0
V003753,T003751,2025-03-27,MTY,P064,1,38.0
V003754,T003754,2025-03-27,MTY,P006,1,12.0
V003755,T003754,2025-03-27,MTY,P045,2,45.0
V003756,T003756,2025-03-27,MTY,P047,1,95.0
V003757,T003756,2025-03-27,MTY,P105,1,145.0
V003758,T003758,2025-03-27,MTY,P042,1,28.0
V003759,T003758,2025-03-27,MTY,P043,2,18.0
V003760,T003760,2025-03-27,MTY,P064,3,38.0
V003761,T003760,2025-03-27,MTY,P082,2,25.0
V003762,T003762,2025-03-27,MTY,P044,1,22.0
V003763,T003762,2025-03-27,MTY,P066,2,55.0
V003764,T003764,2025-03-27,MTY,P064,1,38.0
V003765,T003764,2025-03-27,MTY,P061,3,165.0
V003766,T003764,2025-03-27,MTY,P047,1,95.0
V003767,T003767,2025-03-27,MTY,P003,1,8.5
V003768,T003768,2025-03-27,MTY,P025,3,35.0
V003769,T003769,2025-03-27,MTY,P060,1,850.0
V003770,T003769,2025-03-27,MTY,P002,1,180.0
V003771,T003771,2025-03-27,MTY,P012,3,980.0
V003772,T003771,2025-03-27,MTY,P005,1,65.0
V003773,T003773,2025-03-27,MTY,P062,3,320.0
V003774,T003773,2025-03-27,MTY,P064,1,38.0
V003775,T003775,2025-03-28,CUN,P103,1,120.0
V003776,T003775,2025-03-28,CUN,P022,2,150.0
V003777,T003777,2025-03-28,CUN,P041,1,35.0
V003778,T003777,2025-03-28,CUN,P043,2,18.0
V003779,T003779,2025-03-28,CUN,P021,3,85.0
V003780,T003779,2025-03-28,CUN,P023,2,40.0
V003781,T003781,2025-03-28,CUN,P043,1,18.0
V003782,T003781,2025-03-28,CUN,P027,1,320.0
V003783,T003783,2025-03-28,CUN,P047,1,95.0
V003784,T003783,2025-03-28,CUN,P024,1,6.0
V003785,T003785,2025-03-28,CUN,P065,2,30.0
V003786,T003785,2025-03-28,CUN,P027,1,320.0
V003787,T003787,2025-03-28,CUN,P020,1,55.0
V003788,T003787,2025-03-28,CUN,P023,1,40.0
V003789,T003789,2025-03-28,CUN,P041,2,35.0
V003790,T003789,2025-03-28,CUN,P045,1,45.0
V003791,T003791,2025-03-28,CUN,P020,2,55.0
V003792,T003791,2025-03-28,CUN,P023,3,40.0
V003793,T003791,2025-03-28,CUN,P007,1,95.0
V003794,T003794,2025-03-28,CUN,P063,1,45.0
V003795,T003794,2025-03-28,CUN,P060,2,850.0
V003796,T003794,2025-03-28,CUN,P046,2,280.0
V003797,T003797,2025-03-28,CUN,P042,2,28.0
V003798,T003797,2025-03-28,CUN,P043,2,18.0
V003799,T003799,2025-03-28,MID,P008,2,180.0
V003800,T003800,2025-03-28,MID,P041,1,35.0
V003801,T003800,2025-03-28,MID,P043,1,18.0
V003802,T003800,2025-03-28,MID,P001,3,145.0
V003803,T003803,2025-03-28,MID,P021,1,85.0
V003804,T003804,2025-03-28,MID,P061,3,165.0
V003805,T003805,2025-03-28,MID,P023,1,40.0
V003806,T003806,2025-03-28,MID,P042,2,28.0
V003807,T003806,2025-03-28,MID,P043,2,18.0
V003808,T003806,2025-03-28,MID,P027,1,320.0
V003809,T003809,2025-03-28,MID,P009,1,85.0
V003810,T003810,2025-03-28,MID,P022,2,150.0
V003811,T003810,2025-03-28,MID,P023,3,40.0
V003812,T003812,2025-03-28,MID,P008,1,180.0
V003813,T003813,2025-03-28,MID,P082,3,25.0
V003814,T003813,2025-03-28,MID,P024,2,6.0
V003815,T003815,2025-03-28,MID,P042,3,28.0
V003816,T003815,2025-03-28,MID,P043,1,18.0
V003817,T003817,2025-03-28,MID,P007,1,95.0
V003818,T003818,2025-03-28,MID,P004,2,6.0
V003819,T003818,2025-03-28,MID,P061,2,165.0
V003820,T003820,2025-03-28,MID,P021,2,85.0
V003821,T003820,2025-03-28,MID,P023,2,40.0
V003822,T003820,2025-03-28,MID,P083,1,65.0
V003823,T003823,2025-03-28,MID,P026,3,65.0
V003824,T003824,2025-03-28,MID,P100,1,1250.0
V003825,T003824,2025-03-28,MID,P102,2,45.0
V003826,T003824,2025-03-28,MID,P009,2,85.0
V003827,T003827,2025-03-28,MID,P048,1,180.0
V003828,T003827,2025-03-28,MID,P029,1,95.0
V003829,T003829,2025-03-28,MID,P083,3,65.0
V003830,T003829,2025-03-28,MID,P085,1,980.0
V003831,T003831,2025-03-28,MID,P021,1,85.0
V003832,T003831,2025-03-28,MID,P023,1,40.0
V003833,T003833,2025-03-28,MID,P012,2,980.0
V003834,T003833,2025-03-28,MID,P041,2,35.0
V003835,T003835,2025-03-28,MID,P001,2,145.0
V003836,T003835,2025-03-28,MID,P022,2,150.0
V003837,T003837,2025-03-28,CHI,P004,1,6.0
V003838,T003837,2025-03-28,CHI,P028,3,180.0
V003839,T003839,2025-03-28,CHI,P080,2,280.0
V003840,T003839,2025-03-28,CHI,P028,1,180.0
V003841,T003841,2025-03-28,CHI,P047,1,95.0
V003842,T003842,2025-03-28,CHI,P081,1,65.0
V003843,T003842,2025-03-28,CHI,P007,1,95.0
V003844,T003844,2025-03-28,CHI,P063,1,45.0
V003845,T003844,2025-03-28,CHI,P005,1,65.0
V003846,T003846,2025-03-28,CHI,P064,3,38.0
V003847,T003846,2025-03-28,CHI,P061,3,165.0
V003848,T003846,2025-03-28,CHI,P007,1,95.0
V003849,T003849,2025-03-28,CHI,P011,1,210.0
V003850,T003850,2025-03-28,CHI,P085,3,980.0
V003851,T003851,2025-03-28,CHI,P022,3,150.0
V003852,T003851,2025-03-28,CHI,P023,2,40.0
V003853,T003853,2025-03-28,CHI,P026,3,65.0
V003854,T003854,2025-03-28,CHI,P063,1,45.0
V003855,T003854,2025-03-28,CHI,P060,1,850.0
V003856,T003856,2025-03-28,CHI,P100,2,1250.0
V003857,T003856,2025-03-28,CHI,P101,2,35.0
V003858,T003856,2025-03-28,CHI,P001,1,145.0
V003859,T003859,2025-03-28,CHI,P042,1,28.0
V003860,T003859,2025-03-28,CHI,P043,3,18.0
V003861,T003861,2025-03-28,CHI,P001,2,145.0
V003862,T003862,2025-03-28,CDMX,P041,1,35.0
V003863,T003862,2025-03-28,CDMX,P043,2,18.0
V003864,T003862,2025-03-28,CDMX,P003,3,8.5
V003865,T003865,2025-03-28,CDMX,P106,1,55.0
V003866,T003865,2025-03-28,CDMX,P042,1,28.0
V003867,T003867,2025-03-28,CDMX,P063,2,45.0
V003868,T003867,2025-03-28,CDMX,P060,1,850.0
V003869,T003867,2025-03-28,CDMX,P066,3,55.0
V003870,T003870,2025-03-28,CDMX,P030,1,180.0
V003871,T003870,2025-03-28,CDMX,P086,3,650.0
V003872,T003872,2025-03-28,CDMX,P100,2,1250.0
V003873,T003872,2025-03-28,CDMX,P102,2,45.0
V003874,T003874,2025-03-28,CDMX,P100,1,1250.0
V003875,T003874,2025-03-28,CDMX,P102,1,45.0
V003876,T003876,2025-03-28,CDMX,P107,1,165.0
V003877,T003877,2025-03-28,CDMX,P022,3,150.0
V003878,T003878,2025-03-28,CDMX,P030,2,180.0
V003879,T003878,2025-03-28,CDMX,P006,3,12.0
V003880,T003880,2025-03-28,CDMX,P042,3,28.0
V003881,T003880,2025-03-28,CDMX,P043,2,18.0
V003882,T003882,2025-03-28,CDMX,P044,2,22.0
V003883,T003883,2025-03-28,CDMX,P063,2,45.0
V003884,T003883,2025-03-28,CDMX,P060,2,850.0
V003885,T003885,2025-03-28,CDMX,P013,3,45.0
V003886,T003885,2025-03-28,CDMX,P047,1,95.0
V003887,T003887,2025-03-28,CDMX,P008,1,180.0
V003888,T003887,2025-03-28,CDMX,P040,1,1450.0
V003889,T003889,2025-03-28,CDMX,P020,2,55.0
V003890,T003889,2025-03-28,CDMX,P023,3,40.0
V003891,T003889,2025-03-28,CDMX,P063,1,45.0
V003892,T003892,2025-03-28,CDMX,P025,3,35.0
V003893,T003893,2025-03-28,CDMX,P100,1,1250.0
V003894,T003893,2025-03-28,CDMX,P101,2,35.0
V003895,T003893,2025-03-28,CDMX,P083,1,65.0
V003896,T003896,2025-03-28,MTY,P021,2,85.0
V003897,T003896,2025-03-28,MTY,P023,1,40.0
V003898,T003896,2025-03-28,MTY,P025,3,35.0
V003899,T003899,2025-03-28,MTY,P004,1,6.0
V003900,T003899,2025-03-28,MTY,P028,2,180.0
V003901,T003901,2025-03-28,MTY,P102,1,45.0
V003902,T003902,2025-03-28,MTY,P010,1,120.0
V003903,T003903,2025-03-28,MTY,P006,1,12.0
V003904,T003903,2025-03-28,MTY,P003,1,8.5
V003905,T003905,2025-03-28,MTY,P080,1,280.0
V003906,T003905,2025-03-28,MTY,P028,1,180.0
V003907,T003907,2025-03-28,MTY,P065,3,30.0
V003908,T003907,2025-03-28,MTY,P046,1,280.0
V003909,T003909,2025-03-28,MTY,P009,1,85.0
V003910,T003910,2025-03-28,MTY,P064,1,38.0
V003911,T003910,2025-03-28,MTY,P061,1,165.0
V003912,T003912,2025-03-28,MTY,P100,2,1250.0
V003913,T003912,2025-03-28,MTY,P101,2,35.0
V003914,T003914,2025-03-28,MTY,P100,3,1250.0
V003915,T003914,2025-03-28,MTY,P102,3,45.0
V003916,T003914,2025-03-28,MTY,P025,1,35.0
V003917,T003917,2025-03-29,CUN,P024,2,6.0
V003918,T003918,2025-03-29,CUN,P100,1,1250.0
V003919,T003918,2025-03-29,CUN,P102,1,45.0
V003920,T003918,2025-03-29,CUN,P066,2,55.0
V003921,T003921,2025-03-29,CUN,P103,1,120.0
V003922,T003921,2025-03-29,CUN,P044,2,22.0
V003923,T003923,2025-03-29,CUN,P063,1,45.0
V003924,T003924,2025-03-29,CUN,P041,2,35.0
V003925,T003924,2025-03-29,CUN,P061,2,165.0
V003926,T003926,2025-03-29,CUN,P004,3,6.0
V003927,T003926,2025-03-29,CUN,P023,1,40.0
V003928,T003928,2025-03-29,CUN,P021,2,85.0
V003929,T003928,2025-03-29,CUN,P023,2,40.0
V003930,T003930,2025-03-29,CUN,P004,2,6.0
V003931,T003930,2025-03-29,CUN,P046,3,280.0
V003932,T003932,2025-03-29,CUN,P084,3,18.0
V003933,T003932,2025-03-29,CUN,P011,2,210.0
V003934,T003934,2025-03-29,CUN,P022,1,150.0
V003935,T003934,2025-03-29,CUN,P023,2,40.0
V003936,T003934,2025-03-29,CUN,P026,2,65.0
V003937,T003937,2025-03-29,CUN,P008,1,180.0
V003938,T003937,2025-03-29,CUN,P012,2,980.0
V003939,T003939,2025-03-29,CUN,P041,2,35.0
V003940,T003939,2025-03-29,CUN,P043,2,18.0
V003941,T003939,2025-03-29,CUN,P002,2,180.0
V003942,T003942,2025-03-29,CUN,P021,1,85.0
V003943,T003942,2025-03-29,CUN,P023,1,40.0
V003944,T003942,2025-03-29,CUN,P042,2,28.0
V003945,T003945,2025-03-29,CUN,P100,2,1250.0
V003946,T003945,2025-03-29,CUN,P101,1,35.0
V003947,T003947,2025-03-29,CUN,P080,3,280.0
V003948,T003947,2025-03-29,CUN,P011,3,210.0
V003949,T003949,2025-03-29,MID,P100,1,1250.0
V003950,T003949,2025-03-29,MID,P102,3,45.0
V003951,T003949,2025-03-29,MID,P042,1,28.0
V003952,T003952,2025-03-29,MID,P047,2,95.0
V003953,T003952,2025-03-29,MID,P024,3,6.0
V003954,T003954,2025-03-29,MID,P045,1,45.0
V003955,T003954,2025-03-29,MID,P030,1,180.0
V003956,T003956,2025-03-29,MID,P063,1,45.0
V003957,T003956,2025-03-29,MID,P046,3,280.0
V003958,T003958,2025-03-29,MID,P082,1,25.0
V003959,T003959,2025-03-29,MID,P029,2,95.0
V003960,T003960,2025-03-29,MID,P045,1,45.0
V003961,T003960,2025-03-29,MID,P106,2,55.0
V003962,T003962,2025-03-29,MID,P048,2,180.0
V003963,T003962,2025-03-29,MID,P101,2,35.0
V003964,T003964,2025-03-29,MID,P012,1,980.0
V003965,T003965,2025-03-29,MID,P063,1,45.0
V003966,T003966,2025-03-29,MID,P042,1,28.0
V003967,T003966,2025-03-29,MID,P043,3,18.0
V003968,T003968,2025-03-29,CHI,P085,2,980.0
V003969,T003969,2025-03-29,CHI,P060,2,850.0
V003970,T003969,2025-03-29,CHI,P064,2,38.0
V003971,T003971,2025-03-29,CHI,P064,3,38.0
V003972,T003971,2025-03-29,CHI,P061,1,165.0
V003973,T003971,2025-03-29,CHI,P002,1,180.0
V003974,T003974,2025-03-29,CHI,P021,1,85.0
V003975,T003974,2025-03-29,CHI,P023,1,40.0
V003976,T003974,2025-03-29,CHI,P063,3,45.0
V003977,T003977,2025-03-29,CHI,P007,1,95.0
V003978,T003978,2025-03-29,CHI,P040,2,1450.0
V003979,T003979,2025-03-29,CHI,P004,1,6.0
V003980,T003980,2025-03-29,CHI,P021,3,85.0
V003981,T003980,2025-03-29,CHI,P023,1,40.0
V003982,T003980,2025-03-29,CHI,P028,1,180.0
V003983,T003983,2025-03-29,CHI,P100,2,1250.0
V003984,T003983,2025-03-29,CHI,P101,2,35.0
V003985,T003983,2025-03-29,CHI,P107,1,165.0
V003986,T003986,2025-03-29,CHI,P100,1,1250.0
V003987,T003986,2025-03-29,CHI,P101,3,35.0
V003988,T003986,2025-03-29,CHI,P024,1,6.0
V003989,T003989,2025-03-29,CHI,P060,1,850.0
V003990,T003990,2025-03-29,CHI,P020,3,55.0
V003991,T003990,2025-03-29,CHI,P023,1,40.0
V003992,T003992,2025-03-29,CHI,P022,1,150.0
V003993,T003992,2025-03-29,CHI,P023,2,40.0
V003994,T003994,2025-03-29,CHI,P005,3,65.0
V003995,T003994,2025-03-29,CHI,P063,3,45.0
V003996,T003996,2025-03-29,CHI,P013,2,45.0
V003997,T003997,2025-03-29,CDMX,P029,1,95.0
V003998,T003997,2025-03-29,CDMX,P102,1,45.0
V003999,T003999,2025-03-29,CDMX,P080,1,280.0
V004000,T003999,2025-03-29,CDMX,P005,1,65.0
V004001,T004001,2025-03-29,CDMX,P026,1,65.0
V004002,T004001,2025-03-29,CDMX,P042,2,28.0
V004003,T004003,2025-03-29,CDMX,P002,1,180.0
V004004,T004003,2025-03-29,CDMX,P104,2,95.0
V004005,T004005,2025-03-29,CDMX,P005,1,65.0
V004006,T004006,2025-03-29,CDMX,P005,1,65.0
V004007,T004007,2025-03-29,CDMX,P066,2,55.0
V004008,T004008,2025-03-29,CDMX,P061,1,165.0
V004009,T004009,2025-03-29,CDMX,P023,1,40.0
V004010,T004010,2025-03-29,CDMX,P042,1,28.0
V004011,T004010,2025-03-29,CDMX,P043,1,18.0
V004012,T004010,2025-03-29,CDMX,P101,1,35.0
V004013,T004013,2025-03-29,CDMX,P086,1,650.0
V004014,T004013,2025-03-29,CDMX,P080,1,280.0
V004015,T004015,2025-03-29,CDMX,P104,2,95.0
V004016,T004016,2025-03-29,CDMX,P101,1,35.0
V004017,T004017,2025-03-29,CDMX,P042,2,28.0
V004018,T004018,2025-03-29,CDMX,P062,3,320.0
V004019,T004018,2025-03-29,CDMX,P008,1,180.0
V004020,T004020,2025-03-29,CDMX,P100,3,1250.0
V004021,T004020,2025-03-29,CDMX,P101,1,35.0
V004022,T004022,2025-03-29,CDMX,P026,1,65.0
V004023,T004023,2025-03-29,CDMX,P020,1,55.0
V004024,T004023,2025-03-29,CDMX,P023,2,40.0
V004025,T004023,2025-03-29,CDMX,P081,2,65.0
V004026,T004026,2025-03-29,CDMX,P083,1,65.0
V004027,T004027,2025-03-29,CDMX,P004,1,6.0
V004028,T004027,2025-03-29,CDMX,P028,2,180.0
V004029,T004029,2025-03-29,CDMX,P062,2,320.0
V004030,T004029,2025-03-29,CDMX,P029,1,95.0
V004031,T004031,2025-03-29,MTY,P064,1,38.0
V004032,T004031,2025-03-29,MTY,P061,1,165.0
V004033,T004033,2025-03-29,MTY,P020,2,55.0
V004034,T004033,2025-03-29,MTY,P023,2,40.0
V004035,T004033,2025-03-29,MTY,P066,1,55.0
V004036,T004036,2025-03-29,MTY,P001,1,145.0
V004037,T004037,2025-03-29,MTY,P005,1,65.0
V004038,T004037,2025-03-29,MTY,P029,1,95.0
V004039,T004039,2025-03-29,MTY,P041,1,35.0
V004040,T004039,2025-03-29,MTY,P043,2,18.0
V004041,T004041,2025-03-29,MTY,P001,1,145.0
V004042,T004041,2025-03-29,MTY,P104,2,95.0
V004043,T004043,2025-03-29,MTY,P105,1,145.0
V004044,T004043,2025-03-29,MTY,P103,2,120.0
V004045,T004045,2025-03-29,MTY,P030,1,180.0
V004046,T004046,2025-03-29,MTY,P022,1,150.0
V004047,T004047,2025-03-29,MTY,P100,1,1250.0
V004048,T004047,2025-03-29,MTY,P102,1,45.0
V004049,T004049,2025-03-29,MTY,P085,2,980.0
V004050,T004050,2025-03-29,MTY,P041,2,35.0
V004051,T004050,2025-03-29,MTY,P043,1,18.0
V004052,T004052,2025-03-29,MTY,P100,1,1250.0
V004053,T004052,2025-03-29,MTY,P102,1,45.0
V004054,T004052,2025-03-29,MTY,P028,1,180.0
V004055,T004055,2025-03-30,CUN,P101,2,35.0
V004056,T004055,2025-03-30,CUN,P008,1,180.0
V004057,T004057,2025-03-30,CUN,P064,1,38.0
V004058,T004057,2025-03-30,CUN,P061,1,165.0
V004059,T004057,2025-03-30,CUN,P106,2,55.0
V004060,T004060,2025-03-30,CUN,P005,1,65.0
V004061,T004060,2025-03-30,CUN,P004,2,6.0
V004062,T004062,2025-03-30,CUN,P064,3,38.0
V004063,T004062,2025-03-30,CUN,P061,1,165.0
V004064,T004064,2025-03-30,CUN,P063,2,45.0
V004065,T004064,2025-03-30,CUN,P060,1,850.0
V004066,T004066,2025-03-30,CUN,P023,2,40.0
V004067,T004067,2025-03-30,CUN,P020,2,55.0
V004068,T004067,2025-03-30,CUN,P023,2,40.0
V004069,T004067,2025-03-30,CUN,P084,3,18.0
V004070,T004070,2025-03-30,CUN,P101,2,35.0
V004071,T004070,2025-03-30,CUN,P008,3,180.0
V004072,T004072,2025-03-30,CUN,P025,2,35.0
V004073,T004073,2025-03-30,CUN,P063,2,45.0
V004074,T004074,2025-03-30,CUN,P064,1,38.0
V004075,T004074,2025-03-30,CUN,P061,1,165.0
V004076,T004074,2025-03-30,CUN,P107,1,165.0
V004077,T004077,2025-03-30,CUN,P042,2,28.0
V004078,T004077,2025-03-30,CUN,P043,1,18.0
V004079,T004077,2025-03-30,CUN,P022,1,150.0
V004080,T004080,2025-03-30,CUN,P003,1,8.5
V004081,T004081,2025-03-30,CUN,P042,2,28.0
V004082,T004081,2025-03-30,CUN,P043,1,18.0
V004083,T004083,2025-03-30,CUN,P063,1,45.0
V004084,T004083,2025-03-30,CUN,P060,2,850.0
V004085,T004085,2025-03-30,CUN,P044,1,22.0
V004086,T004085,2025-03-30,CUN,P003,2,8.5
V004087,T004087,2025-03-30,CUN,P062,1,320.0
V004088,T004087,2025-03-30,CUN,P005,1,65.0
V004089,T004089,2025-03-30,CUN,P062,1,320.0
V004090,T004089,2025-03-30,CUN,P005,1,65.0
V004091,T004091,2025-03-30,CUN,P024,1,6.0
V004092,T004091,2025-03-30,CUN,P043,3,18.0
V004093,T004093,2025-03-30,MID,P020,1,55.0
V004094,T004093,2025-03-30,MID,P023,3,40.0
V004095,T004093,2025-03-30,MID,P060,2,850.0
V004096,T004096,2025-03-30,MID,P064,1,38.0
V004097,T004096,2025-03-30,MID,P046,1,280.0
V004098,T004098,2025-03-30,MID,P023,1,40.0
V004099,T004099,2025-03-30,MID,P107,2,165.0
V004100,T004100,2025-03-30,MID,P065,2,30.0
V004101,T004100,2025-03-30,MID,P008,2,180.0
V004102,T004102,2025-03-30,MID,P021,1,85.0
V004103,T004102,2025-03-30,MID,P023,3,40.0
V004104,T004102,2025-03-30,MID,P027,2,320.0
V004105,T004105,2025-03-30,MID,P064,1,38.0
V004106,T004105,2025-03-30,MID,P061,1,165.0
V004107,T004107,2025-03-30,MID,P063,3,45.0
V004108,T004107,2025-03-30,MID,P060,1,850.0
V004109,T004107,2025-03-30,MID,P030,2,180.0
V004110,T004110,2025-03-30,MID,P025,1,35.0
V004111,T004111,2025-03-30,MID,P012,1,980.0
V004112,T004112,2025-03-30,CHI,P104,3,95.0
V004113,T004112,2025-03-30,CHI,P065,2,30.0
V004114,T004114,2025-03-30,CHI,P085,2,980.0
V004115,T004114,2025-03-30,CHI,P020,1,55.0
V004116,T004116,2025-03-30,CHI,P010,1,120.0
V004117,T004116,2025-03-30,CHI,P107,1,165.0
V004118,T004118,2025-03-30,CHI,P021,2,85.0
V004119,T004119,2025-03-30,CHI,P086,2,650.0
V004120,T004119,2025-03-30,CHI,P066,1,55.0
V004121,T004121,2025-03-30,CHI,P082,2,25.0
V004122,T004122,2025-03-30,CHI,P041,1,35.0
V004123,T004122,2025-03-30,CHI,P043,1,18.0
V004124,T004124,2025-03-30,CHI,P063,1,45.0
V004125,T004124,2025-03-30,CHI,P060,3,850.0
V004126,T004124,2025-03-30,CHI,P025,1,35.0
V004127,T004127,2025-03-30,CHI,P042,2,28.0
V004128,T004127,2025-03-30,CHI,P028,1,180.0
V004129,T004129,2025-03-30,CDMX,P085,2,980.0
V004130,T004129,2025-03-30,CDMX,P029,1,95.0
V004131,T004131,2025-03-30,CDMX,P022,2,150.0
V004132,T004132,2025-03-30,CDMX,P082,1,25.0
V004133,T004132,2025-03-30,CDMX,P021,1,85.0
V004134,T004134,2025-03-30,CDMX,P021,1,85.0
V004135,T004134,2025-03-30,CDMX,P023,2,40.0
V004136,T004134,2025-03-30,CDMX,P042,2,28.0
V004137,T004137,2025-03-30,CDMX,P102,2,45.0
V004138,T004137,2025-03-30,CDMX,P012,1,980.0
V004139,T004139,2025-03-30,CDMX,P064,2,38.0
V004140,T004139,2025-03-30,CDMX,P061,3,165.0
V004141,T004139,2025-03-30,CDMX,P045,1,45.0
V004142,T004142,2025-03-30,CDMX,P020,1,55.0
V004143,T004142,2025-03-30,CDMX,P023,3,40.0
V004144,T004144,2025-03-30,CDMX,P021,2,85.0
V004145,T004144,2025-03-30,CDMX,P023,2,40.0
V004146,T004144,2025-03-30,CDMX,P100,1,1250.0
V004147,T004147,2025-03-30,CDMX,P100,1,1250.0
V004148,T004147,2025-03-30,CDMX,P102,1,45.0
V004149,T004147,2025-03-30,CDMX,P024,2,6.0
V004150,T004150,2025-03-30,CDMX,P007,1,95.0
V004151,T004151,2025-03-30,CDMX,P063,2,45.0
V004152,T004151,2025-03-30,CDMX,P060,3,850.0
V004153,T004153,2025-03-30,CDMX,P106,3,55.0
V004154,T004153,2025-03-30,CDMX,P080,1,280.0
V004155,T004155,2025-03-30,CDMX,P086,2,650.0
V004156,T004156,2025-03-30,CDMX,P020,1,55.0
V004157,T004156,2025-03-30,CDMX,P023,3,40.0
V004158,T004158,2025-03-30,CDMX,P040,3,1450.0
V004159,T004158,2025-03-30,CDMX,P011,2,210.0
V004160,T004160,2025-03-30,CDMX,P021,1,85.0
V004161,T004160,2025-03-30,CDMX,P023,2,40.0
V004162,T004160,2025-03-30,CDMX,P041,2,35.0
V004163,T004163,2025-03-30,CDMX,P064,2,38.0
V004164,T004164,2025-03-30,CDMX,P064,1,38.0
V004165,T004164,2025-03-30,CDMX,P061,1,165.0
V004166,T004164,2025-03-30,CDMX,P012,3,980.0
V004167,T004167,2025-03-30,CDMX,P086,2,650.0
V004168,T004167,2025-03-30,CDMX,P044,2,22.0
V004169,T004169,2025-03-30,CDMX,P063,1,45.0
V004170,T004169,2025-03-30,CDMX,P060,2,850.0
V004171,T004169,2025-03-30,CDMX,P007,2,95.0
V004172,T004172,2025-03-30,CDMX,P022,2,150.0
V004173,T004172,2025-03-30,CDMX,P023,1,40.0
V004174,T004172,2025-03-30,CDMX,P103,1,120.0
V004175,T004175,2025-03-30,CDMX,P010,2,120.0
V004176,T004175,2025-03-30,CDMX,P045,1,45.0
V004177,T004177,2025-03-30,MTY,P003,2,8.5
V004178,T004178,2025-03-30,MTY,P013,1,45.0
V004179,T004178,2025-03-30,MTY,P086,1,650.0
V004180,T004180,2025-03-30,MTY,P064,2,38.0
V004181,T004180,2025-03-30,MTY,P061,1,165.0
V004182,T004182,2025-03-30,MTY,P025,3,35.0
V004183,T004183,2025-03-30,MTY,P107,2,165.0
V004184,T004183,2025-03-30,MTY,P101,1,35.0
V004185,T004185,2025-03-30,MTY,P022,3,150.0
V004186,T004185,2025-03-30,MTY,P023,3,40.0
V004187,T004187,2025-03-30,MTY,P063,3,45.0
V004188,T004187,2025-03-30,MTY,P060,1,850.0
V004189,T004189,2025-03-30,MTY,P027,2,320.0
V004190,T004189,2025-03-30,MTY,P026,3,65.0
V004191,T004191,2025-03-31,CUN,P102,1,45.0
V004192,T004191,2025-03-31,CUN,P062,2,320.0
V004193,T004193,2025-03-31,CUN,P100,3,1250.0
V004194,T004193,2025-03-31,CUN,P102,3,45.0
V004195,T004193,2025-03-31,CUN,P085,1,980.0
V004196,T004196,2025-03-31,CUN,P080,2,280.0
V004197,T004196,2025-03-31,CUN,P010,1,120.0
V004198,T004198,2025-03-31,CUN,P023,1,40.0
V004199,T004198,2025-03-31,CUN,P042,3,28.0
V004200,T004200,2025-03-31,CUN,P009,2,85.0
V004201,T004200,2025-03-31,CUN,P085,3,980.0
V004202,T004202,2025-03-31,CUN,P001,2,145.0
V004203,T004202,2025-03-31,CUN,P043,1,18.0
V004204,T004204,2025-03-31,CUN,P003,2,8.5
V004205,T004204,2025-03-31,CUN,P023,3,40.0
V004206,T004206,2025-03-31,CUN,P080,1,280.0
V004207,T004206,2025-03-31,CUN,P045,1,45.0
V004208,T004208,2025-03-31,CUN,P025,2,35.0
V004209,T004209,2025-03-31,CUN,P041,2,35.0
V004210,T004210,2025-03-31,CUN,P007,1,95.0
V004211,T004210,2025-03-31,CUN,P106,2,55.0
V004212,T004212,2025-03-31,CUN,P027,1,320.0
V004213,T004212,2025-03-31,CUN,P030,2,180.0
V004214,T004214,2025-03-31,CUN,P082,3,25.0
V004215,T004214,2025-03-31,CUN,P062,1,320.0
V004216,T004216,2025-03-31,CUN,P046,2,280.0
V004217,T004217,2025-03-31,CUN,P083,2,65.0
V004218,T004217,2025-03-31,CUN,P025,1,35.0
V004219,T004219,2025-03-31,CUN,P103,1,120.0
V004220,T004219,2025-03-31,CUN,P046,1,280.0
V004221,T004221,2025-03-31,CUN,P042,2,28.0
V004222,T004221,2025-03-31,CUN,P030,1,180.0
V004223,T004223,2025-03-31,CUN,P024,3,6.0
V004224,T004223,2025-03-31,CUN,P022,1,150.0
V004225,T004225,2025-03-31,CUN,P064,2,38.0
V004226,T004225,2025-03-31,CUN,P061,1,165.0
V004227,T004225,2025-03-31,CUN,P085,3,980.0
V004228,T004228,2025-03-31,MID,P066,1,55.0
V004229,T004229,2025-03-31,MID,P002,1,180.0
V004230,T004230,2025-03-31,MID,P006,1,12.0
V004231,T004231,2025-03-31,MID,P102,1,45.0
V004232,T004232,2025-03-31,MID,P060,1,850.0
V004233,T004232,2025-03-31,MID,P046,2,280.0
V004234,T004234,2025-03-31,MID,P006,1,12.0
V004235,T004235,2025-03-31,MID,P041,1,35.0
V004236,T004235,2025-03-31,MID,P043,1,18.0
V004237,T004237,2025-03-31,MID,P020,2,55.0
V004238,T004237,2025-03-31,MID,P023,1,40.0
V004239,T004239,2025-03-31,MID,P103,1,120.0
V004240,T004239,2025-03-31,MID,P012,1,980.0
V004241,T004241,2025-03-31,CHI,P084,1,18.0
V004242,T004241,2025-03-31,CHI,P023,2,40.0
V004243,T004243,2025-03-31,CHI,P009,1,85.0
V004244,T004244,2025-03-31,CHI,P005,3,65.0
V004245,T004244,2025-03-31,CHI,P065,2,30.0
V004246,T004246,2025-03-31,CHI,P100,1,1250.0
V004247,T004246,2025-03-31,CHI,P102,1,45.0
V004248,T004248,2025-03-31,CHI,P103,1,120.0
V004249,T004248,2025-03-31,CHI,P086,1,650.0
V004250,T004250,2025-03-31,CHI,P100,1,1250.0
V004251,T004250,2025-03-31,CHI,P023,1,40.0
V004252,T004252,2025-03-31,CHI,P100,1,1250.0
V004253,T004252,2025-03-31,CHI,P101,2,35.0
V004254,T004252,2025-03-31,CHI,P029,2,95.0
V004255,T004255,2025-03-31,CHI,P042,2,28.0
V004256,T004255,2025-03-31,CHI,P043,2,18.0
V004257,T004257,2025-03-31,CHI,P020,3,55.0
V004258,T004257,2025-03-31,CHI,P023,2,40.0
V004259,T004259,2025-03-31,CHI,P101,1,35.0
V004260,T004260,2025-03-31,CHI,P063,2,45.0
V004261,T004261,2025-03-31,CDMX,P063,1,45.0
V004262,T004261,2025-03-31,CDMX,P060,1,850.0
V004263,T004261,2025-03-31,CDMX,P007,1,95.0
V004264,T004264,2025-03-31,CDMX,P006,2,12.0
V004265,T004264,2025-03-31,CDMX,P011,2,210.0
V004266,T004266,2025-03-31,CDMX,P022,2,150.0
V004267,T004266,2025-03-31,CDMX,P023,3,40.0
V004268,T004266,2025-03-31,CDMX,P086,2,650.0
V004269,T004269,2025-03-31,CDMX,P004,1,6.0
V004270,T004270,2025-03-31,CDMX,P062,2,320.0
V004271,T004270,2025-03-31,CDMX,P064,2,38.0
V004272,T004272,2025-03-31,CDMX,P024,2,6.0
V004273,T004273,2025-03-31,CDMX,P061,1,165.0
V004274,T004273,2025-03-31,CDMX,P106,1,55.0
V004275,T004275,2025-03-31,CDMX,P046,3,280.0
V004276,T004276,2025-03-31,CDMX,P006,2,12.0
V004277,T004277,2025-03-31,CDMX,P040,2,1450.0
V004278,T004277,2025-03-31,CDMX,P001,3,145.0
V004279,T004279,2025-03-31,CDMX,P041,1,35.0
V004280,T004279,2025-03-31,CDMX,P043,2,18.0
V004281,T004279,2025-03-31,CDMX,P106,2,55.0
V004282,T004282,2025-03-31,CDMX,P100,2,1250.0
V004283,T004282,2025-03-31,CDMX,P102,2,45.0
V004284,T004282,2025-03-31,CDMX,P066,2,55.0
V004285,T004285,2025-03-31,CDMX,P021,3,85.0
V004286,T004285,2025-03-31,CDMX,P023,1,40.0
V004287,T004285,2025-03-31,CDMX,P024,2,6.0
V004288,T004288,2025-03-31,CDMX,P063,1,45.0
V004289,T004288,2025-03-31,CDMX,P060,1,850.0
V004290,T004290,2025-03-31,CDMX,P041,3,35.0
V004291,T004290,2025-03-31,CDMX,P043,1,18.0
V004292,T004292,2025-03-31,CDMX,P023,1,40.0
V004293,T004292,2025-03-31,CDMX,P020,3,55.0
V004294,T004294,2025-03-31,CDMX,P107,1,165.0
V004295,T004295,2025-03-31,CDMX,P106,1,55.0
V004296,T004295,2025-03-31,CDMX,P025,1,35.0
V004297,T004297,2025-03-31,CDMX,P001,3,145.0
V004298,T004297,2025-03-31,CDMX,P012,1,980.0
V004299,T004299,2025-03-31,CDMX,P028,2,180.0
V004300,T004299,2025-03-31,CDMX,P060,1,850.0
V004301,T004301,2025-03-31,MTY,P006,1,12.0
V004302,T004302,2025-03-31,MTY,P064,1,38.0
V004303,T004302,2025-03-31,MTY,P061,1,165.0
V004304,T004304,2025-03-31,MTY,P041,2,35.0
V004305,T004305,2025-03-31,MTY,P082,1,25.0
V004306,T004305,2025-03-31,MTY,P048,3,180.0
V004307,T004307,2025-03-31,MTY,P022,2,150.0
V004308,T004307,2025-03-31,MTY,P023,2,40.0
V004309,T004307,2025-03-31,MTY,P007,3,95.0
V004310,T004310,2025-03-31,MTY,P028,2,180.0
V004311,T004311,2025-03-31,MTY,P104,2,95.0
V004312,T004312,2025-03-31,MTY,P046,1,280.0
V004313,T004312,2025-03-31,MTY,P001,1,145.0
V004314,T004314,2025-03-31,MTY,P022,1,150.0
V004315,T004314,2025-03-31,MTY,P023,1,40.0
V004316,T004314,2025-03-31,MTY,P040,1,1450.0
V004317,T004317,2025-04-01,CUN,P009,2,85.0
V004318,T004318,2025-04-01,CUN,P046,1,280.0
V004319,T004318,2025-04-01,CUN,P044,1,22.0
V004320,T004320,2025-04-01,CUN,P040,3,1450.0
V004321,T004321,2025-04-01,CUN,P026,1,65.0
V004322,T004322,2025-04-01,CUN,P065,1,30.0
V004323,T004323,2025-04-01,CUN,P106,2,55.0
V004324,T004323,2025-04-01,CUN,P011,2,210.0
V004325,T004325,2025-04-01,CUN,P084,3,18.0
V004326,T004326,2025-04-01,CUN,P064,1,38.0
V004327,T004326,2025-04-01,CUN,P061,1,165.0
V004328,T004328,2025-04-01,CUN,P107,3,165.0
V004329,T004328,2025-04-01,CUN,P061,2,165.0
V004330,T004330,2025-04-01,CUN,P100,1,1250.0
V004331,T004330,2025-04-01,CUN,P102,2,45.0
V004332,T004332,2025-04-01,CUN,P001,1,145.0
V004333,T004332,2025-04-01,CUN,P045,2,45.0
V004334,T004334,2025-04-01,CUN,P021,1,85.0
V004335,T004334,2025-04-01,CUN,P023,2,40.0
V004336,T004336,2025-04-01,CUN,P065,3,30.0
V004337,T004336,2025-04-01,CUN,P060,2,850.0
V004338,T004338,2025-04-01,CUN,P013,2,45.0
V004339,T004339,2025-04-01,CUN,P085,2,980.0
V004340,T004340,2025-04-01,CUN,P047,3,95.0
V004341,T004340,2025-04-01,CUN,P065,2,30.0
V004342,T004342,2025-04-01,CUN,P003,3,8.5
V004343,T004342,2025-04-01,CUN,P047,1,95.0
V004344,T004344,2025-04-01,CUN,P012,1,980.0
V004345,T004345,2025-04-01,CUN,P021,1,85.0
V004346,T004345,2025-04-01,CUN,P023,1,40.0
V004347,T004345,2025-04-01,CUN,P048,1,180.0
V004348,T004348,2025-04-01,CUN,P024,1,6.0
V004349,T004349,2025-04-01,CUN,P100,1,1250.0
V004350,T004349,2025-04-01,CUN,P085,3,980.0
V004351,T004351,2025-04-01,CUN,P063,3,45.0
V004352,T004351,2025-04-01,CUN,P060,2,850.0
V004353,T004353,2025-04-01,MID,P082,2,25.0
V004354,T004353,2025-04-01,MID,P021,1,85.0
V004355,T004355,2025-04-01,MID,P006,2,12.0
V004356,T004355,2025-04-01,MID,P004,1,6.0
V004357,T004357,2025-04-01,MID,P042,1,28.0
V004358,T004357,2025-04-01,MID,P065,1,30.0
V004359,T004359,2025-04-01,MID,P063,3,45.0
V004360,T004359,2025-04-01,MID,P060,1,850.0
V004361,T004359,2025-04-01,MID,P041,2,35.0
V004362,T004362,2025-04-01,MID,P006,3,12.0
V004363,T004362,2025-04-01,MID,P007,1,95.0
V004364,T004364,2025-04-01,MID,P020,1,55.0
V004365,T004364,2025-04-01,MID,P023,1,40.0
V004366,T004366,2025-04-01,MID,P045,1,45.0
V004367,T004366,2025-04-01,MID,P064,1,38.0
V004368,T004368,2025-04-01,MID,P081,1,65.0
V004369,T004369,2025-04-01,MID,P100,3,1250.0
V004370,T004369,2025-04-01,MID,P005,1,65.0
V004371,T004371,2025-04-01,MID,P022,2,150.0
V004372,T004371,2025-04-01,MID,P023,1,40.0
V004373,T004373,2025-04-01,MID,P024,1,6.0
V004374,T004374,2025-04-01,MID,P023,1,40.0
V004375,T004375,2025-04-01,MID,P063,1,45.0
V004376,T004375,2025-04-01,MID,P060,3,850.0
V004377,T004377,2025-04-01,MID,P106,1,55.0
V004378,T004378,2025-04-01,CHI,P064,1,38.0
V004379,T004378,2025-04-01,CHI,P044,3,22.0
V004380,T004380,2025-04-01,CHI,P081,1,65.0
V004381,T004381,2025-04-01,CHI,P100,3,1250.0
V004382,T004381,2025-04-01,CHI,P102,1,45.0
V004383,T004383,2025-04-01,CHI,P041,1,35.0
V004384,T004383,2025-04-01,CHI,P043,1,18.0
V004385,T004383,2025-04-01,CHI,P040,2,1450.0
V004386,T004386,2025-04-01,CHI,P012,1,980.0
V004387,T004386,2025-04-01,CHI,P040,1,1450.0
V004388,T004388,2025-04-01,CHI,P082,1,25.0
V004389,T004389,2025-04-01,CHI,P021,1,85.0
V004390,T004389,2025-04-01,CHI,P023,1,40.0
V004391,T004391,2025-04-01,CHI,P028,1,180.0
V004392,T004391,2025-04-01,CHI,P102,1,45.0
V004393,T004393,2025-04-01,CDMX,P100,2,1250.0
V004394,T004393,2025-04-01,CDMX,P102,2,45.0
V004395,T004393,2025-04-01,CDMX,P002,2,180.0
V004396,T004396,2025-04-01,CDMX,P043,2,18.0
V004397,T004397,2025-04-01,CDMX,P023,2,40.0
V004398,T004398,2025-04-01,CDMX,P064,1,38.0
V004399,T004398,2025-04-01,CDMX,P061,2,165.0
V004400,T004398,2025-04-01,CDMX,P106,1,55.0
V004401,T004401,2025-04-01,CDMX,P102,2,45.0
V004402,T004401,2025-04-01,CDMX,P047,1,95.0
V004403,T004403,2025-04-01,CDMX,P022,2,150.0
V004404,T004403,2025-04-01,CDMX,P023,3,40.0
V004405,T004405,2025-04-01,CDMX,P013,2,45.0
V004406,T004406,2025-04-01,CDMX,P009,1,85.0
V004407,T004407,2025-04-01,CDMX,P026,1,65.0
V004408,T004408,2025-04-01,CDMX,P045,3,45.0
V004409,T004408,2025-04-01,CDMX,P040,1,1450.0
V004410,T004410,2025-04-01,CDMX,P022,1,150.0
V004411,T004410,2025-04-01,CDMX,P023,1,40.0
V004412,T004410,2025-04-01,CDMX,P005,2,65.0
V004413,T004413,2025-04-01,CDMX,P041,1,35.0
V004414,T004413,2025-04-01,CDMX,P043,1,18.0
V004415,T004413,2025-04-01,CDMX,P045,2,45.0
V004416,T004416,2025-04-01,MTY,P100,2,1250.0
V004417,T004416,2025-04-01,MTY,P101,3,35.0
V004418,T004418,2025-04-01,MTY,P100,2,1250.0
V004419,T004418,2025-04-01,MTY,P101,3,35.0
V004420,T004420,2025-04-01,MTY,P021,1,85.0
V004421,T004420,2025-04-01,MTY,P023,2,40.0
V004422,T004420,2025-04-01,MTY,P025,1,35.0
V004423,T004423,2025-04-01,MTY,P105,2,145.0
V004424,T004424,2025-04-01,MTY,P061,3,165.0
V004425,T004424,2025-04-01,MTY,P041,2,35.0
V004426,T004426,2025-04-01,MTY,P022,1,150.0
V004427,T004426,2025-04-01,MTY,P023,1,40.0
V004428,T004428,2025-04-01,MTY,P020,2,55.0
V004429,T004428,2025-04-01,MTY,P023,1,40.0
V004430,T004430,2025-04-01,MTY,P009,1,85.0
V004431,T004430,2025-04-01,MTY,P003,2,8.5
V004432,T004432,2025-04-01,MTY,P064,2,38.0
V004433,T004432,2025-04-01,MTY,P061,1,165.0
V004434,T004434,2025-04-01,MTY,P064,2,38.0
V004435,T004434,2025-04-01,MTY,P061,1,165.0
V004436,T004436,2025-04-02,CUN,P042,2,28.0
V004437,T004436,2025-04-02,CUN,P029,1,95.0
V004438,T004438,2025-04-02,CUN,P006,3,12.0
V004439,T004438,2025-04-02,CUN,P064,2,38.0
V004440,T004440,2025-04-02,CUN,P001,2,145.0
V004441,T004440,2025-04-02,CUN,P009,2,85.0
V004442,T004442,2025-04-02,CUN,P001,2,145.0
V004443,T004442,2025-04-02,CUN,P105,2,145.0
V004444,T004444,2025-04-02,CUN,P026,1,65.0
V004445,T004444,2025-04-02,CUN,P065,2,30.0
V004446,T004446,2025-04-02,CUN,P044,2,22.0
V004447,T004447,2025-04-02,CUN,P107,1,165.0
V004448,T004448,2025-04-02,CUN,P022,2,150.0
V004449,T004448,2025-04-02,CUN,P023,2,40.0
V004450,T004450,2025-04-02,CUN,P006,3,12.0
V004451,T004450,2025-04-02,CUN,P027,2,320.0
V004452,T004452,2025-04-02,CUN,P100,3,1250.0
V004453,T004452,2025-04-02,CUN,P102,2,45.0
V004454,T004454,2025-04-02,CUN,P045,2,45.0
V004455,T004454,2025-04-02,CUN,P009,2,85.0
V004456,T004456,2025-04-02,CUN,P060,1,850.0
V004457,T004456,2025-04-02,CUN,P061,2,165.0
V004458,T004458,2025-04-02,MID,P063,1,45.0
V004459,T004458,2025-04-02,MID,P060,3,850.0
V004460,T004458,2025-04-02,MID,P040,1,1450.0
V004461,T004461,2025-04-02,MID,P029,2,95.0
V004462,T004462,2025-04-02,MID,P022,1,150.0
V004463,T004462,2025-04-02,MID,P046,3,280.0
V004464,T004464,2025-04-02,MID,P100,2,1250.0
V004465,T004464,2025-04-02,MID,P101,3,35.0
V004466,T004464,2025-04-02,MID,P024,2,6.0
V004467,T004467,2025-04-02,MID,P100,1,1250.0
V004468,T004467,2025-04-02,MID,P102,1,45.0
V004469,T004469,2025-04-02,MID,P020,3,55.0
V004470,T004469,2025-04-02,MID,P023,1,40.0
V004471,T004469,2025-04-02,MID,P106,2,55.0
V004472,T004472,2025-04-02,MID,P086,3,650.0
V004473,T004472,2025-04-02,MID,P103,1,120.0
V004474,T004474,2025-04-02,MID,P002,3,180.0
V004475,T004474,2025-04-02,MID,P065,3,30.0
V004476,T004476,2025-04-02,MID,P006,2,12.0
V004477,T004477,2025-04-02,MID,P103,1,120.0
V004478,T004477,2025-04-02,MID,P023,2,40.0
V004479,T004479,2025-04-02,MID,P107,3,165.0
V004480,T004480,2025-04-02,MID,P030,1,180.0
V004481,T004481,2025-04-02,CHI,P024,1,6.0
V004482,T004482,2025-04-02,CHI,P020,1,55.0
V004483,T004482,2025-04-02,CHI,P023,3,40.0
V004484,T004484,2025-04-02,CHI,P020,2,55.0
V004485,T004484,2025-04-02,CHI,P023,3,40.0
V004486,T004484,2025-04-02,CHI,P001,1,145.0
V004487,T004487,2025-04-02,CHI,P100,3,1250.0
V004488,T004487,2025-04-02,CHI,P101,1,35.0
V004489,T004489,2025-04-02,CHI,P041,1,35.0
V004490,T004489,2025-04-02,CHI,P043,2,18.0
V004491,T004489,2025-04-02,CHI,P025,1,35.0
V004492,T004492,2025-04-02,CHI,P065,2,30.0
V004493,T004493,2025-04-02,CHI,P065,2,30.0
V004494,T004493,2025-04-02,CHI,P028,1,180.0
V004495,T004495,2025-04-02,CHI,P063,2,45.0
V004496,T004495,2025-04-02,CHI,P060,3,850.0
V004497,T004495,2025-04-02,CHI,P029,2,95.0
V004498,T004498,2025-04-02,CHI,P022,1,150.0
V004499,T004498,2025-04-02,CHI,P023,2,40.0
V004500,T004500,2025-04-02,CHI,P021,2,85.0
V004501,T004500,2025-04-02,CHI,P023,1,40.0
V004502,T004502,2025-04-02,CHI,P100,1,1250.0
V004503,T004502,2025-04-02,CHI,P102,2,45.0
V004504,T004502,2025-04-02,CHI,P024,3,6.0
V004505,T004505,2025-04-02,CHI,P010,1,120.0
V004506,T004506,2025-04-02,CHI,P063,1,45.0
V004507,T004506,2025-04-02,CHI,P107,1,165.0
V004508,T004508,2025-04-02,CHI,P047,2,95.0
V004509,T004509,2025-04-02,CHI,P009,1,85.0
V004510,T004509,2025-04-02,CHI,P105,1,145.0
V004511,T004511,2025-04-02,CHI,P007,1,95.0
V004512,T004512,2025-04-02,CHI,P102,3,45.0
V004513,T004513,2025-04-02,CHI,P062,2,320.0
V004514,T004513,2025-04-02,CHI,P080,2,280.0
V004515,T004515,2025-04-02,CHI,P063,3,45.0
V004516,T004515,2025-04-02,CHI,P060,3,850.0
V004517,T004517,2025-04-02,CHI,P101,2,35.0
V004518,T004518,2025-04-02,CDMX,P021,2,85.0
V004519,T004519,2025-04-02,CDMX,P025,2,35.0
V004520,T004520,2025-04-02,CDMX,P022,1,150.0
V004521,T004520,2025-04-02,CDMX,P023,2,40.0
V004522,T004520,2025-04-02,CDMX,P001,3,145.0
V004523,T004523,2025-04-02,CDMX,P021,2,85.0
V004524,T004523,2025-04-02,CDMX,P023,2,40.0
V004525,T004523,2025-04-02,CDMX,P062,1,320.0
V004526,T004526,2025-04-02,CDMX,P066,2,55.0
V004527,T004526,2025-04-02,CDMX,P060,1,850.0
V004528,T004528,2025-04-02,CDMX,P086,2,650.0
V004529,T004528,2025-04-02,CDMX,P002,1,180.0
V004530,T004530,2025-04-02,CDMX,P100,1,1250.0
V004531,T004530,2025-04-02,CDMX,P101,1,35.0
V004532,T004532,2025-04-02,CDMX,P103,2,120.0
V004533,T004533,2025-04-02,CDMX,P013,1,45.0
V004534,T004534,2025-04-02,CDMX,P086,1,650.0
V004535,T004535,2025-04-02,CDMX,P085,1,980.0
V004536,T004536,2025-04-02,CDMX,P021,1,85.0
V004537,T004536,2025-04-02,CDMX,P023,2,40.0
V004538,T004538,2025-04-02,CDMX,P022,2,150.0
V004539,T004539,2025-04-02,CDMX,P103,3,120.0
V004540,T004539,2025-04-02,CDMX,P040,1,1450.0
V004541,T004541,2025-04-02,CDMX,P106,1,55.0
V004542,T004541,2025-04-02,CDMX,P103,1,120.0
V004543,T004543,2025-04-02,CDMX,P005,3,65.0
V004544,T004543,2025-04-02,CDMX,P003,2,8.5
V004545,T004545,2025-04-02,MTY,P046,1,280.0
V004546,T004546,2025-04-02,MTY,P023,2,40.0
V004547,T004547,2025-04-02,MTY,P100,2,1250.0
V004548,T004547,2025-04-02,MTY,P102,2,45.0
V004549,T004549,2025-04-02,MTY,P004,3,6.0
V004550,T004549,2025-04-02,MTY,P028,1,180.0
V004551,T004551,2025-04-02,MTY,P024,1,6.0
V004552,T004552,2025-04-02,MTY,P042,2,28.0
V004553,T004552,2025-04-02,MTY,P043,1,18.0
V004554,T004554,2025-04-02,MTY,P030,1,180.0
V004555,T004554,2025-04-02,MTY,P027,2,320.0
V004556,T004556,2025-04-02,MTY,P021,2,85.0
V004557,T004556,2025-04-02,MTY,P023,3,40.0
V004558,T004556,2025-04-02,MTY,P064,2,38.0
V004559,T004559,2025-04-02,MTY,P101,2,35.0
V004560,T004559,2025-04-02,MTY,P024,1,6.0
V004561,T004561,2025-04-02,MTY,P084,1,18.0
V004562,T004561,2025-04-02,MTY,P023,1,40.0
V004563,T004563,2025-04-02,MTY,P042,2,28.0
V004564,T004563,2025-04-02,MTY,P043,1,18.0
V004565,T004563,2025-04-02,MTY,P101,3,35.0
V004566,T004566,2025-04-02,MTY,P022,1,150.0
V004567,T004566,2025-04-02,MTY,P023,2,40.0
V004568,T004568,2025-04-02,MTY,P083,3,65.0
V004569,T004568,2025-04-02,MTY,P066,1,55.0
V004570,T004570,2025-04-02,MTY,P042,1,28.0
V004571,T004570,2025-04-02,MTY,P043,3,18.0
V004572,T004572,2025-04-02,MTY,P041,1,35.0
V004573,T004572,2025-04-02,MTY,P043,2,18.0
V004574,T004574,2025-04-02,MTY,P063,3,45.0
V004575,T004574,2025-04-02,MTY,P060,2,850.0
V004576,T004576,2025-04-02,MTY,P005,2,65.0
V004577,T004577,2025-04-02,MTY,P027,2,320.0
V004578,T004578,2025-04-02,MTY,P047,2,95.0
V004579,T004579,2025-04-02,MTY,P046,1,280.0
V004580,T004580,2025-04-02,MTY,P005,1,65.0
V004581,T004580,2025-04-02,MTY,P025,1,35.0
V004582,T004582,2025-04-03,CUN,P086,3,650.0
V004583,T004583,2025-04-03,CUN,P100,1,1250.0
V004584,T004583,2025-04-03,CUN,P101,3,35.0
V004585,T004583,2025-04-03,CUN,P102,2,45.0
V004586,T004586,2025-04-03,CUN,P100,2,1250.0
V004587,T004586,2025-04-03,CUN,P060,3,850.0
V004588,T004588,2025-04-03,CUN,P063,1,45.0
V004589,T004588,2025-04-03,CUN,P060,2,850.0
V004590,T004590,2025-04-03,CUN,P107,1,165.0
V004591,T004591,2025-04-03,CUN,P004,1,6.0
V004592,T004591,2025-04-03,CUN,P045,1,45.0
V004593,T004593,2025-04-03,CUN,P012,3,980.0
V004594,T004594,2025-04-03,CUN,P021,2,85.0
V004595,T004595,2025-04-03,CUN,P042,1,28.0
V004596,T004595,2025-04-03,CUN,P043,3,18.0
V004597,T004597,2025-04-03,CUN,P021,1,85.0
V004598,T004597,2025-04-03,CUN,P023,2,40.0
V004599,T004599,2025-04-03,CUN,P041,2,35.0
V004600,T004599,2025-04-03,CUN,P043,2,18.0
V004601,T004599,2025-04-03,CUN,P046,2,280.0
V004602,T004602,2025-04-03,CUN,P020,1,55.0
V004603,T004602,2025-04-03,CUN,P023,2,40.0
V004604,T004602,2025-04-03,CUN,P048,1,180.0
V004605,T004605,2025-04-03,MID,P041,2,35.0
V004606,T004605,2025-04-03,MID,P043,2,18.0
V004607,T004605,2025-04-03,MID,P046,1,280.0
V004608,T004608,2025-04-03,MID,P064,3,38.0
V004609,T004608,2025-04-03,MID,P101,2,35.0
V004610,T004610,2025-04-03,MID,P013,3,45.0
V004611,T004611,2025-04-03,MID,P045,1,45.0
V004612,T004612,2025-04-03,MID,P065,1,30.0
V004613,T004612,2025-04-03,MID,P048,2,180.0
V004614,T004614,2025-04-03,MID,P025,1,35.0
V004615,T004615,2025-04-03,MID,P100,2,1250.0
V004616,T004615,2025-04-03,MID,P102,2,45.0
V004617,T004615,2025-04-03,MID,P024,1,6.0
V004618,T004618,2025-04-03,MID,P008,1,180.0
V004619,T004619,2025-04-03,MID,P027,2,320.0
V004620,T004620,2025-04-03,MID,P011,3,210.0
V004621,T004620,2025-04-03,MID,P066,1,55.0
V004622,T004622,2025-04-03,MID,P100,1,1250.0
V004623,T004622,2025-04-03,MID,P101,1,35.0
V004624,T004622,2025-04-03,MID,P062,1,320.0
V004625,T004625,2025-04-03,MID,P020,2,55.0
V004626,T004625,2025-04-03,MID,P025,2,35.0
V004627,T004627,2025-04-03,MID,P042,1,28.0
V004628,T004627,2025-04-03,MID,P043,2,18.0
V004629,T004629,2025-04-03,MID,P027,1,320.0
V004630,T004629,2025-04-03,MID,P066,1,55.0
V004631,T004631,2025-04-03,MID,P011,2,210.0
V004632,T004631,2025-04-03,MID,P044,3,22.0
V004633,T004633,2025-04-03,CHI,P102,1,45.0
V004634,T004634,2025-04-03,CHI,P046,1,280.0
V004635,T004635,2025-04-03,CHI,P013,3,45.0
V004636,T004636,2025-04-03,CHI,P042,2,28.0
V004637,T004636,2025-04-03,CHI,P043,1,18.0
V004638,T004636,2025-04-03,CHI,P028,2,180.0
V004639,T004639,2025-04-03,CHI,P064,2,38.0
V004640,T004639,2025-04-03,CHI,P061,1,165.0
V004641,T004639,2025-04-03,CHI,P083,1,65.0
V004642,T004642,2025-04-03,CHI,P013,1,45.0
V004643,T004642,2025-04-03,CHI,P065,1,30.0
V004644,T004644,2025-04-03,CHI,P064,1,38.0
V004645,T004644,2025-04-03,CHI,P061,2,165.0
V004646,T004646,2025-04-03,CHI,P013,2,45.0
V004647,T004647,2025-04-03,CHI,P107,1,165.0
V004648,T004647,2025-04-03,CHI,P005,1,65.0
V004649,T004649,2025-04-03,CHI,P086,1,650.0
V004650,T004650,2025-04-03,CHI,P040,3,1450.0
V004651,T004651,2025-04-03,CHI,P024,2,6.0
V004652,T004652,2025-04-03,CHI,P001,1,145.0
V004653,T004653,2025-04-03,CHI,P044,1,22.0
V004654,T004654,2025-04-03,CHI,P100,3,1250.0
V004655,T004654,2025-04-03,CHI,P106,2,55.0
V004656,T004656,2025-04-03,CHI,P010,2,120.0
V004657,T004657,2025-04-03,CHI,P021,2,85.0
V004658,T004657,2025-04-03,CHI,P023,3,40.0
V004659,T004657,2025-04-03,CHI,P026,1,65.0
V004660,T004660,2025-04-03,CDMX,P025,1,35.0
V004661,T004661,2025-04-03,CDMX,P005,3,65.0
V004662,T004662,2025-04-03,CDMX,P027,1,320.0
V004663,T004663,2025-04-03,CDMX,P044,1,22.0
V004664,T004664,2025-04-03,CDMX,P100,1,1250.0
V004665,T004664,2025-04-03,CDMX,P101,3,35.0
V004666,T004664,2025-04-03,CDMX,P028,3,180.0
V004667,T004667,2025-04-03,CDMX,P020,2,55.0
V004668,T004667,2025-04-03,CDMX,P023,2,40.0
V004669,T004667,2025-04-03,CDMX,P061,2,165.0
V004670,T004670,2025-04-03,CDMX,P106,2,55.0
V004671,T004671,2025-04-03,CDMX,P080,1,280.0
V004672,T004672,2025-04-03,CDMX,P047,1,95.0
V004673,T004672,2025-04-03,CDMX,P026,3,65.0
V004674,T004674,2025-04-03,CDMX,P021,1,85.0
V004675,T004674,2025-04-03,CDMX,P023,2,40.0
V004676,T004676,2025-04-03,CDMX,P100,1,1250.0
V004677,T004676,2025-04-03,CDMX,P102,2,45.0
V004678,T004678,2025-04-03,CDMX,P066,1,55.0
V004679,T004679,2025-04-03,CDMX,P102,1,45.0
V004680,T004680,2025-04-03,CDMX,P100,1,1250.0
V004681,T004680,2025-04-03,CDMX,P026,3,65.0
V004682,T004682,2025-04-03,CDMX,P045,3,45.0
V004683,T004683,2025-04-03,CDMX,P043,2,18.0
V004684,T004684,2025-04-03,MTY,P064,2,38.0
V004685,T004684,2025-04-03,MTY,P061,1,165.0
V004686,T004684,2025-04-03,MTY,P020,1,55.0
V004687,T004687,2025-04-03,MTY,P064,1,38.0
V004688,T004688,2025-04-03,MTY,P081,2,65.0
V004689,T004689,2025-04-03,MTY,P085,1,980.0
V004690,T004690,2025-04-03,MTY,P022,1,150.0
V004691,T004690,2025-04-03,MTY,P023,2,40.0
V004692,T004690,2025-04-03,MTY,P012,2,980.0
V004693,T004693,2025-04-03,MTY,P003,2,8.5
V004694,T004694,2025-04-03,MTY,P021,1,85.0
V004695,T004694,2025-04-03,MTY,P023,3,40.0
V004696,T004694,2025-04-03,MTY,P025,1,35.0
V004697,T004697,2025-04-03,MTY,P022,1,150.0
V004698,T004697,2025-04-03,MTY,P023,1,40.0
V004699,T004699,2025-04-03,MTY,P100,1,1250.0
V004700,T004699,2025-04-03,MTY,P101,2,35.0
V004701,T004699,2025-04-03,MTY,P105,3,145.0
V004702,T004702,2025-04-03,MTY,P020,2,55.0
V004703,T004702,2025-04-03,MTY,P029,1,95.0
V004704,T004704,2025-04-03,MTY,P064,1,38.0
V004705,T004704,2025-04-03,MTY,P061,1,165.0
V004706,T004706,2025-04-03,MTY,P048,3,180.0
V004707,T004707,2025-04-03,MTY,P011,1,210.0
V004708,T004708,2025-04-03,MTY,P100,3,1250.0
V004709,T004709,2025-04-03,MTY,P042,2,28.0
V004710,T004709,2025-04-03,MTY,P107,1,165.0
V004711,T004711,2025-04-03,MTY,P048,1,180.0
V004712,T004711,2025-04-03,MTY,P040,2,1450.0
V004713,T004713,2025-04-03,MTY,P041,1,35.0
V004714,T004714,2025-04-04,CUN,P012,1,980.0
V004715,T004714,2025-04-04,CUN,P085,1,980.0
V004716,T004716,2025-04-04,CUN,P006,2,12.0
V004717,T004717,2025-04-04,CUN,P002,1,180.0
V004718,T004718,2025-04-04,CUN,P027,1,320.0
V004719,T004718,2025-04-04,CUN,P085,2,980.0
V004720,T004720,2025-04-04,CUN,P100,1,1250.0
V004721,T004720,2025-04-04,CUN,P102,1,45.0
V004722,T004720,2025-04-04,CUN,P062,2,320.0
V004723,T004723,2025-04-04,CUN,P100,1,1250.0
V004724,T004724,2025-04-04,CUN,P105,2,145.0
V004725,T004724,2025-04-04,CUN,P013,1,45.0
V004726,T004726,2025-04-04,CUN,P104,1,95.0
V004727,T004727,2025-04-04,CUN,P008,1,180.0
V004728,T004728,2025-04-04,CUN,P026,1,65.0
V004729,T004728,2025-04-04,CUN,P027,2,320.0
V004730,T004730,2025-04-04,CUN,P020,1,55.0
V004731,T004730,2025-04-04,CUN,P023,3,40.0
V004732,T004730,2025-04-04,CUN,P100,1,1250.0
V004733,T004733,2025-04-04,CUN,P003,2,8.5
V004734,T004734,2025-04-04,CUN,P011,1,210.0
V004735,T004734,2025-04-04,CUN,P001,1,145.0
V004736,T004736,2025-04-04,MID,P008,2,180.0
V004737,T004737,2025-04-04,MID,P107,2,165.0
V004738,T004738,2025-04-04,MID,P020,1,55.0
V004739,T004738,2025-04-04,MID,P023,1,40.0
V004740,T004738,2025-04-04,MID,P041,1,35.0
V004741,T004741,2025-04-04,MID,P030,3,180.0
V004742,T004742,2025-04-04,MID,P046,2,280.0
V004743,T004742,2025-04-04,MID,P084,1,18.0
V004744,T004744,2025-04-04,MID,P100,1,1250.0
V004745,T004744,2025-04-04,MID,P102,3,45.0
V004746,T004744,2025-04-04,MID,P104,1,95.0
V004747,T004747,2025-04-04,MID,P085,1,980.0
V004748,T004747,2025-04-04,MID,P100,1,1250.0
V004749,T004749,2025-04-04,MID,P022,1,150.0
V004750,T004749,2025-04-04,MID,P023,1,40.0
V004751,T004751,2025-04-04,MID,P045,2,45.0
V004752,T004752,2025-04-04,MID,P024,1,6.0
V004753,T004753,2025-04-04,MID,P063,2,45.0
V004754,T004753,2025-04-04,MID,P060,3,850.0
V004755,T004755,2025-04-04,MID,P003,2,8.5
V004756,T004756,2025-04-04,MID,P103,1,120.0
V004757,T004756,2025-04-04,MID,P021,3,85.0
V004758,T004758,2025-04-04,MID,P041,2,35.0
V004759,T004758,2025-04-04,MID,P043,2,18.0
V004760,T004758,2025-04-04,MID,P027,2,320.0
V004761,T004761,2025-04-04,CHI,P064,2,38.0
V004762,T004761,2025-04-04,CHI,P061,1,165.0
V004763,T004761,2025-04-04,CHI,P020,2,55.0
V004764,T004764,2025-04-04,CHI,P100,1,1250.0
V004765,T004764,2025-04-04,CHI,P080,1,280.0
V004766,T004766,2025-04-04,CHI,P012,2,980.0
V004767,T004766,2025-04-04,CHI,P083,2,65.0
V004768,T004768,2025-04-04,CHI,P007,1,95.0
V004769,T004769,2025-04-04,CHI,P023,3,40.0
V004770,T004769,2025-04-04,CHI,P028,1,180.0
V004771,T004771,2025-04-04,CHI,P009,1,85.0
V004772,T004771,2025-04-04,CHI,P106,1,55.0
V004773,T004773,2025-04-04,CHI,P025,2,35.0
V004774,T004773,2025-04-04,CHI,P028,2,180.0
V004775,T004775,2025-04-04,CHI,P006,2,12.0
V004776,T004776,2025-04-04,CHI,P100,1,1250.0
V004777,T004776,2025-04-04,CHI,P102,1,45.0
V004778,T004776,2025-04-04,CHI,P086,1,650.0
V004779,T004779,2025-04-04,CHI,P029,1,95.0
V004780,T004780,2025-04-04,CHI,P060,2,850.0
V004781,T004781,2025-04-04,CHI,P007,1,95.0
V004782,T004781,2025-04-04,CHI,P006,3,12.0
V004783,T004783,2025-04-04,CHI,P066,3,55.0
V004784,T004783,2025-04-04,CHI,P104,1,95.0
V004785,T004785,2025-04-04,CHI,P066,1,55.0
V004786,T004785,2025-04-04,CHI,P013,2,45.0
V004787,T004787,2025-04-04,CHI,P100,2,1250.0
V004788,T004787,2025-04-04,CHI,P102,2,45.0
V004789,T004789,2025-04-04,CHI,P042,2,28.0
V004790,T004789,2025-04-04,CHI,P043,3,18.0
V004791,T004789,2025-04-04,CHI,P021,1,85.0
V004792,T004792,2025-04-04,CHI,P021,1,85.0
V004793,T004792,2025-04-04,CHI,P023,2,40.0
V004794,T004792,2025-04-04,CHI,P029,1,95.0
V004795,T004795,2025-04-04,CHI,P104,1,95.0
V004796,T004796,2025-04-04,CHI,P005,1,65.0
V004797,T004796,2025-04-04,CHI,P012,1,980.0
V004798,T004798,2025-04-04,CHI,P042,3,28.0
V004799,T004798,2025-04-04,CHI,P043,3,18.0
V004800,T004798,2025-04-04,CHI,P028,2,180.0
V004801,T004801,2025-04-04,CHI,P010,1,120.0
V004802,T004801,2025-04-04,CHI,P009,1,85.0
V004803,T004803,2025-04-04,CDMX,P060,3,850.0
V004804,T004803,2025-04-04,CDMX,P007,2,95.0
V004805,T004805,2025-04-04,CDMX,P082,2,25.0
V004806,T004805,2025-04-04,CDMX,P084,3,18.0
V004807,T004807,2025-04-04,CDMX,P010,3,120.0
V004808,T004807,2025-04-04,CDMX,P106,1,55.0
V004809,T004809,2025-04-04,CDMX,P003,1,8.5
V004810,T004809,2025-04-04,CDMX,P101,3,35.0
V004811,T004811,2025-04-04,CDMX,P064,2,38.0
V004812,T004811,2025-04-04,CDMX,P065,1,30.0
V004813,T004813,2025-04-04,CDMX,P021,2,85.0
V004814,T004813,2025-04-04,CDMX,P023,1,40.0
V004815,T004813,2025-04-04,CDMX,P066,1,55.0
V004816,T004816,2025-04-04,CDMX,P082,2,25.0
V004817,T004816,2025-04-04,CDMX,P064,2,38.0
V004818,T004818,2025-04-04,CDMX,P021,1,85.0
V004819,T004818,2025-04-04,CDMX,P023,3,40.0
V004820,T004820,2025-04-04,MTY,P042,1,28.0
V004821,T004820,2025-04-04,MTY,P043,2,18.0
V004822,T004822,2025-04-04,MTY,P023,1,40.0
V004823,T004823,2025-04-04,MTY,P100,2,1250.0
V004824,T004823,2025-04-04,MTY,P101,2,35.0
V004825,T004823,2025-04-04,MTY,P042,3,28.0
V004826,T004826,2025-04-04,MTY,P100,2,1250.0
V004827,T004826,2025-04-04,MTY,P101,2,35.0
V004828,T004828,2025-04-04,MTY,P082,2,25.0
V004829,T004828,2025-04-04,MTY,P048,3,180.0
V004830,T004830,2025-04-04,MTY,P063,1,45.0
V004831,T004830,2025-04-04,MTY,P106,1,55.0
V004832,T004832,2025-04-04,MTY,P085,2,980.0
V004833,T004833,2025-04-04,MTY,P085,1,980.0
V004834,T004834,2025-04-04,MTY,P044,2,22.0
V004835,T004835,2025-04-04,MTY,P003,3,8.5
V004836,T004836,2025-04-04,MTY,P043,1,18.0
V004837,T004837,2025-04-04,MTY,P022,1,150.0
V004838,T004837,2025-04-04,MTY,P023,1,40.0
V004839,T004837,2025-04-04,MTY,P105,2,145.0
V004840,T004840,2025-04-04,MTY,P086,1,650.0
V004841,T004840,2025-04-04,MTY,P101,3,35.0
V004842,T004842,2025-04-04,MTY,P041,1,35.0
V004843,T004842,2025-04-04,MTY,P043,2,18.0
V004844,T004842,2025-04-04,MTY,P082,3,25.0
V004845,T004845,2025-04-04,MTY,P023,1,40.0
V004846,T004846,2025-04-04,MTY,P100,3,1250.0
V004847,T004846,2025-04-04,MTY,P102,2,45.0
V004848,T004848,2025-04-04,MTY,P102,2,45.0
V004849,T004849,2025-04-04,MTY,P028,1,180.0
V004850,T004849,2025-04-04,MTY,P044,1,22.0
V004851,T004851,2025-04-04,MTY,P007,1,95.0
V004852,T004852,2025-04-05,CUN,P085,1,980.0
V004853,T004853,2025-04-05,CUN,P100,1,1250.0
V004854,T004853,2025-04-05,CUN,P101,1,35.0
V004855,T004853,2025-04-05,CUN,P082,1,25.0
V004856,T004856,2025-04-05,CUN,P021,2,85.0
V004857,T004856,2025-04-05,CUN,P023,3,40.0
V004858,T004856,2025-04-05,CUN,P026,3,65.0
V004859,T004859,2025-04-05,CUN,P101,1,35.0
V004860,T004860,2025-04-05,CUN,P001,3,145.0
V004861,T004860,2025-04-05,CUN,P063,2,45.0
V004862,T004862,2025-04-05,CUN,P010,2,120.0
V004863,T004863,2025-04-05,CUN,P005,1,65.0
V004864,T004863,2025-04-05,CUN,P105,2,145.0
V004865,T004865,2025-04-05,CUN,P006,1,12.0
V004866,T004865,2025-04-05,CUN,P022,1,150.0
V004867,T004867,2025-04-05,CUN,P082,1,25.0
V004868,T004868,2025-04-05,CUN,P106,1,55.0
V004869,T004869,2025-04-05,CUN,P041,1,35.0
V004870,T004869,2025-04-05,CUN,P043,1,18.0
V004871,T004869,2025-04-05,CUN,P083,1,65.0
V004872,T004872,2025-04-05,CUN,P020,2,55.0
V004873,T004872,2025-04-05,CUN,P023,2,40.0
V004874,T004874,2025-04-05,CUN,P006,2,12.0
V004875,T004874,2025-04-05,CUN,P045,3,45.0
V004876,T004876,2025-04-05,CUN,P040,3,1450.0
V004877,T004877,2025-04-05,CUN,P030,1,180.0
V004878,T004878,2025-04-05,CUN,P030,1,180.0
V004879,T004879,2025-04-05,CUN,P063,1,45.0
V004880,T004879,2025-04-05,CUN,P060,3,850.0
V004881,T004879,2025-04-05,CUN,P062,1,320.0
V004882,T004882,2025-04-05,CUN,P064,2,38.0
V004883,T004882,2025-04-05,CUN,P106,3,55.0
V004884,T004884,2025-04-05,MID,P007,2,95.0
V004885,T004885,2025-04-05,MID,P063,3,45.0
V004886,T004885,2025-04-05,MID,P060,2,850.0
V004887,T004887,2025-04-05,MID,P021,1,85.0
V004888,T004887,2025-04-05,MID,P046,2,280.0
V004889,T004889,2025-04-05,MID,P047,1,95.0
V004890,T004890,2025-04-05,MID,P011,3,210.0
V004891,T004890,2025-04-05,MID,P040,1,1450.0
V004892,T004892,2025-04-05,MID,P046,1,280.0
V004893,T004893,2025-04-05,MID,P063,2,45.0
V004894,T004893,2025-04-05,MID,P060,1,850.0
V004895,T004893,2025-04-05,MID,P064,3,38.0
V004896,T004896,2025-04-05,MID,P100,1,1250.0
V004897,T004896,2025-04-05,MID,P101,2,35.0
V004898,T004896,2025-04-05,MID,P066,1,55.0
V004899,T004899,2025-04-05,MID,P026,3,65.0
V004900,T004900,2025-04-05,MID,P041,2,35.0
V004901,T004900,2025-04-05,MID,P043,2,18.0
V004902,T004902,2025-04-05,MID,P100,2,1250.0
V004903,T004902,2025-04-05,MID,P102,1,45.0
V004904,T004904,2025-04-05,MID,P066,2,55.0
V004905,T004905,2025-04-05,MID,P021,2,85.0
V004906,T004905,2025-04-05,MID,P023,2,40.0
V004907,T004907,2025-04-05,MID,P086,1,650.0
V004908,T004907,2025-04-05,MID,P106,1,55.0
V004909,T004909,2025-04-05,MID,P100,1,1250.0
V004910,T004909,2025-04-05,MID,P101,1,35.0
V004911,T004911,2025-04-05,CHI,P063,3,45.0
V004912,T004912,2025-04-05,CHI,P082,1,25.0
V004913,T004913,2025-04-05,CHI,P012,3,980.0
V004914,T004913,2025-04-05,CHI,P028,2,180.0
V004915,T004915,2025-04-05,CHI,P047,1,95.0
V004916,T004915,2025-04-05,CHI,P021,1,85.0
V004917,T004917,2025-04-05,CHI,P006,1,12.0
V004918,T004918,2025-04-05,CHI,P020,1,55.0
V004919,T004918,2025-04-05,CHI,P023,3,40.0
V004920,T004920,2025-04-05,CHI,P002,2,180.0
V004921,T004921,2025-04-05,CHI,P063,2,45.0
V004922,T004921,2025-04-05,CHI,P060,2,850.0
V004923,T004921,2025-04-05,CHI,P002,1,180.0
V004924,T004924,2025-04-05,CHI,P012,1,980.0
V004925,T004924,2025-04-05,CHI,P060,2,850.0
V004926,T004926,2025-04-05,CDMX,P007,1,95.0
V004927,T004927,2025-04-05,CDMX,P063,1,45.0
V004928,T004927,2025-04-05,CDMX,P029,2,95.0
V004929,T004929,2025-04-05,CDMX,P100,2,1250.0
V004930,T004929,2025-04-05,CDMX,P101,1,35.0
V004931,T004929,2025-04-05,CDMX,P003,1,8.5
V004932,T004932,2025-04-05,CDMX,P007,2,95.0
V004933,T004932,2025-04-05,CDMX,P012,1,980.0
V004934,T004934,2025-04-05,CDMX,P047,2,95.0
V004935,T004934,2025-04-05,CDMX,P010,1,120.0
V004936,T004936,2025-04-05,CDMX,P082,2,25.0
V004937,T004937,2025-04-05,CDMX,P008,1,180.0
V004938,T004938,2025-04-05,CDMX,P063,2,45.0
V004939,T004938,2025-04-05,CDMX,P060,1,850.0
V004940,T004938,2025-04-05,CDMX,P106,2,55.0
V004941,T004941,2025-04-05,CDMX,P020,2,55.0
V004942,T004941,2025-04-05,CDMX,P023,3,40.0
V004943,T004943,2025-04-05,CDMX,P106,2,55.0
V004944,T004944,2025-04-05,CDMX,P063,2,45.0
V004945,T004944,2025-04-05,CDMX,P060,2,850.0
V004946,T004946,2025-04-05,MTY,P041,3,35.0
V004947,T004947,2025-04-05,MTY,P063,1,45.0
V004948,T004947,2025-04-05,MTY,P060,3,850.0
V004949,T004947,2025-04-05,MTY,P080,2,280.0
V004950,T004950,2025-04-05,MTY,P080,1,280.0
V004951,T004950,2025-04-05,MTY,P041,2,35.0
V004952,T004952,2025-04-05,MTY,P040,1,1450.0
V004953,T004952,2025-04-05,MTY,P107,3,165.0
V004954,T004954,2025-04-05,MTY,P060,1,850.0
V004955,T004955,2025-04-05,MTY,P026,3,65.0
V004956,T004956,2025-04-05,MTY,P061,1,165.0
V004957,T004956,2025-04-05,MTY,P025,2,35.0
V004958,T004958,2025-04-05,MTY,P042,2,28.0
V004959,T004958,2025-04-05,MTY,P043,1,18.0
V004960,T004958,2025-04-05,MTY,P028,3,180.0
V004961,T004961,2025-04-05,MTY,P100,1,1250.0
V004962,T004962,2025-04-05,MTY,P083,1,65.0
V004963,T004963,2025-04-05,MTY,P022,3,150.0
V004964,T004963,2025-04-05,MTY,P023,1,40.0
V004965,T004965,2025-04-05,MTY,P041,2,35.0
V004966,T004965,2025-04-05,MTY,P043,1,18.0
V004967,T004965,2025-04-05,MTY,P047,1,95.0
V004968,T004968,2025-04-05,MTY,P020,1,55.0
V004969,T004969,2025-04-05,MTY,P001,3,145.0
V004970,T004970,2025-04-05,MTY,P106,2,55.0
V004971,T004970,2025-04-05,MTY,P011,1,210.0
V004972,T004972,2025-04-05,MTY,P080,2,280.0
V004973,T004972,2025-04-05,MTY,P048,3,180.0
V004974,T004974,2025-04-05,MTY,P064,3,38.0
V004975,T004974,2025-04-05,MTY,P061,3,165.0
V004976,T004976,2025-04-05,MTY,P042,2,28.0
V004977,T004976,2025-04-05,MTY,P043,2,18.0
V004978,T004976,2025-04-05,MTY,P001,1,145.0
V004979,T004979,2025-04-05,MTY,P013,2,45.0
V004980,T004980,2025-04-06,CUN,P080,1,280.0
V004981,T004981,2025-04-06,CUN,P044,1,22.0
V004982,T004981,2025-04-06,CUN,P062,3,320.0
V004983,T004983,2025-04-06,CUN,P022,2,150.0
V004984,T004983,2025-04-06,CUN,P023,1,40.0
V004985,T004985,2025-04-06,CUN,P063,3,45.0
V004986,T004985,2025-04-06,CUN,P060,3,850.0
V004987,T004985,2025-04-06,CUN,P065,3,30.0
V004988,T004988,2025-04-06,CUN,P013,1,45.0
V004989,T004989,2025-04-06,CUN,P021,1,85.0
V004990,T004989,2025-04-06,CUN,P023,1,40.0
V004991,T004989,2025-04-06,CUN,P100,2,1250.0
V004992,T004992,2025-04-06,CUN,P013,2,45.0
V004993,T004992,2025-04-06,CUN,P107,2,165.0
V004994,T004994,2025-04-06,CUN,P041,1,35.0
V004995,T004994,2025-04-06,CUN,P043,3,18.0
V004996,T004994,2025-04-06,CUN,P027,1,320.0
V004997,T004997,2025-04-06,CUN,P063,2,45.0
V004998,T004997,2025-04-06,CUN,P060,1,850.0
V004999,T004997,2025-04-06,CUN,P011,3,210.0
V005000,T005000,2025-04-06,CUN,P102,1,45.0
V005001,T005001,2025-04-06,CUN,P003,1,8.5
V005002,T005002,2025-04-06,CUN,P042,1,28.0
V005003,T005002,2025-04-06,CUN,P043,2,18.0
V005004,T005004,2025-04-06,MID,P004,1,6.0
V005005,T005004,2025-04-06,MID,P012,2,980.0
V005006,T005006,2025-04-06,MID,P022,1,150.0
V005007,T005006,2025-04-06,MID,P023,3,40.0
V005008,T005008,2025-04-06,MID,P002,1,180.0
V005009,T005009,2025-04-06,MID,P065,2,30.0
V005010,T005010,2025-04-06,MID,P100,1,1250.0
V005011,T005010,2025-04-06,MID,P102,1,45.0
V005012,T005012,2025-04-06,MID,P042,1,28.0
V005013,T005013,2025-04-06,MID,P011,1,210.0
V005014,T005014,2025-04-06,MID,P002,1,180.0
V005015,T005015,2025-04-06,MID,P005,1,65.0
V005016,T005016,2025-04-06,MID,P101,2,35.0
V005017,T005017,2025-04-06,MID,P002,2,180.0
V005018,T005018,2025-04-06,CHI,P040,2,1450.0
V005019,T005018,2025-04-06,CHI,P060,3,850.0
V005020,T005020,2025-04-06,CHI,P100,1,1250.0
V005021,T005020,2025-04-06,CHI,P101,3,35.0
V005022,T005022,2025-04-06,CHI,P010,1,120.0
V005023,T005022,2025-04-06,CHI,P101,1,35.0
V005024,T005024,2025-04-06,CHI,P022,2,150.0
V005025,T005024,2025-04-06,CHI,P023,1,40.0
V005026,T005026,2025-04-06,CHI,P030,2,180.0
V005027,T005027,2025-04-06,CHI,P010,2,120.0
V005028,T005027,2025-04-06,CHI,P029,1,95.0
V005029,T005029,2025-04-06,CHI,P009,1,85.0
V005030,T005030,2025-04-06,CHI,P064,3,38.0
V005031,T005030,2025-04-06,CHI,P061,2,165.0
V005032,T005030,2025-04-06,CHI,P029,2,95.0
V005033,T005033,2025-04-06,CHI,P045,2,45.0
V005034,T005033,2025-04-06,CHI,P025,1,35.0
V005035,T005035,2025-04-06,CHI,P020,2,55.0
V005036,T005035,2025-04-06,CHI,P065,1,30.0
V005037,T005037,2025-04-06,CHI,P086,2,650.0
V005038,T005038,2025-04-06,CHI,P024,2,6.0
V005039,T005038,2025-04-06,CHI,P025,1,35.0
V005040,T005040,2025-04-06,CHI,P061,1,165.0
V005041,T005041,2025-04-06,CHI,P102,2,45.0
V005042,T005042,2025-04-06,CHI,P041,3,35.0
V005043,T005042,2025-04-06,CHI,P043,2,18.0
V005044,T005042,2025-04-06,CHI,P101,2,35.0
V005045,T005045,2025-04-06,CHI,P044,2,22.0
V005046,T005045,2025-04-06,CHI,P013,3,45.0
V005047,T005047,2025-04-06,CHI,P022,2,150.0
V005048,T005047,2025-04-06,CHI,P023,1,40.0
V005049,T005049,2025-04-06,CHI,P063,1,45.0
V005050,T005049,2025-04-06,CHI,P060,2,850.0
V005051,T005049,2025-04-06,CHI,P100,1,1250.0
V005052,T005052,2025-04-06,CHI,P101,3,35.0
V005053,T005053,2025-04-06,CHI,P003,1,8.5
V005054,T005054,2025-04-06,CHI,P020,1,55.0
V005055,T005054,2025-04-06,CHI,P023,1,40.0
V005056,T005056,2025-04-06,CHI,P027,1,320.0
V005057,T005057,2025-04-06,CDMX,P020,2,55.0
V005058,T005057,2025-04-06,CDMX,P005,1,65.0
V005059,T005059,2025-04-06,CDMX,P106,1,55.0
V005060,T005059,2025-04-06,CDMX,P027,1,320.0
V005061,T005061,2025-04-06,CDMX,P100,1,1250.0
V005062,T005061,2025-04-06,CDMX,P102,2,45.0
V005063,T005061,2025-04-06,CDMX,P101,1,35.0
V005064,T005064,2025-04-06,CDMX,P066,3,55.0
V005065,T005064,2025-04-06,CDMX,P046,2,280.0
V005066,T005066,2025-04-06,CDMX,P024,1,6.0
V005067,T005067,2025-04-06,CDMX,P082,2,25.0
V005068,T005068,2025-04-06,CDMX,P020,2,55.0
V005069,T005068,2025-04-06,CDMX,P023,2,40.0
V005070,T005068,2025-04-06,CDMX,P028,1,180.0
V005071,T005071,2025-04-06,CDMX,P064,1,38.0
V005072,T005072,2025-04-06,CDMX,P064,2,38.0
V005073,T005073,2025-04-06,CDMX,P047,2,95.0
V005074,T005074,2025-04-06,CDMX,P063,1,45.0
V005075,T005074,2025-04-06,CDMX,P060,1,850.0
V005076,T005076,2025-04-06,MTY,P042,1,28.0
V005077,T005076,2025-04-06,MTY,P043,1,18.0
V005078,T005078,2025-04-06,MTY,P103,1,120.0
V005079,T005079,2025-04-06,MTY,P027,1,320.0
V005080,T005079,2025-04-06,MTY,P082,1,25.0
V005081,T005081,2025-04-06,MTY,P104,2,95.0
V005082,T005081,2025-04-06,MTY,P060,2,850.0
V005083,T005083,2025-04-06,MTY,P030,1,180.0
V005084,T005084,2025-04-06,MTY,P060,1,850.0
V005085,T005085,2025-04-06,MTY,P011,1,210.0
V005086,T005085,2025-04-06,MTY,P020,1,55.0
V005087,T005087,2025-04-06,MTY,P043,3,18.0
V005088,T005087,2025-04-06,MTY,P023,2,40.0
V005089,T005089,2025-04-06,MTY,P028,1,180.0
V005090,T005090,2025-04-06,MTY,P066,1,55.0
V005091,T005090,2025-04-06,MTY,P047,2,95.0
V005092,T005092,2025-04-07,CUN,P040,1,1450.0
V005093,T005092,2025-04-07,CUN,P062,3,320.0
V005094,T005094,2025-04-07,CUN,P060,1,850.0
V005095,T005094,2025-04-07,CUN,P027,3,320.0
V005096,T005096,2025-04-07,CUN,P041,2,35.0
V005097,T005096,2025-04-07,CUN,P043,3,18.0
V005098,T005096,2025-04-07,CUN,P023,1,40.0
V005099,T005099,2025-04-07,CUN,P027,1,320.0
V005100,T005100,2025-04-07,CUN,P022,1,150.0
V005101,T005100,2025-04-07,CUN,P023,1,40.0
V005102,T005102,2025-04-07,CUN,P063,1,45.0
V005103,T005102,2025-04-07,CUN,P060,1,850.0
V005104,T005102,2025-04-07,CUN,P046,1,280.0
V005105,T005105,2025-04-07,CUN,P020,1,55.0
V005106,T005105,2025-04-07,CUN,P023,2,40.0
V005107,T005107,2025-04-07,CUN,P100,1,1250.0
V005108,T005107,2025-04-07,CUN,P101,3,35.0
V005109,T005109,2025-04-07,CUN,P021,3,85.0
V005110,T005109,2025-04-07,CUN,P023,1,40.0
V005111,T005109,2025-04-07,CUN,P010,1,120.0
V005112,T005112,2025-04-07,CUN,P021,1,85.0
V005113,T005112,2025-04-07,CUN,P023,1,40.0
V005114,T005112,2025-04-07,CUN,P081,1,65.0
V005115,T005115,2025-04-07,CUN,P040,2,1450.0
V005116,T005115,2025-04-07,CUN,P045,1,45.0
V005117,T005117,2025-04-07,MID,P065,2,30.0
V005118,T005118,2025-04-07,MID,P020,1,55.0
V005119,T005118,2025-04-07,MID,P023,1,40.0
V005120,T005118,2025-04-07,MID,P044,1,22.0
V005121,T005121,2025-04-07,MID,P100,1,1250.0
V005122,T005121,2025-04-07,MID,P102,3,45.0
V005123,T005123,2025-04-07,MID,P021,1,85.0
V005124,T005123,2025-04-07,MID,P023,1,40.0
V005125,T005123,2025-04-07,MID,P085,2,980.0
V005126,T005126,2025-04-07,MID,P064,3,38.0
V005127,T005126,2025-04-07,MID,P030,1,180.0
V005128,T005128,2025-04-07,MID,P042,3,28.0
V005129,T005128,2025-04-07,MID,P043,1,18.0
V005130,T005130,2025-04-07,MID,P081,3,65.0
V005131,T005131,2025-04-07,MID,P022,1,150.0
V005132,T005131,2025-04-07,MID,P023,3,40.0
V005133,T005131,2025-04-07,MID,P005,1,65.0
V005134,T005134,2025-04-07,MID,P105,3,145.0
V005135,T005134,2025-04-07,MID,P061,2,165.0
V005136,T005136,2025-04-07,MID,P021,1,85.0
V005137,T005136,2025-04-07,MID,P023,3,40.0
V005138,T005136,2025-04-07,MID,P080,3,280.0
V005139,T005139,2025-04-07,MID,P005,3,65.0
V005140,T005140,2025-04-07,MID,P044,1,22.0
V005141,T005140,2025-04-07,MID,P083,2,65.0
V005142,T005142,2025-04-07,MID,P100,1,1250.0
V005143,T005142,2025-04-07,MID,P101,1,35.0
V005144,T005142,2025-04-07,MID,P107,2,165.0
V005145,T005145,2025-04-07,MID,P063,1,45.0
V005146,T005145,2025-04-07,MID,P060,2,850.0
V005147,T005145,2025-04-07,MID,P086,2,650.0
V005148,T005148,2025-04-07,MID,P045,2,45.0
V005149,T005148,2025-04-07,MID,P011,2,210.0
V005150,T005150,2025-04-07,MID,P009,2,85.0
V005151,T005151,2025-04-07,MID,P080,2,280.0
V005152,T005151,2025-04-07,MID,P027,3,320.0
V005153,T005153,2025-04-07,MID,P010,1,120.0
V005154,T005154,2025-04-07,MID,P020,1,55.0
V005155,T005154,2025-04-07,MID,P023,1,40.0
V005156,T005154,2025-04-07,MID,P011,1,210.0
V005157,T005157,2025-04-07,CHI,P013,3,45.0
V005158,T005157,2025-04-07,CHI,P041,2,35.0
V005159,T005159,2025-04-07,CHI,P107,1,165.0
V005160,T005159,2025-04-07,CHI,P106,1,55.0
V005161,T005161,2025-04-07,CHI,P005,3,65.0
V005162,T005162,2025-04-07,CHI,P025,2,35.0
V005163,T005162,2025-04-07,CHI,P044,1,22.0
V005164,T005164,2025-04-07,CHI,P005,1,65.0
V005165,T005165,2025-04-07,CHI,P083,2,65.0
V005166,T005166,2025-04-07,CHI,P022,1,150.0
V005167,T005166,2025-04-07,CHI,P023,3,40.0
V005168,T005168,2025-04-07,CHI,P005,2,65.0
V005169,T005169,2025-04-07,CHI,P100,1,1250.0
V005170,T005169,2025-04-07,CHI,P101,3,35.0
V005171,T005169,2025-04-07,CHI,P020,1,55.0
V005172,T005172,2025-04-07,CHI,P027,2,320.0
V005173,T005173,2025-04-07,CHI,P062,3,320.0
V005174,T005173,2025-04-07,CHI,P082,1,25.0
V005175,T005175,2025-04-07,CHI,P027,2,320.0
V005176,T005176,2025-04-07,CHI,P021,2,85.0
V005177,T005177,2025-04-07,CHI,P041,1,35.0
V005178,T005177,2025-04-07,CHI,P043,1,18.0
V005179,T005177,2025-04-07,CHI,P040,2,1450.0
V005180,T005180,2025-04-07,CHI,P040,2,1450.0
V005181,T005181,2025-04-07,CDMX,P100,3,1250.0
V005182,T005181,2025-04-07,CDMX,P101,1,35.0
V005183,T005181,2025-04-07,CDMX,P102,1,45.0
V005184,T005184,2025-04-07,CDMX,P102,3,45.0
V005185,T005184,2025-04-07,CDMX,P080,1,280.0
V005186,T005186,2025-04-07,CDMX,P005,1,65.0
V005187,T005186,2025-04-07,CDMX,P061,1,165.0
V005188,T005188,2025-04-07,CDMX,P046,1,280.0
V005189,T005189,2025-04-07,CDMX,P047,2,95.0
V005190,T005190,2025-04-07,CDMX,P013,3,45.0
V005191,T005191,2025-04-07,CDMX,P021,1,85.0
V005192,T005191,2025-04-07,CDMX,P023,2,40.0
V005193,T005191,2025-04-07,CDMX,P005,2,65.0
V005194,T005194,2025-04-07,CDMX,P064,1,38.0
V005195,T005194,2025-04-07,CDMX,P061,1,165.0
V005196,T005194,2025-04-07,CDMX,P084,1,18.0
V005197,T005197,2025-04-07,CDMX,P042,2,28.0
V005198,T005197,2025-04-07,CDMX,P043,1,18.0
V005199,T005197,2025-04-07,CDMX,P062,1,320.0
V005200,T005200,2025-04-07,CDMX,P010,1,120.0
V005201,T005200,2025-04-07,CDMX,P028,2,180.0
V005202,T005202,2025-04-07,CDMX,P027,1,320.0
V005203,T005202,2025-04-07,CDMX,P023,1,40.0
V005204,T005204,2025-04-07,CDMX,P045,1,45.0
V005205,T005204,2025-04-07,CDMX,P048,1,180.0
V005206,T005206,2025-04-07,CDMX,P063,1,45.0
V005207,T005206,2025-04-07,CDMX,P060,1,850.0
V005208,T005208,2025-04-07,MTY,P040,3,1450.0
V005209,T005209,2025-04-07,MTY,P027,1,320.0
V005210,T005209,2025-04-07,MTY,P026,3,65.0
V005211,T005211,2025-04-07,MTY,P020,1,55.0
V005212,T005211,2025-04-07,MTY,P023,3,40.0
V005213,T005213,2025-04-07,MTY,P009,1,85.0
V005214,T005213,2025-04-07,MTY,P103,1,120.0
V005215,T005215,2025-04-07,MTY,P022,1,150.0
V005216,T005215,2025-04-07,MTY,P023,1,40.0
V005217,T005217,2025-04-07,MTY,P029,1,95.0
V005218,T005218,2025-04-07,MTY,P061,2,165.0
V005219,T005218,2025-04-07,MTY,P029,3,95.0
V005220,T005220,2025-04-07,MTY,P021,2,85.0
V005221,T005220,2025-04-07,MTY,P023,1,40.0
V005222,T005222,2025-04-07,MTY,P042,3,28.0
V005223,T005222,2025-04-07,MTY,P043,2,18.0
V005224,T005222,2025-04-07,MTY,P004,1,6.0
V005225,T005225,2025-04-07,MTY,P041,1,35.0
V005226,T005225,2025-04-07,MTY,P043,1,18.0
V005227,T005225,2025-04-07,MTY,P003,1,8.5
V005228,T005228,2025-04-07,MTY,P027,2,320.0
V005229,T005228,2025-04-07,MTY,P061,1,165.0
V005230,T005230,2025-04-07,MTY,P025,3,35.0
V005231,T005230,2025-04-07,MTY,P063,2,45.0
V005232,T005232,2025-04-07,MTY,P003,1,8.5
V005233,T005233,2025-04-08,CUN,P029,2,95.0
V005234,T005234,2025-04-08,CUN,P048,1,180.0
V005235,T005235,2025-04-08,CUN,P002,3,180.0
V005236,T005236,2025-04-08,CUN,P024,2,6.0
V005237,T005237,2025-04-08,CUN,P006,1,12.0
V005238,T005237,2025-04-08,CUN,P027,2,320.0
V005239,T005239,2025-04-08,CUN,P042,3,28.0
V005240,T005239,2025-04-08,CUN,P043,3,18.0
V005241,T005239,2025-04-08,CUN,P040,2,1450.0
V005242,T005242,2025-04-08,CUN,P020,1,55.0
V005243,T005242,2025-04-08,CUN,P004,3,6.0
V005244,T005244,2025-04-08,CUN,P020,3,55.0
V005245,T005244,2025-04-08,CUN,P046,1,280.0
V005246,T005246,2025-04-08,CUN,P083,1,65.0
V005247,T005246,2025-04-08,CUN,P046,1,280.0
V005248,T005248,2025-04-08,CUN,P081,2,65.0
V005249,T005249,2025-04-08,CUN,P106,1,55.0
V005250,T005249,2025-04-08,CUN,P044,1,22.0
V005251,T005251,2025-04-08,CUN,P022,1,150.0
V005252,T005251,2025-04-08,CUN,P023,2,40.0
V005253,T005253,2025-04-08,CUN,P040,2,1450.0
V005254,T005254,2025-04-08,CUN,P065,2,30.0
V005255,T005255,2025-04-08,CUN,P065,1,30.0
V005256,T005255,2025-04-08,CUN,P107,1,165.0
V005257,T005257,2025-04-08,CUN,P001,2,145.0
V005258,T005258,2025-04-08,CUN,P020,1,55.0
V005259,T005258,2025-04-08,CUN,P023,1,40.0
V005260,T005260,2025-04-08,MID,P002,1,180.0
V005261,T005260,2025-04-08,MID,P022,2,150.0
V005262,T005262,2025-04-08,MID,P030,1,180.0
V005263,T005263,2025-04-08,MID,P020,1,55.0
V005264,T005263,2025-04-08,MID,P023,1,40.0
V005265,T005265,2025-04-08,MID,P041,3,35.0
V005266,T005265,2025-04-08,MID,P043,1,18.0
V005267,T005265,2025-04-08,MID,P048,2,180.0
V005268,T005268,2025-04-08,MID,P021,2,85.0
V005269,T005268,2025-04-08,MID,P023,3,40.0
V005270,T005268,2025-04-08,MID,P022,2,150.0
V005271,T005271,2025-04-08,MID,P020,2,55.0
V005272,T005271,2025-04-08,MID,P023,1,40.0
V005273,T005273,2025-04-08,MID,P010,2,120.0
V005274,T005273,2025-04-08,MID,P028,1,180.0
V005275,T005275,2025-04-08,MID,P064,2,38.0
V005276,T005275,2025-04-08,MID,P061,1,165.0
V005277,T005277,2025-04-08,MID,P063,3,45.0
V005278,T005278,2025-04-08,MID,P042,3,28.0
V005279,T005278,2025-04-08,MID,P043,2,18.0
V005280,T005280,2025-04-08,MID,P042,1,28.0
V005281,T005280,2025-04-08,MID,P043,1,18.0
V005282,T005280,2025-04-08,MID,P024,3,6.0
V005283,T005283,2025-04-08,MID,P001,1,145.0
V005284,T005284,2025-04-08,MID,P106,2,55.0
V005285,T005285,2025-04-08,MID,P047,3,95.0
V005286,T005286,2025-04-08,MID,P004,1,6.0
V005287,T005286,2025-04-08,MID,P007,2,95.0
V005288,T005288,2025-04-08,CHI,P011,3,210.0
V005289,T005288,2025-04-08,CHI,P102,2,45.0
V005290,T005290,2025-04-08,CHI,P027,1,320.0
V005291,T005291,2025-04-08,CHI,P082,1,25.0
V005292,T005291,2025-04-08,CHI,P028,1,180.0
V005293,T005293,2025-04-08,CHI,P101,3,35.0
V005294,T005294,2025-04-08,CHI,P030,1,180.0
V005295,T005295,2025-04-08,CHI,P009,2,85.0
V005296,T005295,2025-04-08,CHI,P028,2,180.0
V005297,T005297,2025-04-08,CHI,P083,2,65.0
V005298,T005297,2025-04-08,CHI,P003,3,8.5
V005299,T005299,2025-04-08,CHI,P063,3,45.0
V005300,T005299,2025-04-08,CHI,P060,1,850.0
V005301,T005301,2025-04-08,CHI,P063,1,45.0
V005302,T005301,2025-04-08,CHI,P084,3,18.0
V005303,T005303,2025-04-08,CHI,P080,2,280.0
V005304,T005304,2025-04-08,CHI,P021,1,85.0
V005305,T005304,2025-04-08,CHI,P023,2,40.0
V005306,T005306,2025-04-08,CHI,P011,3,210.0
V005307,T005307,2025-04-08,CHI,P028,1,180.0
V005308,T005307,2025-04-08,CHI,P025,2,35.0
V005309,T005309,2025-04-08,CHI,P060,2,850.0
V005310,T005310,2025-04-08,CHI,P063,3,45.0
V005311,T005310,2025-04-08,CHI,P060,1,850.0
V005312,T005312,2025-04-08,CHI,P100,1,1250.0
V005313,T005312,2025-04-08,CHI,P101,3,35.0
V005314,T005312,2025-04-08,CHI,P064,1,38.0
V005315,T005315,2025-04-08,CHI,P048,2,180.0
V005316,T005316,2025-04-08,CHI,P021,1,85.0
V005317,T005316,2025-04-08,CHI,P023,1,40.0
V005318,T005318,2025-04-08,CHI,P026,2,65.0
V005319,T005319,2025-04-08,CHI,P105,1,145.0
V005320,T005319,2025-04-08,CHI,P001,1,145.0
V005321,T005321,2025-04-08,CHI,P021,1,85.0
V005322,T005321,2025-04-08,CHI,P023,2,40.0
V005323,T005321,2025-04-08,CHI,P030,1,180.0
V005324,T005324,2025-04-08,CDMX,P013,2,45.0
V005325,T005324,2025-04-08,CDMX,P020,2,55.0
V005326,T005326,2025-04-08,CDMX,P046,2,280.0
V005327,T005327,2025-04-08,CDMX,P100,2,1250.0
V005328,T005327,2025-04-08,CDMX,P101,1,35.0
V005329,T005329,2025-04-08,CDMX,P013,2,45.0
V005330,T005330,2025-04-08,CDMX,P102,2,45.0
V005331,T005330,2025-04-08,CDMX,P064,1,38.0
V005332,T005332,2025-04-08,CDMX,P083,1,65.0
V005333,T005332,2025-04-08,CDMX,P002,2,180.0
V005334,T005334,2025-04-08,CDMX,P006,1,12.0
V005335,T005334,2025-04-08,CDMX,P045,1,45.0
V005336,T005336,2025-04-08,CDMX,P085,1,980.0
V005337,T005337,2025-04-08,CDMX,P100,2,1250.0
V005338,T005337,2025-04-08,CDMX,P048,1,180.0
V005339,T005339,2025-04-08,CDMX,P100,2,1250.0
V005340,T005339,2025-04-08,CDMX,P102,1,45.0
V005341,T005341,2025-04-08,CDMX,P007,3,95.0
V005342,T005341,2025-04-08,CDMX,P008,1,180.0
V005343,T005343,2025-04-08,CDMX,P044,1,22.0
V005344,T005343,2025-04-08,CDMX,P012,3,980.0
V005345,T005345,2025-04-08,CDMX,P104,3,95.0
V005346,T005346,2025-04-08,CDMX,P023,3,40.0
V005347,T005347,2025-04-08,CDMX,P012,1,980.0
V005348,T005348,2025-04-08,CDMX,P003,1,8.5
V005349,T005348,2025-04-08,CDMX,P026,3,65.0
V005350,T005350,2025-04-08,CDMX,P021,1,85.0
V005351,T005350,2025-04-08,CDMX,P023,2,40.0
V005352,T005350,2025-04-08,CDMX,P041,3,35.0
V005353,T005353,2025-04-08,CDMX,P012,1,980.0
V005354,T005354,2025-04-08,MTY,P063,2,45.0
V005355,T005354,2025-04-08,MTY,P060,2,850.0
V005356,T005356,2025-04-08,MTY,P100,1,1250.0
V005357,T005356,2025-04-08,MTY,P101,1,35.0
V005358,T005358,2025-04-08,MTY,P022,2,150.0
V005359,T005358,2025-04-08,MTY,P023,2,40.0
V005360,T005360,2025-04-08,MTY,P100,1,1250.0
V005361,T005360,2025-04-08,MTY,P101,3,35.0
V005362,T005360,2025-04-08,MTY,P064,2,38.0
V005363,T005363,2025-04-08,MTY,P030,1,180.0
V005364,T005364,2025-04-08,MTY,P005,1,65.0
V005365,T005364,2025-04-08,MTY,P064,1,38.0
V005366,T005366,2025-04-08,MTY,P063,1,45.0
V005367,T005366,2025-04-08,MTY,P060,1,850.0
V005368,T005366,2025-04-08,MTY,P043,1,18.0
V005369,T005369,2025-04-08,MTY,P021,3,85.0
V005370,T005369,2025-04-08,MTY,P023,1,40.0
V005371,T005371,2025-04-08,MTY,P061,1,165.0
V005372,T005371,2025-04-08,MTY,P021,3,85.0
V005373,T005373,2025-04-08,MTY,P064,1,38.0
V005374,T005373,2025-04-08,MTY,P061,1,165.0
V005375,T005373,2025-04-08,MTY,P003,1,8.5
V005376,T005376,2025-04-08,MTY,P064,1,38.0
V005377,T005376,2025-04-08,MTY,P061,1,165.0
V005378,T005376,2025-04-08,MTY,P005,2,65.0
V005379,T005379,2025-04-08,MTY,P064,1,38.0
V005380,T005380,2025-04-09,CUN,P027,2,320.0
V005381,T005381,2025-04-09,CUN,P013,2,45.0
V005382,T005382,2025-04-09,CUN,P007,3,95.0
V005383,T005382,2025-04-09,CUN,P046,2,280.0
V005384,T005384,2025-04-09,CUN,P005,2,65.0
V005385,T005384,2025-04-09,CUN,P009,1,85.0
V005386,T005386,2025-04-09,CUN,P005,1,65.0
V005387,T005386,2025-04-09,CUN,P107,2,165.0
V005388,T005388,2025-04-09,CUN,P064,1,38.0
V005389,T005388,2025-04-09,CUN,P061,1,165.0
V005390,T005390,2025-04-09,CUN,P042,1,28.0
V005391,T005390,2025-04-09,CUN,P030,2,180.0
V005392,T005392,2025-04-09,CUN,P063,1,45.0
V005393,T005392,2025-04-09,CUN,P060,3,850.0
V005394,T005392,2025-04-09,CUN,P046,1,280.0
V005395,T005395,2025-04-09,CUN,P103,2,120.0
V005396,T005396,2025-04-09,CUN,P101,1,35.0
V005397,T005397,2025-04-09,CUN,P025,2,35.0
V005398,T005397,2025-04-09,CUN,P006,1,12.0
V005399,T005399,2025-04-09,CUN,P001,1,145.0
V005400,T005400,2025-04-09,CUN,P082,1,25.0
V005401,T005401,2025-04-09,CUN,P100,1,1250.0
V005402,T005401,2025-04-09,CUN,P102,2,45.0
V005403,T005403,2025-04-09,CUN,P040,3,1450.0
V005404,T005404,2025-04-09,CUN,P062,2,320.0
V005405,T005405,2025-04-09,CUN,P103,2,120.0
V005406,T005406,2025-04-09,CUN,P100,2,1250.0
V005407,T005406,2025-04-09,CUN,P101,2,35.0
V005408,T005408,2025-04-09,CUN,P005,1,65.0
V005409,T005408,2025-04-09,CUN,P023,1,40.0
V005410,T005410,2025-04-09,CUN,P021,1,85.0
V005411,T005410,2025-04-09,CUN,P101,2,35.0
V005412,T005412,2025-04-09,CUN,P042,3,28.0
V005413,T005412,2025-04-09,CUN,P043,2,18.0
V005414,T005412,2025-04-09,CUN,P027,1,320.0
V005415,T005415,2025-04-09,CUN,P064,1,38.0
V005416,T005415,2025-04-09,CUN,P061,2,165.0
V005417,T005417,2025-04-09,MID,P104,1,95.0
V005418,T005418,2025-04-09,MID,P063,2,45.0
V005419,T005418,2025-04-09,MID,P060,1,850.0
V005420,T005420,2025-04-09,MID,P100,1,1250.0
V005421,T005420,2025-04-09,MID,P101,1,35.0
V005422,T005422,2025-04-09,MID,P025,1,35.0
V005423,T005423,2025-04-09,MID,P080,1,280.0
V005424,T005424,2025-04-09,MID,P104,2,95.0
V005425,T005424,2025-04-09,MID,P022,3,150.0
V005426,T005426,2025-04-09,MID,P100,1,1250.0
V005427,T005426,2025-04-09,MID,P101,1,35.0
V005428,T005428,2025-04-09,MID,P023,2,40.0
V005429,T005428,2025-04-09,MID,P027,2,320.0
V005430,T005430,2025-04-09,MID,P041,1,35.0
V005431,T005430,2025-04-09,MID,P043,2,18.0
V005432,T005432,2025-04-09,MID,P062,1,320.0
V005433,T005433,2025-04-09,MID,P042,2,28.0
V005434,T005433,2025-04-09,MID,P005,3,65.0
V005435,T005435,2025-04-09,MID,P065,1,30.0
V005436,T005435,2025-04-09,MID,P030,1,180.0
V005437,T005437,2025-04-09,MID,P021,1,85.0
V005438,T005437,2025-04-09,MID,P023,1,40.0
V005439,T005437,2025-04-09,MID,P082,1,25.0
V005440,T005440,2025-04-09,MID,P100,1,1250.0
V005441,T005440,2025-04-09,MID,P102,1,45.0
V005442,T005442,2025-04-09,MID,P083,3,65.0
V005443,T005442,2025-04-09,MID,P004,2,6.0
V005444,T005444,2025-04-09,MID,P021,1,85.0
V005445,T005444,2025-04-09,MID,P023,1,40.0
V005446,T005444,2025-04-09,MID,P047,2,95.0
V005447,T005447,2025-04-09,MID,P041,2,35.0
V005448,T005447,2025-04-09,MID,P043,1,18.0
V005449,T005449,2025-04-09,MID,P029,1,95.0
V005450,T005450,2025-04-09,MID,P063,1,45.0
V005451,T005450,2025-04-09,MID,P060,2,850.0
V005452,T005452,2025-04-09,MID,P020,1,55.0
V005453,T005452,2025-04-09,MID,P023,2,40.0
V005454,T005454,2025-04-09,MID,P024,1,6.0
V005455,T005455,2025-04-09,MID,P064,1,38.0
V005456,T005455,2025-04-09,MID,P061,1,165.0
V005457,T005455,2025-04-09,MID,P040,1,1450.0
V005458,T005458,2025-04-09,CHI,P041,2,35.0
V005459,T005458,2025-04-09,CHI,P043,2,18.0
V005460,T005460,2025-04-09,CHI,P107,1,165.0
V005461,T005460,2025-04-09,CHI,P020,1,55.0
V005462,T005462,2025-04-09,CHI,P024,2,6.0
V005463,T005462,2025-04-09,CHI,P101,2,35.0
V005464,T005464,2025-04-09,CHI,P042,2,28.0
V005465,T005464,2025-04-09,CHI,P043,2,18.0
V005466,T005464,2025-04-09,CHI,P063,1,45.0
V005467,T005467,2025-04-09,CHI,P100,2,1250.0
V005468,T005467,2025-04-09,CHI,P101,2,35.0
V005469,T005469,2025-04-09,CHI,P030,3,180.0
V005470,T005469,2025-04-09,CHI,P005,3,65.0
V005471,T005471,2025-04-09,CHI,P080,1,280.0
V005472,T005471,2025-04-09,CHI,P028,1,180.0
V005473,T005473,2025-04-09,CHI,P021,1,85.0
V005474,T005473,2025-04-09,CHI,P101,3,35.0
V005475,T005475,2025-04-09,CHI,P022,1,150.0
V005476,T005476,2025-04-09,CHI,P104,1,95.0
V005477,T005476,2025-04-09,CHI,P047,2,95.0
V005478,T005478,2025-04-09,CHI,P064,2,38.0
V005479,T005478,2025-04-09,CHI,P061,1,165.0
V005480,T005480,2025-04-09,CHI,P029,1,95.0
V005481,T005480,2025-04-09,CHI,P028,2,180.0
V005482,T005482,2025-04-09,CDMX,P100,1,1250.0
V005483,T005482,2025-04-09,CDMX,P102,1,45.0
V005484,T005484,2025-04-09,CDMX,P030,3,180.0
V005485,T005484,2025-04-09,CDMX,P020,1,55.0
V005486,T005486,2025-04-09,CDMX,P100,1,1250.0
V005487,T005486,2025-04-09,CDMX,P102,2,45.0
V005488,T005486,2025-04-09,CDMX,P005,1,65.0
V005489,T005489,2025-04-09,CDMX,P064,1,38.0
V005490,T005489,2025-04-09,CDMX,P061,2,165.0
V005491,T005489,2025-04-09,CDMX,P103,1,120.0
V005492,T005492,2025-04-09,CDMX,P021,1,85.0
V005493,T005492,2025-04-09,CDMX,P023,2,40.0
V005494,T005492,2025-04-09,CDMX,P006,3,12.0
V005495,T005495,2025-04-09,CDMX,P100,2,1250.0
V005496,T005495,2025-04-09,CDMX,P045,1,45.0
V005497,T005497,2025-04-09,CDMX,P041,1,35.0
V005498,T005497,2025-04-09,CDMX,P043,1,18.0
V005499,T005499,2025-04-09,CDMX,P024,1,6.0
V005500,T005500,2025-04-09,CDMX,P102,3,45.0
V005501,T005500,2025-04-09,CDMX,P080,1,280.0
V005502,T005502,2025-04-09,CDMX,P022,1,150.0
V005503,T005502,2025-04-09,CDMX,P023,1,40.0
V005504,T005502,2025-04-09,CDMX,P001,2,145.0
V005505,T005505,2025-04-09,MTY,P100,2,1250.0
V005506,T005505,2025-04-09,MTY,P102,1,45.0
V005507,T005507,2025-04-09,MTY,P100,2,1250.0
V005508,T005507,2025-04-09,MTY,P101,1,35.0
V005509,T005507,2025-04-09,MTY,P008,2,180.0
V005510,T005510,2025-04-09,MTY,P045,1,45.0
V005511,T005510,2025-04-09,MTY,P011,3,210.0
V005512,T005512,2025-04-09,MTY,P020,1,55.0
V005513,T005512,2025-04-09,MTY,P023,1,40.0
V005514,T005512,2025-04-09,MTY,P028,2,180.0
V005515,T005515,2025-04-09,MTY,P047,2,95.0
V005516,T005516,2025-04-09,MTY,P086,3,650.0
V005517,T005516,2025-04-09,MTY,P044,2,22.0
V005518,T005518,2025-04-09,MTY,P082,2,25.0
V005519,T005519,2025-04-09,MTY,P100,1,1250.0
V005520,T005519,2025-04-09,MTY,P101,2,35.0
V005521,T005519,2025-04-09,MTY,P003,1,8.5
V005522,T005522,2025-04-09,MTY,P008,2,180.0
V005523,T005523,2025-04-09,MTY,P013,1,45.0
V005524,T005523,2025-04-09,MTY,P041,1,35.0
V005525,T005525,2025-04-09,MTY,P080,2,280.0
V005526,T005526,2025-04-09,MTY,P103,1,120.0
V005527,T005527,2025-04-09,MTY,P026,1,65.0
V005528,T005527,2025-04-09,MTY,P009,2,85.0
V005529,T005529,2025-04-09,MTY,P064,1,38.0
V005530,T005529,2025-04-09,MTY,P061,2,165.0
V005531,T005529,2025-04-09,MTY,P040,1,1450.0
V005532,T005532,2025-04-09,MTY,P001,3,145.0
V005533,T005533,2025-04-09,MTY,P025,2,35.0
V005534,T005533,2025-04-09,MTY,P028,3,180.0
V005535,T005535,2025-04-09,MTY,P005,1,65.0
V005536,T005536,2025-04-09,MTY,P062,2,320.0
V005537,T005536,2025-04-09,MTY,P104,1,95.0
V005538,T005538,2025-04-09,MTY,P006,1,12.0
V005539,T005539,2025-04-09,MTY,P021,1,85.0
V005540,T005539,2025-04-09,MTY,P023,1,40.0
V005541,T005539,2025-04-09,MTY,P065,1,30.0
V005542,T005542,2025-04-09,MTY,P080,1,280.0
V005543,T005543,2025-04-10,CUN,P024,1,6.0
V005544,T005544,2025-04-10,CUN,P006,2,12.0
V005545,T005545,2025-04-10,CUN,P003,2,8.5
V005546,T005546,2025-04-10,CUN,P063,1,45.0
V005547,T005547,2025-04-10,CUN,P040,3,1450.0
V005548,T005547,2025-04-10,CUN,P063,3,45.0
V005549,T005549,2025-04-10,CUN,P010,1,120.0
V005550,T005549,2025-04-10,CUN,P102,2,45.0
V005551,T005551,2025-04-10,CUN,P080,1,280.0
V005552,T005551,2025-04-10,CUN,P025,1,35.0
V005553,T005553,2025-04-10,CUN,P006,1,12.0
V005554,T005554,2025-04-10,CUN,P063,1,45.0
V005555,T005554,2025-04-10,CUN,P102,1,45.0
V005556,T005556,2025-04-10,CUN,P020,1,55.0
V005557,T005556,2025-04-10,CUN,P023,1,40.0
V005558,T005556,2025-04-10,CUN,P042,2,28.0
V005559,T005559,2025-04-10,CUN,P011,2,210.0
V005560,T005560,2025-04-10,CUN,P100,1,1250.0
V005561,T005560,2025-04-10,CUN,P101,2,35.0
V005562,T005562,2025-04-10,CUN,P030,1,180.0
V005563,T005563,2025-04-10,CUN,P062,3,320.0
V005564,T005564,2025-04-10,CUN,P063,3,45.0
V005565,T005564,2025-04-10,CUN,P060,3,850.0
V005566,T005566,2025-04-10,MID,P060,2,850.0
V005567,T005567,2025-04-10,MID,P022,2,150.0
V005568,T005567,2025-04-10,MID,P002,1,180.0
V005569,T005569,2025-04-10,MID,P100,2,1250.0
V005570,T005569,2025-04-10,MID,P102,1,45.0
V005571,T005569,2025-04-10,MID,P106,2,55.0
V005572,T005572,2025-04-10,MID,P042,1,28.0
V005573,T005572,2025-04-10,MID,P043,1,18.0
V005574,T005572,2025-04-10,MID,P011,1,210.0
V005575,T005575,2025-04-10,MID,P010,3,120.0
V005576,T005576,2025-04-10,MID,P030,2,180.0
V005577,T005576,2025-04-10,MID,P029,1,95.0
V005578,T005578,2025-04-10,MID,P041,3,35.0
V005579,T005578,2025-04-10,MID,P043,1,18.0
V005580,T005578,2025-04-10,MID,P042,1,28.0
V005581,T005581,2025-04-10,MID,P004,1,6.0
V005582,T005581,2025-04-10,MID,P083,2,65.0
V005583,T005583,2025-04-10,MID,P002,1,180.0
V005584,T005583,2025-04-10,MID,P027,1,320.0
V005585,T005585,2025-04-10,MID,P047,2,95.0
V005586,T005586,2025-04-10,MID,P041,1,35.0
V005587,T005586,2025-04-10,MID,P022,2,150.0
V005588,T005588,2025-04-10,MID,P028,2,180.0
V005589,T005588,2025-04-10,MID,P027,1,320.0
V005590,T005590,2025-04-10,MID,P021,1,85.0
V005591,T005590,2025-04-10,MID,P023,1,40.0
V005592,T005592,2025-04-10,MID,P047,3,95.0
V005593,T005593,2025-04-10,MID,P004,1,6.0
V005594,T005593,2025-04-10,MID,P020,1,55.0
V005595,T005595,2025-04-10,MID,P030,3,180.0
V005596,T005596,2025-04-10,MID,P001,1,145.0
V005597,T005596,2025-04-10,MID,P026,1,65.0
V005598,T005598,2025-04-10,MID,P006,2,12.0
V005599,T005599,2025-04-10,MID,P041,2,35.0
V005600,T005599,2025-04-10,MID,P043,2,18.0
V005601,T005601,2025-04-10,MID,P042,2,28.0
V005602,T005601,2025-04-10,MID,P043,1,18.0
V005603,T005603,2025-04-10,MID,P025,1,35.0
V005604,T005603,2025-04-10,MID,P040,1,1450.0
V005605,T005605,2025-04-10,CHI,P048,3,180.0
V005606,T005605,2025-04-10,CHI,P060,1,850.0
V005607,T005607,2025-04-10,CHI,P063,3,45.0
V005608,T005607,2025-04-10,CHI,P060,2,850.0
V005609,T005609,2025-04-10,CHI,P029,1,95.0
V005610,T005610,2025-04-10,CHI,P064,1,38.0
V005611,T005610,2025-04-10,CHI,P061,3,165.0
V005612,T005610,2025-04-10,CHI,P104,1,95.0
V005613,T005613,2025-04-10,CHI,P100,1,1250.0
V005614,T005613,2025-04-10,CHI,P101,1,35.0
V005615,T005613,2025-04-10,CHI,P010,2,120.0
V005616,T005616,2025-04-10,CHI,P010,1,120.0
V005617,T005616,2025-04-10,CHI,P029,3,95.0
V005618,T005618,2025-04-10,CHI,P063,2,45.0
V005619,T005618,2025-04-10,CHI,P060,1,850.0
V005620,T005620,2025-04-10,CHI,P043,3,18.0
V005621,T005620,2025-04-10,CHI,P104,3,95.0
V005622,T005622,2025-04-10,CHI,P064,2,38.0
V005623,T005622,2025-04-10,CHI,P065,3,30.0
V005624,T005624,2025-04-10,CHI,P022,1,150.0
V005625,T005624,2025-04-10,CHI,P023,1,40.0
V005626,T005624,2025-04-10,CHI,P028,1,180.0
V005627,T005627,2025-04-10,CHI,P024,2,6.0
V005628,T005628,2025-04-10,CHI,P027,3,320.0
V005629,T005628,2025-04-10,CHI,P084,3,18.0
V005630,T005630,2025-04-10,CHI,P027,2,320.0
V005631,T005631,2025-04-10,CHI,P012,1,980.0
V005632,T005631,2025-04-10,CHI,P082,2,25.0
V005633,T005633,2025-04-10,CHI,P063,1,45.0
V005634,T005633,2025-04-10,CHI,P060,2,850.0
V005635,T005633,2025-04-10,CHI,P101,2,35.0
V005636,T005636,2025-04-10,CHI,P024,3,6.0
V005637,T005637,2025-04-10,CHI,P020,3,55.0
V005638,T005637,2025-04-10,CHI,P023,1,40.0
V005639,T005639,2025-04-10,CHI,P104,1,95.0
V005640,T005640,2025-04-10,CDMX,P100,3,1250.0
V005641,T005640,2025-04-10,CDMX,P102,3,45.0
V005642,T005640,2025-04-10,CDMX,P009,3,85.0
V005643,T005643,2025-04-10,CDMX,P024,2,6.0
V005644,T005644,2025-04-10,CDMX,P066,1,55.0
V005645,T005645,2025-04-10,CDMX,P086,2,650.0
V005646,T005646,2025-04-10,CDMX,P064,2,38.0
V005647,T005647,2025-04-10,CDMX,P045,2,45.0
V005648,T005647,2025-04-10,CDMX,P026,2,65.0
V005649,T005649,2025-04-10,CDMX,P103,2,120.0
V005650,T005649,2025-04-10,CDMX,P086,2,650.0
V005651,T005651,2025-04-10,CDMX,P065,1,30.0
V005652,T005652,2025-04-10,MTY,P044,1,22.0
V005653,T005652,2025-04-10,MTY,P101,1,35.0
V005654,T005654,2025-04-10,MTY,P064,2,38.0
V005655,T005654,2025-04-10,MTY,P021,1,85.0
V005656,T005656,2025-04-10,MTY,P100,1,1250.0
V005657,T005656,2025-04-10,MTY,P101,1,35.0
V005658,T005656,2025-04-10,MTY,P001,1,145.0
V005659,T005659,2025-04-10,MTY,P061,1,165.0
V005660,T005660,2025-04-10,MTY,P086,3,650.0
V005661,T005661,2025-04-10,MTY,P102,1,45.0
V005662,T005662,2025-04-10,MTY,P064,1,38.0
V005663,T005662,2025-04-10,MTY,P062,1,320.0
V005664,T005664,2025-04-10,MTY,P040,1,1450.0
V005665,T005665,2025-04-10,MTY,P041,1,35.0
V005666,T005665,2025-04-10,MTY,P043,3,18.0
V005667,T005665,2025-04-10,MTY,P029,1,95.0
V005668,T005668,2025-04-10,MTY,P002,3,180.0
V005669,T005668,2025-04-10,MTY,P104,1,95.0
V005670,T005670,2025-04-10,MTY,P042,2,28.0
V005671,T005670,2025-04-10,MTY,P043,1,18.0
V005672,T005672,2025-04-10,MTY,P020,1,55.0
V005673,T005673,2025-04-10,MTY,P042,2,28.0
V005674,T005673,2025-04-10,MTY,P043,3,18.0
V005675,T005673,2025-04-10,MTY,P045,1,45.0
V005676,T005676,2025-04-10,MTY,P022,1,150.0
V005677,T005676,2025-04-10,MTY,P023,1,40.0
V005678,T005678,2025-04-10,MTY,P042,1,28.0
V005679,T005678,2025-04-10,MTY,P043,2,18.0
V005680,T005680,2025-04-10,MTY,P100,2,1250.0
V005681,T005680,2025-04-10,MTY,P102,2,45.0
V005682,T005682,2025-04-10,MTY,P046,1,280.0
V005683,T005683,2025-04-10,MTY,P029,1,95.0
V005684,T005684,2025-04-10,MTY,P041,1,35.0
V005685,T005684,2025-04-10,MTY,P043,3,18.0
V005686,T005686,2025-04-10,MTY,P021,1,85.0
V005687,T005686,2025-04-10,MTY,P023,1,40.0
V005688,T005688,2025-04-10,MTY,P100,2,1250.0
V005689,T005688,2025-04-10,MTY,P102,1,45.0
V005690,T005690,2025-04-11,CUN,P101,1,35.0
V005691,T005691,2025-04-11,CUN,P064,2,38.0
V005692,T005691,2025-04-11,CUN,P061,1,165.0
V005693,T005693,2025-04-11,CUN,P102,1,45.0
V005694,T005694,2025-04-11,CUN,P100,3,1250.0
V005695,T005694,2025-04-11,CUN,P101,3,35.0
V005696,T005696,2025-04-11,CUN,P041,2,35.0
V005697,T005696,2025-04-11,CUN,P043,2,18.0
V005698,T005698,2025-04-11,CUN,P040,1,1450.0
V005699,T005698,2025-04-11,CUN,P027,1,320.0
V005700,T005700,2025-04-11,CUN,P001,1,145.0
V005701,T005701,2025-04-11,CUN,P030,2,180.0
V005702,T005702,2025-04-11,CUN,P001,2,145.0
V005703,T005703,2025-04-11,CUN,P021,2,85.0
V005704,T005703,2025-04-11,CUN,P023,1,40.0
V005705,T005705,2025-04-11,CUN,P046,3,280.0
V005706,T005705,2025-04-11,CUN,P107,1,165.0
V005707,T005707,2025-04-11,CUN,P020,3,55.0
V005708,T005707,2025-04-11,CUN,P023,1,40.0
V005709,T005709,2025-04-11,CUN,P100,1,1250.0
V005710,T005709,2025-04-11,CUN,P102,1,45.0
V005711,T005711,2025-04-11,CUN,P004,3,6.0
V005712,T005712,2025-04-11,CUN,P009,2,85.0
V005713,T005713,2025-04-11,MID,P064,2,38.0
V005714,T005713,2025-04-11,MID,P061,1,165.0
V005715,T005715,2025-04-11,MID,P042,2,28.0
V005716,T005715,2025-04-11,MID,P043,1,18.0
V005717,T005717,2025-04-11,MID,P042,1,28.0
V005718,T005717,2025-04-11,MID,P043,2,18.0
V005719,T005717,2025-04-11,MID,P063,2,45.0
V005720,T005720,2025-04-11,MID,P007,1,95.0
V005721,T005721,2025-04-11,MID,P027,1,320.0
V005722,T005722,2025-04-11,MID,P064,1,38.0
V005723,T005723,2025-04-11,MID,P042,2,28.0
V005724,T005723,2025-04-11,MID,P043,2,18.0
V005725,T005725,2025-04-11,MID,P006,2,12.0
V005726,T005726,2025-04-11,MID,P084,2,18.0
V005727,T005727,2025-04-11,MID,P007,1,95.0
V005728,T005728,2025-04-11,CHI,P042,3,28.0
V005729,T005728,2025-04-11,CHI,P026,1,65.0
V005730,T005730,2025-04-11,CHI,P021,2,85.0
V005731,T005730,2025-04-11,CHI,P023,1,40.0
V005732,T005732,2025-04-11,CHI,P100,2,1250.0
V005733,T005732,2025-04-11,CHI,P101,2,35.0
V005734,T005732,2025-04-11,CHI,P083,1,65.0
V005735,T005735,2025-04-11,CHI,P100,1,1250.0
V005736,T005735,2025-04-11,CHI,P102,1,45.0
V005737,T005737,2025-04-11,CHI,P022,2,150.0
V005738,T005737,2025-04-11,CHI,P023,3,40.0
V005739,T005739,2025-04-11,CHI,P080,2,280.0
V005740,T005740,2025-04-11,CHI,P022,3,150.0
V005741,T005740,2025-04-11,CHI,P023,2,40.0
V005742,T005740,2025-04-11,CHI,P106,1,55.0
V005743,T005743,2025-04-11,CHI,P001,1,145.0
V005744,T005744,2025-04-11,CHI,P086,1,650.0
V005745,T005745,2025-04-11,CHI,P022,3,150.0
V005746,T005745,2025-04-11,CHI,P020,2,55.0
V005747,T005747,2025-04-11,CHI,P100,2,1250.0
V005748,T005747,2025-04-11,CHI,P102,2,45.0
V005749,T005747,2025-04-11,CHI,P008,2,180.0
V005750,T005750,2025-04-11,CHI,P041,1,35.0
V005751,T005750,2025-04-11,CHI,P043,3,18.0
V005752,T005752,2025-04-11,CDMX,P100,2,1250.0
V005753,T005752,2025-04-11,CDMX,P101,1,35.0
V005754,T005752,2025-04-11,CDMX,P007,3,95.0
V005755,T005755,2025-04-11,CDMX,P022,3,150.0
V005756,T005755,2025-04-11,CDMX,P023,2,40.0
V005757,T005757,2025-04-11,CDMX,P041,1,35.0
V005758,T005757,2025-04-11,CDMX,P043,3,18.0
V005759,T005757,2025-04-11,CDMX,P003,1,8.5
V005760,T005760,2025-04-11,CDMX,P083,1,65.0
V005761,T005760,2025-04-11,CDMX,P106,1,55.0
V005762,T005762,2025-04-11,CDMX,P081,3,65.0
V005763,T005762,2025-04-11,CDMX,P007,1,95.0
V005764,T005764,2025-04-11,CDMX,P062,3,320.0
V005765,T005764,2025-04-11,CDMX,P009,1,85.0
V005766,T005766,2025-04-11,CDMX,P027,2,320.0
V005767,T005767,2025-04-11,CDMX,P083,3,65.0
V005768,T005767,2025-04-11,CDMX,P062,1,320.0
V005769,T005769,2025-04-11,CDMX,P063,3,45.0
V005770,T005769,2025-04-11,CDMX,P060,1,850.0
V005771,T005771,2025-04-11,CDMX,P024,2,6.0
V005772,T005771,2025-04-11,CDMX,P021,2,85.0
V005773,T005773,2025-04-11,CDMX,P020,2,55.0
V005774,T005773,2025-04-11,CDMX,P023,1,40.0
V005775,T005775,2025-04-11,CDMX,P021,1,85.0
V005776,T005775,2025-04-11,CDMX,P023,1,40.0
V005777,T005777,2025-04-11,CDMX,P064,2,38.0
V005778,T005777,2025-04-11,CDMX,P061,2,165.0
V005779,T005779,2025-04-11,CDMX,P100,2,1250.0
V005780,T005779,2025-04-11,CDMX,P101,1,35.0
V005781,T005779,2025-04-11,CDMX,P061,3,165.0
V005782,T005782,2025-04-11,MTY,P100,1,1250.0
V005783,T005782,2025-04-11,MTY,P101,1,35.0
V005784,T005784,2025-04-11,MTY,P044,1,22.0
V005785,T005785,2025-04-11,MTY,P081,2,65.0
V005786,T005785,2025-04-11,MTY,P020,2,55.0
V005787,T005787,2025-04-11,MTY,P010,2,120.0
V005788,T005787,2025-04-11,MTY,P065,1,30.0
V005789,T005789,2025-04-11,MTY,P024,2,6.0
V005790,T005790,2025-04-11,MTY,P100,1,1250.0
V005791,T005790,2025-04-11,MTY,P005,1,65.0
V005792,T005792,2025-04-11,MTY,P023,3,40.0
V005793,T005793,2025-04-11,MTY,P107,2,165.0
V005794,T005794,2025-04-11,MTY,P080,1,280.0
V005795,T005794,2025-04-11,MTY,P044,1,22.0
V005796,T005796,2025-04-11,MTY,P100,2,1250.0
V005797,T005796,2025-04-11,MTY,P102,1,45.0
V005798,T005796,2025-04-11,MTY,P027,1,320.0
V005799,T005799,2025-04-11,MTY,P042,2,28.0
V005800,T005799,2025-04-11,MTY,P043,1,18.0
V005801,T005801,2025-04-11,MTY,P024,3,6.0
V005802,T005802,2025-04-11,MTY,P062,1,320.0
V005803,T005802,2025-04-11,MTY,P060,1,850.0
V005804,T005804,2025-04-11,MTY,P063,2,45.0
V005805,T005804,2025-04-11,MTY,P060,1,850.0
V005806,T005804,2025-04-11,MTY,P080,2,280.0
V005807,T005807,2025-04-11,MTY,P100,2,1250.0
V005808,T005807,2025-04-11,MTY,P102,1,45.0
V005809,T005807,2025-04-11,MTY,P005,1,65.0
V005810,T005810,2025-04-11,MTY,P001,3,145.0
V005811,T005810,2025-04-11,MTY,P044,1,22.0
V005812,T005812,2025-04-11,MTY,P100,3,1250.0
V005813,T005812,2025-04-11,MTY,P102,1,45.0
V005814,T005812,2025-04-11,MTY,P008,1,180.0
V005815,T005815,2025-04-11,MTY,P005,1,65.0
V005816,T005815,2025-04-11,MTY,P048,1,180.0
V005817,T005817,2025-04-11,MTY,P044,1,22.0
V005818,T005818,2025-04-11,MTY,P041,1,35.0
V005819,T005818,2025-04-11,MTY,P043,1,18.0
V005820,T005820,2025-04-11,MTY,P061,1,165.0
V005821,T005821,2025-04-12,CUN,P024,3,6.0
V005822,T005822,2025-04-12,CUN,P086,1,650.0
V005823,T005822,2025-04-12,CUN,P085,2,980.0
V005824,T005824,2025-04-12,CUN,P007,2,95.0
V005825,T005824,2025-04-12,CUN,P046,1,280.0
V005826,T005826,2025-04-12,CUN,P063,2,45.0
V005827,T005826,2025-04-12,CUN,P060,2,850.0
V005828,T005828,2025-04-12,CUN,P002,3,180.0
V005829,T005829,2025-04-12,CUN,P082,1,25.0
V005830,T005829,2025-04-12,CUN,P013,1,45.0
V005831,T005831,2025-04-12,CUN,P086,1,650.0
V005832,T005831,2025-04-12,CUN,P084,1,18.0
V005833,T005833,2025-04-12,CUN,P020,1,55.0
V005834,T005833,2025-04-12,CUN,P023,2,40.0
V005835,T005835,2025-04-12,MID,P041,1,35.0
V005836,T005835,2025-04-12,MID,P043,3,18.0
V005837,T005835,2025-04-12,MID,P066,2,55.0
V005838,T005838,2025-04-12,MID,P021,1,85.0
V005839,T005838,2025-04-12,MID,P023,2,40.0
V005840,T005840,2025-04-12,MID,P005,2,65.0
V005841,T005840,2025-04-12,MID,P013,1,45.0
V005842,T005842,2025-04-12,MID,P022,1,150.0
V005843,T005842,2025-04-12,MID,P023,2,40.0
V005844,T005842,2025-04-12,MID,P012,1,980.0
V005845,T005845,2025-04-12,MID,P011,2,210.0
V005846,T005845,2025-04-12,MID,P045,3,45.0
V005847,T005847,2025-04-12,MID,P064,2,38.0
V005848,T005848,2025-04-12,MID,P044,2,22.0
V005849,T005848,2025-04-12,MID,P107,3,165.0
V005850,T005850,2025-04-12,MID,P044,2,22.0
V005851,T005850,2025-04-12,MID,P046,1,280.0
V005852,T005852,2025-04-12,MID,P041,1,35.0
V005853,T005852,2025-04-12,MID,P043,1,18.0
V005854,T005854,2025-04-12,MID,P082,2,25.0
V005855,T005855,2025-04-12,CHI,P009,1,85.0
V005856,T005856,2025-04-12,CHI,P061,1,165.0
V005857,T005857,2025-04-12,CHI,P041,2,35.0
V005858,T005858,2025-04-12,CHI,P105,2,145.0
V005859,T005858,2025-04-12,CHI,P044,1,22.0
V005860,T005860,2025-04-12,CHI,P022,2,150.0
V005861,T005861,2025-04-12,CHI,P061,1,165.0
V005862,T005862,2025-04-12,CHI,P006,1,12.0
V005863,T005862,2025-04-12,CHI,P044,1,22.0
V005864,T005864,2025-04-12,CHI,P022,1,150.0
V005865,T005864,2025-04-12,CHI,P023,2,40.0
V005866,T005866,2025-04-12,CHI,P106,1,55.0
V005867,T005866,2025-04-12,CHI,P083,3,65.0
V005868,T005868,2025-04-12,CDMX,P022,1,150.0
V005869,T005868,2025-04-12,CDMX,P023,2,40.0
V005870,T005870,2025-04-12,CDMX,P061,2,165.0
V005871,T005870,2025-04-12,CDMX,P080,1,280.0
V005872,T005872,2025-04-12,CDMX,P107,1,165.0
V005873,T005872,2025-04-12,CDMX,P003,1,8.5
V005874,T005874,2025-04-12,CDMX,P084,1,18.0
V005875,T005874,2025-04-12,CDMX,P083,1,65.0
V005876,T005876,2025-04-12,CDMX,P021,1,85.0
V005877,T005876,2025-04-12,CDMX,P023,2,40.0
V005878,T005876,2025-04-12,CDMX,P012,2,980.0
V005879,T005879,2025-04-12,CDMX,P004,3,6.0
V005880,T005880,2025-04-12,CDMX,P002,1,180.0
V005881,T005881,2025-04-12,CDMX,P021,2,85.0
V005882,T005881,2025-04-12,CDMX,P023,3,40.0
V005883,T005883,2025-04-12,CDMX,P042,1,28.0
V005884,T005883,2025-04-12,CDMX,P043,2,18.0
V005885,T005883,2025-04-12,CDMX,P006,3,12.0
V005886,T005886,2025-04-12,CDMX,P046,1,280.0
V005887,T005886,2025-04-12,CDMX,P044,1,22.0
V005888,T005888,2025-04-12,CDMX,P042,1,28.0
V005889,T005888,2025-04-12,CDMX,P043,1,18.0
V005890,T005890,2025-04-12,CDMX,P005,1,65.0
V005891,T005890,2025-04-12,CDMX,P003,1,8.5
V005892,T005892,2025-04-12,CDMX,P022,1,150.0
V005893,T005892,2025-04-12,CDMX,P061,1,165.0
V005894,T005894,2025-04-12,CDMX,P024,2,6.0
V005895,T005895,2025-04-12,CDMX,P001,2,145.0
V005896,T005895,2025-04-12,CDMX,P083,1,65.0
V005897,T005897,2025-04-12,CDMX,P030,1,180.0
V005898,T005898,2025-04-12,CDMX,P022,2,150.0
V005899,T005898,2025-04-12,CDMX,P023,3,40.0
V005900,T005900,2025-04-12,CDMX,P020,1,55.0
V005901,T005900,2025-04-12,CDMX,P023,2,40.0
V005902,T005902,2025-04-12,MTY,P100,1,1250.0
V005903,T005902,2025-04-12,MTY,P102,2,45.0
V005904,T005902,2025-04-12,MTY,P028,3,180.0
V005905,T005905,2025-04-12,MTY,P107,1,165.0
V005906,T005906,2025-04-12,MTY,P020,1,55.0
V005907,T005906,2025-04-12,MTY,P023,2,40.0
V005908,T005906,2025-04-12,MTY,P004,1,6.0
V005909,T005909,2025-04-12,MTY,P008,2,180.0
V005910,T005910,2025-04-12,MTY,P023,1,40.0
V005911,T005911,2025-04-12,MTY,P081,2,65.0
V005912,T005911,2025-04-12,MTY,P105,1,145.0
V005913,T005913,2025-04-12,MTY,P040,1,1450.0
V005914,T005914,2025-04-12,MTY,P005,3,65.0
V005915,T005914,2025-04-12,MTY,P020,1,55.0
V005916,T005916,2025-04-12,MTY,P064,1,38.0
V005917,T005916,2025-04-12,MTY,P061,3,165.0
V005918,T005918,2025-04-12,MTY,P042,1,28.0
V005919,T005918,2025-04-12,MTY,P043,2,18.0
V005920,T005918,2025-04-12,MTY,P010,3,120.0
V005921,T005921,2025-04-12,MTY,P100,1,1250.0
V005922,T005921,2025-04-12,MTY,P102,1,45.0
V005923,T005921,2025-04-12,MTY,P007,2,95.0
V005924,T005924,2025-04-13,CUN,P064,2,38.0
V005925,T005924,2025-04-13,CUN,P061,1,165.0
V005926,T005924,2025-04-13,CUN,P106,1,55.0
V005927,T005927,2025-04-13,CUN,P030,1,180.0
V005928,T005928,2025-04-13,CUN,P041,1,35.0
V005929,T005928,2025-04-13,CUN,P043,1,18.0
V005930,T005930,2025-04-13,CUN,P012,3,980.0
V005931,T005930,2025-04-13,CUN,P105,1,145.0
V005932,T005932,2025-04-13,CUN,P046,1,280.0
V005933,T005932,2025-04-13,CUN,P030,1,180.0
V005934,T005934,2025-04-13,CUN,P105,1,145.0
V005935,T005935,2025-04-13,CUN,P086,3,650.0
V005936,T005935,2025-04-13,CUN,P022,2,150.0
V005937,T005937,2025-04-13,CUN,P106,1,55.0
V005938,T005938,2025-04-13,CUN,P009,1,85.0
V005939,T005938,2025-04-13,CUN,P085,3,980.0
V005940,T005940,2025-04-13,CUN,P003,1,8.5
V005941,T005940,2025-04-13,CUN,P048,1,180.0
V005942,T005942,2025-04-13,CUN,P041,1,35.0
V005943,T005942,2025-04-13,CUN,P043,1,18.0
V005944,T005942,2025-04-13,CUN,P066,2,55.0
V005945,T005945,2025-04-13,CUN,P063,1,45.0
V005946,T005945,2025-04-13,CUN,P060,2,850.0
V005947,T005947,2025-04-13,CUN,P104,1,95.0
V005948,T005947,2025-04-13,CUN,P007,3,95.0
V005949,T005949,2025-04-13,CUN,P060,1,850.0
V005950,T005949,2025-04-13,CUN,P085,2,980.0
V005951,T005951,2025-04-13,CUN,P041,3,35.0
V005952,T005951,2025-04-13,CUN,P043,1,18.0
V005953,T005951,2025-04-13,CUN,P007,2,95.0
V005954,T005954,2025-04-13,CUN,P064,1,38.0
V005955,T005954,2025-04-13,CUN,P061,1,165.0
V005956,T005956,2025-04-13,CUN,P107,1,165.0
V005957,T005956,2025-04-13,CUN,P006,2,12.0
V005958,T005958,2025-04-13,CUN,P047,1,95.0
V005959,T005959,2025-04-13,CUN,P007,2,95.0
V005960,T005959,2025-04-13,CUN,P044,2,22.0
V005961,T005961,2025-04-13,CUN,P060,1,850.0
V005962,T005962,2025-04-13,CUN,P020,1,55.0
V005963,T005963,2025-04-13,MID,P064,2,38.0
V005964,T005963,2025-04-13,MID,P061,2,165.0
V005965,T005963,2025-04-13,MID,P009,1,85.0
V005966,T005966,2025-04-13,MID,P064,2,38.0
V005967,T005966,2025-04-13,MID,P061,1,165.0
V005968,T005966,2025-04-13,MID,P048,3,180.0
V005969,T005969,2025-04-13,MID,P021,2,85.0
V005970,T005969,2025-04-13,MID,P023,1,40.0
V005971,T005971,2025-04-13,MID,P083,1,65.0
V005972,T005971,2025-04-13,MID,P027,1,320.0
V005973,T005973,2025-04-13,MID,P005,1,65.0
V005974,T005973,2025-04-13,MID,P006,2,12.0
V005975,T005975,2025-04-13,MID,P063,1,45.0
V005976,T005975,2025-04-13,MID,P046,1,280.0
V005977,T005977,2025-04-13,MID,P024,2,6.0
V005978,T005978,2025-04-13,MID,P064,1,38.0
V005979,T005978,2025-04-13,MID,P061,1,165.0
V005980,T005978,2025-04-13,MID,P083,2,65.0
V005981,T005981,2025-04-13,MID,P010,1,120.0
V005982,T005981,2025-04-13,MID,P040,1,1450.0
V005983,T005983,2025-04-13,MID,P006,3,12.0
V005984,T005984,2025-04-13,MID,P086,2,650.0
V005985,T005984,2025-04-13,MID,P045,3,45.0
V005986,T005986,2025-04-13,MID,P063,1,45.0
V005987,T005986,2025-04-13,MID,P060,1,850.0
V005988,T005988,2025-04-13,MID,P041,3,35.0
V005989,T005988,2025-04-13,MID,P106,1,55.0
V005990,T005990,2025-04-13,MID,P007,1,95.0
V005991,T005990,2025-04-13,MID,P009,1,85.0
V005992,T005992,2025-04-13,MID,P004,1,6.0
V005993,T005993,2025-04-13,MID,P080,1,280.0
V005994,T005994,2025-04-13,MID,P085,1,980.0
V005995,T005994,2025-04-13,MID,P065,1,30.0
V005996,T005996,2025-04-13,CHI,P063,2,45.0
V005997,T005996,2025-04-13,CHI,P060,2,850.0
V005998,T005996,2025-04-13,CHI,P084,1,18.0
V005999,T005999,2025-04-13,CHI,P007,2,95.0
V006000,T005999,2025-04-13,CHI,P086,2,650.0
V006001,T006001,2025-04-13,CHI,P010,2,120.0
V006002,T006002,2025-04-13,CHI,P025,1,35.0
V006003,T006003,2025-04-13,CHI,P042,1,28.0
V006004,T006003,2025-04-13,CHI,P043,2,18.0
V006005,T006005,2025-04-13,CHI,P102,2,45.0
V006006,T006005,2025-04-13,CHI,P024,3,6.0
V006007,T006007,2025-04-13,CHI,P100,1,1250.0
V006008,T006008,2025-04-13,CHI,P007,2,95.0
V006009,T006009,2025-04-13,CHI,P004,3,6.0
V006010,T006009,2025-04-13,CHI,P028,3,180.0
V006011,T006011,2025-04-13,CHI,P020,2,55.0
V006012,T006011,2025-04-13,CHI,P023,2,40.0
V006013,T006013,2025-04-13,CHI,P104,1,95.0
V006014,T006013,2025-04-13,CHI,P047,3,95.0
V006015,T006015,2025-04-13,CHI,P023,1,40.0
V006016,T006016,2025-04-13,CHI,P082,3,25.0
V006017,T006017,2025-04-13,CHI,P100,2,1250.0
V006018,T006017,2025-04-13,CHI,P102,3,45.0
V006019,T006019,2025-04-13,CHI,P083,2,65.0
V006020,T006020,2025-04-13,CHI,P100,1,1250.0
V006021,T006020,2025-04-13,CHI,P102,2,45.0
V006022,T006020,2025-04-13,CHI,P044,2,22.0
V006023,T006023,2025-04-13,CHI,P063,1,45.0
V006024,T006023,2025-04-13,CHI,P026,1,65.0
V006025,T006025,2025-04-13,CHI,P100,2,1250.0
V006026,T006025,2025-04-13,CHI,P102,2,45.0
V006027,T006027,2025-04-13,CHI,P107,1,165.0
V006028,T006027,2025-04-13,CHI,P011,1,210.0
V006029,T006029,2025-04-13,CHI,P041,2,35.0
V006030,T006029,2025-04-13,CHI,P043,2,18.0
V006031,T006029,2025-04-13,CHI,P009,2,85.0
V006032,T006032,2025-04-13,CDMX,P004,2,6.0
V006033,T006032,2025-04-13,CDMX,P064,2,38.0
V006034,T006034,2025-04-13,CDMX,P021,1,85.0
V006035,T006034,2025-04-13,CDMX,P023,3,40.0
V006036,T006034,2025-04-13,CDMX,P029,2,95.0
V006037,T006037,2025-04-13,CDMX,P041,3,35.0
V006038,T006037,2025-04-13,CDMX,P043,1,18.0
V006039,T006037,2025-04-13,CDMX,P105,2,145.0
V006040,T006040,2025-04-13,CDMX,P027,2,320.0
V006041,T006041,2025-04-13,CDMX,P081,1,65.0
V006042,T006041,2025-04-13,CDMX,P105,3,145.0
V006043,T006043,2025-04-13,CDMX,P101,1,35.0
V006044,T006043,2025-04-13,CDMX,P084,1,18.0
V006045,T006045,2025-04-13,CDMX,P042,1,28.0
V006046,T006046,2025-04-13,CDMX,P084,2,18.0
V006047,T006047,2025-04-13,CDMX,P100,1,1250.0
V006048,T006047,2025-04-13,CDMX,P102,2,45.0
V006049,T006049,2025-04-13,CDMX,P029,1,95.0
V006050,T006050,2025-04-13,CDMX,P024,2,6.0
V006051,T006050,2025-04-13,CDMX,P045,2,45.0
V006052,T006052,2025-04-13,CDMX,P021,1,85.0
V006053,T006052,2025-04-13,CDMX,P023,1,40.0
V006054,T006054,2025-04-13,CDMX,P104,3,95.0
V006055,T006054,2025-04-13,CDMX,P063,1,45.0
V006056,T006056,2025-04-13,CDMX,P104,2,95.0
V006057,T006057,2025-04-13,CDMX,P021,1,85.0
V006058,T006057,2025-04-13,CDMX,P023,2,40.0
V006059,T006057,2025-04-13,CDMX,P012,2,980.0
V006060,T006060,2025-04-13,CDMX,P042,1,28.0
V006061,T006060,2025-04-13,CDMX,P043,3,18.0
V006062,T006062,2025-04-13,MTY,P020,1,55.0
V006063,T006062,2025-04-13,MTY,P023,2,40.0
V006064,T006064,2025-04-13,MTY,P001,2,145.0
V006065,T006064,2025-04-13,MTY,P086,2,650.0
V006066,T006066,2025-04-13,MTY,P080,1,280.0
V006067,T006067,2025-04-13,MTY,P101,1,35.0
V006068,T006067,2025-04-13,MTY,P013,3,45.0
V006069,T006069,2025-04-13,MTY,P063,1,45.0
V006070,T006069,2025-04-13,MTY,P060,1,850.0
V006071,T006071,2025-04-13,MTY,P040,2,1450.0
V006072,T006072,2025-04-13,MTY,P006,3,12.0
V006073,T006072,2025-04-13,MTY,P060,1,850.0
V006074,T006074,2025-04-13,MTY,P064,3,38.0
V006075,T006074,2025-04-13,MTY,P061,2,165.0
V006076,T006076,2025-04-13,MTY,P100,3,1250.0
V006077,T006076,2025-04-13,MTY,P101,1,35.0
V006078,T006078,2025-04-13,MTY,P063,1,45.0
V006079,T006078,2025-04-13,MTY,P060,2,850.0
V006080,T006078,2025-04-13,MTY,P023,2,40.0
V006081,T006081,2025-04-13,MTY,P025,2,35.0
V006082,T006081,2025-04-13,MTY,P004,1,6.0
V006083,T006083,2025-04-13,MTY,P101,3,35.0
V006084,T006084,2025-04-13,MTY,P022,1,150.0
V006085,T006084,2025-04-13,MTY,P023,3,40.0
V006086,T006084,2025-04-13,MTY,P045,2,45.0
V006087,T006087,2025-04-13,MTY,P105,1,145.0
V006088,T006087,2025-04-13,MTY,P028,1,180.0
V006089,T006089,2025-04-13,MTY,P065,1,30.0
V006090,T006089,2025-04-13,MTY,P081,2,65.0
V006091,T006091,2025-04-13,MTY,P083,1,65.0
V006092,T006092,2025-04-13,MTY,P013,1,45.0
V006093,T006092,2025-04-13,MTY,P020,1,55.0
V006094,T006094,2025-04-13,MTY,P002,1,180.0
V006095,T006094,2025-04-13,MTY,P106,2,55.0
V006096,T006096,2025-04-13,MTY,P006,1,12.0
V006097,T006096,2025-04-13,MTY,P013,3,45.0
V006098,T006098,2025-04-13,MTY,P022,2,150.0
V006099,T006098,2025-04-13,MTY,P023,1,40.0
V006100,T006098,2025-04-13,MTY,P007,2,95.0
V006101,T006101,2025-04-13,MTY,P027,2,320.0
V006102,T006101,2025-04-13,MTY,P042,1,28.0
V006103,T006103,2025-04-13,MTY,P007,2,95.0
V006104,T006103,2025-04-13,MTY,P101,1,35.0
V006105,T006105,2025-04-14,CUN,P020,1,55.0
V006106,T006105,2025-04-14,CUN,P023,2,40.0
V006107,T006107,2025-04-14,CUN,P022,1,150.0
V006108,T006107,2025-04-14,CUN,P023,2,40.0
V006109,T006109,2025-04-14,CUN,P021,1,85.0
V006110,T006109,2025-04-14,CUN,P023,1,40.0
V006111,T006109,2025-04-14,CUN,P024,2,6.0
V006112,T006112,2025-04-14,CUN,P042,2,28.0
V006113,T006112,2025-04-14,CUN,P043,2,18.0
V006114,T006114,2025-04-14,CUN,P010,3,120.0
V006115,T006115,2025-04-14,CUN,P082,1,25.0
V006116,T006116,2025-04-14,CUN,P022,2,150.0
V006117,T006116,2025-04-14,CUN,P023,2,40.0
V006118,T006118,2025-04-14,CUN,P012,2,980.0
V006119,T006118,2025-04-14,CUN,P021,2,85.0
V006120,T006120,2025-04-14,CUN,P100,3,1250.0
V006121,T006120,2025-04-14,CUN,P102,3,45.0
V006122,T006120,2025-04-14,CUN,P084,2,18.0
V006123,T006123,2025-04-14,CUN,P101,2,35.0
V006124,T006123,2025-04-14,CUN,P084,1,18.0
V006125,T006125,2025-04-14,CUN,P107,2,165.0
V006126,T006126,2025-04-14,CUN,P027,2,320.0
V006127,T006127,2025-04-14,MID,P100,2,1250.0
V006128,T006127,2025-04-14,MID,P080,2,280.0
V006129,T006129,2025-04-14,MID,P043,1,18.0
V006130,T006129,2025-04-14,MID,P103,2,120.0
V006131,T006131,2025-04-14,MID,P004,1,6.0
V006132,T006131,2025-04-14,MID,P104,2,95.0
V006133,T006133,2025-04-14,MID,P104,1,95.0
V006134,T006133,2025-04-14,MID,P081,1,65.0
V006135,T006135,2025-04-14,MID,P002,1,180.0
V006136,T006136,2025-04-14,MID,P063,2,45.0
V006137,T006136,2025-04-14,MID,P060,3,850.0
V006138,T006136,2025-04-14,MID,P012,3,980.0
V006139,T006139,2025-04-14,MID,P060,3,850.0
V006140,T006140,2025-04-14,MID,P022,2,150.0
V006141,T006140,2025-04-14,MID,P023,3,40.0
V006142,T006142,2025-04-14,MID,P012,1,980.0
V006143,T006142,2025-04-14,MID,P046,2,280.0
V006144,T006144,2025-04-14,MID,P085,2,980.0
V006145,T006145,2025-04-14,MID,P024,2,6.0
V006146,T006145,2025-04-14,MID,P047,1,95.0
V006147,T006147,2025-04-14,MID,P002,1,180.0
V006148,T006148,2025-04-14,MID,P003,1,8.5
V006149,T006149,2025-04-14,MID,P084,3,18.0
V006150,T006150,2025-04-14,MID,P043,2,18.0
V006151,T006151,2025-04-14,MID,P023,1,40.0
V006152,T006152,2025-04-14,MID,P026,1,65.0
V006153,T006153,2025-04-14,MID,P066,3,55.0
V006154,T006154,2025-04-14,MID,P021,2,85.0
V006155,T006154,2025-04-14,MID,P023,2,40.0
V006156,T006154,2025-04-14,MID,P040,2,1450.0
V006157,T006157,2025-04-14,MID,P101,3,35.0
V006158,T006158,2025-04-14,CHI,P029,1,95.0
V006159,T006159,2025-04-14,CHI,P041,2,35.0
V006160,T006159,2025-04-14,CHI,P040,3,1450.0
V006161,T006161,2025-04-14,CHI,P100,2,1250.0
V006162,T006161,2025-04-14,CHI,P101,1,35.0
V006163,T006161,2025-04-14,CHI,P081,3,65.0
V006164,T006164,2025-04-14,CHI,P045,2,45.0
V006165,T006164,2025-04-14,CHI,P044,2,22.0
V006166,T006166,2025-04-14,CHI,P064,3,38.0
V006167,T006166,2025-04-14,CHI,P061,1,165.0
V006168,T006168,2025-04-14,CHI,P009,2,85.0
V006169,T006168,2025-04-14,CHI,P047,3,95.0
V006170,T006170,2025-04-14,CHI,P100,2,1250.0
V006171,T006170,2025-04-14,CHI,P102,3,45.0
V006172,T006170,2025-04-14,CHI,P044,1,22.0
V006173,T006173,2025-04-14,CHI,P103,1,120.0
V006174,T006173,2025-04-14,CHI,P004,1,6.0
V006175,T006175,2025-04-14,CHI,P030,2,180.0
V006176,T006176,2025-04-14,CHI,P060,1,850.0
V006177,T006177,2025-04-14,CHI,P011,3,210.0
V006178,T006177,2025-04-14,CHI,P045,1,45.0
V006179,T006179,2025-04-14,CHI,P024,2,6.0
V006180,T006179,2025-04-14,CHI,P104,2,95.0
V006181,T006181,2025-04-14,CHI,P013,2,45.0
V006182,T006181,2025-04-14,CHI,P086,1,650.0
V006183,T006183,2025-04-14,CHI,P041,1,35.0
V006184,T006183,2025-04-14,CHI,P043,3,18.0
V006185,T006185,2025-04-14,CHI,P063,2,45.0
V006186,T006186,2025-04-14,CHI,P021,1,85.0
V006187,T006187,2025-04-14,CHI,P063,1,45.0
V006188,T006188,2025-04-14,CHI,P012,1,980.0
V006189,T006189,2025-04-14,CDMX,P028,2,180.0
V006190,T006190,2025-04-14,CDMX,P063,1,45.0
V006191,T006190,2025-04-14,CDMX,P060,2,850.0
V006192,T006190,2025-04-14,CDMX,P106,2,55.0
V006193,T006193,2025-04-14,CDMX,P041,3,35.0
V006194,T006193,2025-04-14,CDMX,P043,1,18.0
V006195,T006193,2025-04-14,CDMX,P060,1,850.0
V006196,T006196,2025-04-14,CDMX,P100,1,1250.0
V006197,T006196,2025-04-14,CDMX,P102,1,45.0
V006198,T006196,2025-04-14,CDMX,P065,1,30.0
V006199,T006199,2025-04-14,CDMX,P047,2,95.0
V006200,T006200,2025-04-14,CDMX,P062,2,320.0
V006201,T006200,2025-04-14,CDMX,P060,3,850.0
V006202,T006202,2025-04-14,CDMX,P042,3,28.0
V006203,T006202,2025-04-14,CDMX,P043,2,18.0
V006204,T006202,2025-04-14,CDMX,P012,1,980.0
V006205,T006205,2025-04-14,CDMX,P048,1,180.0
V006206,T006206,2025-04-14,CDMX,P008,2,180.0
V006207,T006207,2025-04-14,CDMX,P004,1,6.0
V006208,T006207,2025-04-14,CDMX,P086,2,650.0
V006209,T006209,2025-04-14,MTY,P020,2,55.0
V006210,T006209,2025-04-14,MTY,P023,1,40.0
V006211,T006209,2025-04-14,MTY,P028,1,180.0
V006212,T006212,2025-04-14,MTY,P100,1,1250.0
V006213,T006212,2025-04-14,MTY,P101,1,35.0
V006214,T006212,2025-04-14,MTY,P086,1,650.0
V006215,T006215,2025-04-14,MTY,P030,1,180.0
V006216,T006216,2025-04-14,MTY,P046,2,280.0
V006217,T006217,2025-04-14,MTY,P064,1,38.0
V006218,T006217,2025-04-14,MTY,P061,2,165.0
V006219,T006217,2025-04-14,MTY,P025,1,35.0
V006220,T006220,2025-04-14,MTY,P010,3,120.0
V006221,T006221,2025-04-14,MTY,P025,1,35.0
V006222,T006222,2025-04-14,MTY,P063,2,45.0
V006223,T006222,2025-04-14,MTY,P060,1,850.0
V006224,T006222,2025-04-14,MTY,P028,3,180.0
V006225,T006225,2025-04-14,MTY,P046,2,280.0
V006226,T006226,2025-04-14,MTY,P009,1,85.0
V006227,T006227,2025-04-14,MTY,P022,2,150.0
V006228,T006227,2025-04-14,MTY,P023,1,40.0
V006229,T006227,2025-04-14,MTY,P043,2,18.0
V006230,T006230,2025-04-15,CUN,P028,2,180.0
V006231,T006231,2025-04-15,CUN,P060,2,850.0
V006232,T006232,2025-04-15,CUN,P024,2,6.0
V006233,T006232,2025-04-15,CUN,P013,3,45.0
V006234,T006234,2025-04-15,CUN,P063,3,45.0
V006235,T006234,2025-04-15,CUN,P060,1,850.0
V006236,T006236,2025-04-15,CUN,P028,2,180.0
V006237,T006237,2025-04-15,CUN,P103,3,120.0
V006238,T006238,2025-04-15,CUN,P025,2,35.0
V006239,T006238,2025-04-15,CUN,P009,1,85.0
V006240,T006240,2025-04-15,CUN,P104,1,95.0
V006241,T006241,2025-04-15,CUN,P020,1,55.0
V006242,T006241,2025-04-15,CUN,P023,1,40.0
V006243,T006243,2025-04-15,CUN,P030,2,180.0
V006244,T006244,2025-04-15,MID,P005,1,65.0
V006245,T006245,2025-04-15,MID,P105,1,145.0
V006246,T006246,2025-04-15,MID,P027,1,320.0
V006247,T006246,2025-04-15,MID,P001,2,145.0
V006248,T006248,2025-04-15,MID,P041,2,35.0
V006249,T006248,2025-04-15,MID,P043,2,18.0
V006250,T006250,2025-04-15,MID,P083,2,65.0
V006251,T006250,2025-04-15,MID,P025,2,35.0
V006252,T006252,2025-04-15,MID,P040,3,1450.0
V006253,T006253,2025-04-15,MID,P047,3,95.0
V006254,T006254,2025-04-15,MID,P021,2,85.0
V006255,T006254,2025-04-15,MID,P101,3,35.0
V006256,T006256,2025-04-15,MID,P081,1,65.0
V006257,T006256,2025-04-15,MID,P065,1,30.0
V006258,T006258,2025-04-15,MID,P100,1,1250.0
V006259,T006259,2025-04-15,MID,P021,1,85.0
V006260,T006259,2025-04-15,MID,P023,3,40.0
V006261,T006261,2025-04-15,MID,P105,1,145.0
V006262,T006261,2025-04-15,MID,P010,1,120.0
V006263,T006263,2025-04-15,MID,P022,3,150.0
V006264,T006263,2025-04-15,MID,P023,1,40.0
V006265,T006265,2025-04-15,MID,P066,1,55.0
V006266,T006265,2025-04-15,MID,P027,1,320.0
V006267,T006267,2025-04-15,MID,P042,3,28.0
V006268,T006267,2025-04-15,MID,P012,2,980.0
V006269,T006269,2025-04-15,MID,P002,2,180.0
V006270,T006270,2025-04-15,MID,P006,1,12.0
V006271,T006270,2025-04-15,MID,P021,2,85.0
V006272,T006272,2025-04-15,MID,P023,1,40.0
V006273,T006273,2025-04-15,CHI,P046,2,280.0
V006274,T006273,2025-04-15,CHI,P010,1,120.0
V006275,T006275,2025-04-15,CHI,P021,3,85.0
V006276,T006275,2025-04-15,CHI,P023,3,40.0
V006277,T006277,2025-04-15,CHI,P082,3,25.0
V006278,T006278,2025-04-15,CHI,P020,1,55.0
V006279,T006278,2025-04-15,CHI,P023,3,40.0
V006280,T006280,2025-04-15,CHI,P008,1,180.0
V006281,T006281,2025-04-15,CHI,P041,3,35.0
V006282,T006281,2025-04-15,CHI,P043,1,18.0
V006283,T006281,2025-04-15,CHI,P082,2,25.0
V006284,T006284,2025-04-15,CHI,P012,1,980.0
V006285,T006285,2025-04-15,CHI,P022,2,150.0
V006286,T006285,2025-04-15,CHI,P023,1,40.0
V006287,T006285,2025-04-15,CHI,P106,3,55.0
V006288,T006288,2025-04-15,CHI,P002,1,180.0
V006289,T006289,2025-04-15,CHI,P064,2,38.0
V006290,T006289,2025-04-15,CHI,P024,2,6.0
V006291,T006291,2025-04-15,CHI,P022,1,150.0
V006292,T006291,2025-04-15,CHI,P023,2,40.0
V006293,T006291,2025-04-15,CHI,P028,2,180.0
V006294,T006294,2025-04-15,CHI,P100,1,1250.0
V006295,T006294,2025-04-15,CHI,P102,2,45.0
V006296,T006296,2025-04-15,CHI,P100,2,1250.0
V006297,T006296,2025-04-15,CHI,P101,1,35.0
V006298,T006298,2025-04-15,CHI,P064,2,38.0
V006299,T006298,2025-04-15,CHI,P061,1,165.0
V006300,T006298,2025-04-15,CHI,P105,1,145.0
V006301,T006301,2025-04-15,CHI,P063,2,45.0
V006302,T006302,2025-04-15,CHI,P086,2,650.0
V006303,T006302,2025-04-15,CHI,P101,2,35.0
V006304,T006304,2025-04-15,CDMX,P022,1,150.0
V006305,T006304,2025-04-15,CDMX,P023,1,40.0
V006306,T006304,2025-04-15,CDMX,P010,3,120.0
V006307,T006307,2025-04-15,CDMX,P045,2,45.0
V006308,T006308,2025-04-15,CDMX,P020,1,55.0
V006309,T006308,2025-04-15,CDMX,P102,1,45.0
V006310,T006310,2025-04-15,CDMX,P062,2,320.0
V006311,T006311,2025-04-15,CDMX,P022,1,150.0
V006312,T006311,2025-04-15,CDMX,P023,1,40.0
V006313,T006311,2025-04-15,CDMX,P063,1,45.0
V006314,T006314,2025-04-15,CDMX,P001,1,145.0
V006315,T006314,2025-04-15,CDMX,P101,2,35.0
V006316,T006316,2025-04-15,CDMX,P104,2,95.0
V006317,T006317,2025-04-15,CDMX,P048,2,180.0
V006318,T006318,2025-04-15,CDMX,P041,3,35.0
V006319,T006318,2025-04-15,CDMX,P043,3,18.0
V006320,T006320,2025-04-15,CDMX,P082,1,25.0
V006321,T006321,2025-04-15,CDMX,P100,1,1250.0
V006322,T006321,2025-04-15,CDMX,P102,1,45.0
V006323,T006321,2025-04-15,CDMX,P005,1,65.0
V006324,T006324,2025-04-15,CDMX,P042,1,28.0
V006325,T006324,2025-04-15,CDMX,P043,2,18.0
V006326,T006324,2025-04-15,CDMX,P028,2,180.0
V006327,T006327,2025-04-15,CDMX,P100,1,1250.0
V006328,T006327,2025-04-15,CDMX,P101,1,35.0
V006329,T006327,2025-04-15,CDMX,P086,3,650.0
V006330,T006330,2025-04-15,CDMX,P006,2,12.0
V006331,T006330,2025-04-15,CDMX,P009,1,85.0
V006332,T006332,2025-04-15,CDMX,P086,3,650.0
V006333,T006333,2025-04-15,MTY,P006,3,12.0
V006334,T006333,2025-04-15,MTY,P040,3,1450.0
V006335,T006335,2025-04-15,MTY,P004,1,6.0
V006336,T006336,2025-04-15,MTY,P063,1,45.0
V006337,T006336,2025-04-15,MTY,P040,3,1450.0
V006338,T006338,2025-04-15,MTY,P006,1,12.0
V006339,T006339,2025-04-15,MTY,P020,3,55.0
V006340,T006339,2025-04-15,MTY,P023,1,40.0
V006341,T006341,2025-04-15,MTY,P022,3,150.0
V006342,T006341,2025-04-15,MTY,P023,2,40.0
V006343,T006341,2025-04-15,MTY,P063,2,45.0
V006344,T006344,2025-04-15,MTY,P082,3,25.0
V006345,T006344,2025-04-15,MTY,P007,3,95.0
V006346,T006346,2025-04-15,MTY,P021,1,85.0
V006347,T006346,2025-04-15,MTY,P023,1,40.0
V006348,T006346,2025-04-15,MTY,P007,1,95.0
V006349,T006349,2025-04-15,MTY,P003,3,8.5
V006350,T006349,2025-04-15,MTY,P065,3,30.0
V006351,T006351,2025-04-15,MTY,P101,2,35.0
V006352,T006351,2025-04-15,MTY,P021,3,85.0
V006353,T006353,2025-04-15,MTY,P003,2,8.5
V006354,T006353,2025-04-15,MTY,P012,1,980.0
V006355,T006355,2025-04-15,MTY,P020,2,55.0
V006356,T006355,2025-04-15,MTY,P023,3,40.0
V006357,T006357,2025-04-15,MTY,P104,1,95.0
V006358,T006357,2025-04-15,MTY,P044,1,22.0
V006359,T006359,2025-04-16,CUN,P042,2,28.0
V006360,T006359,2025-04-16,CUN,P043,3,18.0
V006361,T006359,2025-04-16,CUN,P046,2,280.0
V006362,T006362,2025-04-16,CUN,P063,2,45.0
V006363,T006362,2025-04-16,CUN,P060,3,850.0
V006364,T006364,2025-04-16,CUN,P022,1,150.0
V006365,T006364,2025-04-16,CUN,P023,1,40.0
V006366,T006364,2025-04-16,CUN,P024,2,6.0
V006367,T006367,2025-04-16,CUN,P063,1,45.0
V006368,T006367,2025-04-16,CUN,P060,3,850.0
V006369,T006369,2025-04-16,CUN,P001,1,145.0
V006370,T006370,2025-04-16,CUN,P063,1,45.0
V006371,T006371,2025-04-16,CUN,P064,1,38.0
V006372,T006371,2025-04-16,CUN,P001,1,145.0
V006373,T006373,2025-04-16,CUN,P008,1,180.0
V006374,T006373,2025-04-16,CUN,P021,2,85.0
V006375,T006375,2025-04-16,CUN,P063,1,45.0
V006376,T006375,2025-04-16,CUN,P060,1,850.0
V006377,T006375,2025-04-16,CUN,P066,1,55.0
V006378,T006378,2025-04-16,CUN,P021,1,85.0
V006379,T006378,2025-04-16,CUN,P023,1,40.0
V006380,T006380,2025-04-16,MID,P004,1,6.0
V006381,T006380,2025-04-16,MID,P027,2,320.0
V006382,T006382,2025-04-16,MID,P100,2,1250.0
V006383,T006382,2025-04-16,MID,P101,1,35.0
V006384,T006382,2025-04-16,MID,P012,2,980.0
V006385,T006385,2025-04-16,MID,P006,1,12.0
V006386,T006385,2025-04-16,MID,P085,2,980.0
V006387,T006387,2025-04-16,MID,P022,2,150.0
V006388,T006387,2025-04-16,MID,P023,3,40.0
V006389,T006389,2025-04-16,MID,P007,1,95.0
V006390,T006389,2025-04-16,MID,P023,3,40.0
V006391,T006391,2025-04-16,MID,P001,1,145.0
V006392,T006391,2025-04-16,MID,P063,1,45.0
V006393,T006393,2025-04-16,MID,P021,2,85.0
V006394,T006393,2025-04-16,MID,P023,2,40.0
V006395,T006393,2025-04-16,MID,P027,2,320.0
V006396,T006396,2025-04-16,MID,P080,1,280.0
V006397,T006396,2025-04-16,MID,P030,2,180.0
V006398,T006398,2025-04-16,MID,P100,1,1250.0
V006399,T006398,2025-04-16,MID,P101,1,35.0
V006400,T006400,2025-04-16,MID,P022,1,150.0
V006401,T006400,2025-04-16,MID,P023,2,40.0
V006402,T006402,2025-04-16,CHI,P042,1,28.0
V006403,T006402,2025-04-16,CHI,P043,2,18.0
V006404,T006402,2025-04-16,CHI,P001,1,145.0
V006405,T006405,2025-04-16,CHI,P104,1,95.0
V006406,T006406,2025-04-16,CHI,P020,3,55.0
V006407,T006406,2025-04-16,CHI,P023,2,40.0
V006408,T006408,2025-04-16,CHI,P007,1,95.0
V006409,T006408,2025-04-16,CHI,P023,2,40.0
V006410,T006410,2025-04-16,CHI,P100,1,1250.0
V006411,T006410,2025-04-16,CHI,P102,3,45.0
V006412,T006410,2025-04-16,CHI,P001,3,145.0
V006413,T006413,2025-04-16,CHI,P001,3,145.0
V006414,T006414,2025-04-16,CHI,P063,2,45.0
V006415,T006414,2025-04-16,CHI,P060,1,850.0
V006416,T006416,2025-04-16,CHI,P020,1,55.0
V006417,T006416,2025-04-16,CHI,P023,2,40.0
V006418,T006416,2025-04-16,CHI,P007,3,95.0
V006419,T006419,2025-04-16,CHI,P021,1,85.0
V006420,T006419,2025-04-16,CHI,P023,1,40.0
V006421,T006421,2025-04-16,CHI,P024,2,6.0
V006422,T006421,2025-04-16,CHI,P013,1,45.0
V006423,T006423,2025-04-16,CHI,P041,1,35.0
V006424,T006423,2025-04-16,CHI,P043,1,18.0
V006425,T006423,2025-04-16,CHI,P047,2,95.0
V006426,T006426,2025-04-16,CHI,P083,2,65.0
V006427,T006426,2025-04-16,CHI,P029,2,95.0
V006428,T006428,2025-04-16,CHI,P020,1,55.0
V006429,T006428,2025-04-16,CHI,P023,1,40.0
V006430,T006428,2025-04-16,CHI,P046,3,280.0
V006431,T006431,2025-04-16,CHI,P102,2,45.0
V006432,T006431,2025-04-16,CHI,P028,1,180.0
V006433,T006433,2025-04-16,CHI,P041,1,35.0
V006434,T006433,2025-04-16,CHI,P009,2,85.0
V006435,T006435,2025-04-16,CHI,P041,3,35.0
V006436,T006435,2025-04-16,CHI,P043,2,18.0
V006437,T006437,2025-04-16,CHI,P020,2,55.0
V006438,T006437,2025-04-16,CHI,P023,2,40.0
V006439,T006439,2025-04-16,CHI,P026,3,65.0
V006440,T006440,2025-04-16,CHI,P101,2,35.0
V006441,T006440,2025-04-16,CHI,P007,2,95.0
V006442,T006442,2025-04-16,CHI,P045,1,45.0
V006443,T006442,2025-04-16,CHI,P021,3,85.0
V006444,T006444,2025-04-16,CHI,P064,2,38.0
V006445,T006444,2025-04-16,CHI,P080,1,280.0
V006446,T006446,2025-04-16,CDMX,P101,3,35.0
V006447,T006447,2025-04-16,CDMX,P024,1,6.0
V006448,T006448,2025-04-16,CDMX,P021,1,85.0
V006449,T006448,2025-04-16,CDMX,P023,2,40.0
V006450,T006448,2025-04-16,CDMX,P011,2,210.0
V006451,T006451,2025-04-16,CDMX,P104,3,95.0
V006452,T006452,2025-04-16,CDMX,P105,2,145.0
V006453,T006452,2025-04-16,CDMX,P103,2,120.0
V006454,T006454,2025-04-16,CDMX,P080,2,280.0
V006455,T006454,2025-04-16,CDMX,P005,2,65.0
V006456,T006456,2025-04-16,CDMX,P008,2,180.0
V006457,T006457,2025-04-16,CDMX,P100,2,1250.0
V006458,T006457,2025-04-16,CDMX,P029,1,95.0
V006459,T006459,2025-04-16,CDMX,P100,2,1250.0
V006460,T006459,2025-04-16,CDMX,P101,2,35.0
V006461,T006459,2025-04-16,CDMX,P004,1,6.0
V006462,T006462,2025-04-16,CDMX,P022,2,150.0
V006463,T006462,2025-04-16,CDMX,P023,1,40.0
V006464,T006464,2025-04-16,CDMX,P100,2,1250.0
V006465,T006464,2025-04-16,CDMX,P102,1,45.0
V006466,T006466,2025-04-16,CDMX,P008,2,180.0
V006467,T006467,2025-04-16,CDMX,P005,1,65.0
V006468,T006468,2025-04-16,CDMX,P064,3,38.0
V006469,T006468,2025-04-16,CDMX,P061,1,165.0
V006470,T006470,2025-04-16,CDMX,P100,2,1250.0
V006471,T006470,2025-04-16,CDMX,P101,1,35.0
V006472,T006470,2025-04-16,CDMX,P040,1,1450.0
V006473,T006473,2025-04-16,CDMX,P020,3,55.0
V006474,T006473,2025-04-16,CDMX,P023,3,40.0
V006475,T006475,2025-04-16,CDMX,P080,3,280.0
V006476,T006476,2025-04-16,CDMX,P100,1,1250.0
V006477,T006476,2025-04-16,CDMX,P102,1,45.0
V006478,T006478,2025-04-16,CDMX,P085,1,980.0
V006479,T006479,2025-04-16,CDMX,P002,2,180.0
V006480,T006480,2025-04-16,CDMX,P064,3,38.0
V006481,T006481,2025-04-16,MTY,P021,2,85.0
V006482,T006481,2025-04-16,MTY,P023,1,40.0
V006483,T006483,2025-04-16,MTY,P022,1,150.0
V006484,T006483,2025-04-16,MTY,P023,2,40.0
V006485,T006483,2025-04-16,MTY,P007,2,95.0
V006486,T006486,2025-04-16,MTY,P021,2,85.0
V006487,T006487,2025-04-16,MTY,P030,1,180.0
V006488,T006487,2025-04-16,MTY,P001,1,145.0
V006489,T006489,2025-04-16,MTY,P023,2,40.0
V006490,T006490,2025-04-16,MTY,P046,1,280.0
V006491,T006491,2025-04-16,MTY,P040,1,1450.0
V006492,T006492,2025-04-16,MTY,P006,3,12.0
V006493,T006493,2025-04-16,MTY,P022,2,150.0
V006494,T006493,2025-04-16,MTY,P023,3,40.0
V006495,T006495,2025-04-16,MTY,P024,2,6.0
V006496,T006496,2025-04-16,MTY,P062,1,320.0
V006497,T006497,2025-04-16,MTY,P101,3,35.0
V006498,T006497,2025-04-16,MTY,P105,2,145.0
V006499,T006499,2025-04-16,MTY,P004,1,6.0
V006500,T006499,2025-04-16,MTY,P048,3,180.0
V006501,T006501,2025-04-16,MTY,P021,2,85.0
V006502,T006501,2025-04-16,MTY,P023,1,40.0
V006503,T006503,2025-04-16,MTY,P005,3,65.0
V006504,T006504,2025-04-16,MTY,P100,3,1250.0
V006505,T006504,2025-04-16,MTY,P101,2,35.0
V006506,T006506,2025-04-17,CUN,P064,2,38.0
V006507,T006506,2025-04-17,CUN,P061,2,165.0
V006508,T006506,2025-04-17,CUN,P080,3,280.0
V006509,T006509,2025-04-17,CUN,P041,2,35.0
V006510,T006509,2025-04-17,CUN,P048,2,180.0
V006511,T006511,2025-04-17,CUN,P025,2,35.0
V006512,T006512,2025-04-17,CUN,P006,2,12.0
V006513,T006513,2025-04-17,CUN,P100,1,1250.0
V006514,T006513,2025-04-17,CUN,P101,1,35.0
V006515,T006515,2025-04-17,CUN,P010,1,120.0
V006516,T006516,2025-04-17,CUN,P005,1,65.0
V006517,T006517,2025-04-17,CUN,P042,1,28.0
V006518,T006517,2025-04-17,CUN,P046,2,280.0
V006519,T006519,2025-04-17,CUN,P103,1,120.0
V006520,T006520,2025-04-17,CUN,P061,1,165.0
V006521,T006521,2025-04-17,CUN,P043,2,18.0
V006522,T006521,2025-04-17,CUN,P022,1,150.0
V006523,T006523,2025-04-17,CUN,P101,2,35.0
V006524,T006524,2025-04-17,CUN,P043,1,18.0
V006525,T006524,2025-04-17,CUN,P085,1,980.0
V006526,T006526,2025-04-17,CUN,P021,3,85.0
V006527,T006526,2025-04-17,CUN,P023,1,40.0
V006528,T006528,2025-04-17,CUN,P002,1,180.0
V006529,T006529,2025-04-17,CUN,P100,1,1250.0
V006530,T006529,2025-04-17,CUN,P101,1,35.0
V006531,T006531,2025-04-17,MID,P003,1,8.5
V006532,T006532,2025-04-17,MID,P007,3,95.0
V006533,T006532,2025-04-17,MID,P080,1,280.0
V006534,T006534,2025-04-17,MID,P030,1,180.0
V006535,T006535,2025-04-17,MID,P047,1,95.0
V006536,T006535,2025-04-17,MID,P009,2,85.0
V006537,T006537,2025-04-17,MID,P020,3,55.0
V006538,T006537,2025-04-17,MID,P023,1,40.0
V006539,T006539,2025-04-17,MID,P064,3,38.0
V006540,T006539,2025-04-17,MID,P061,2,165.0
V006541,T006539,2025-04-17,MID,P005,3,65.0
V006542,T006542,2025-04-17,MID,P100,2,1250.0
V006543,T006542,2025-04-17,MID,P102,2,45.0
V006544,T006542,2025-04-17,MID,P022,2,150.0
V006545,T006545,2025-04-17,MID,P061,3,165.0
V006546,T006546,2025-04-17,MID,P064,1,38.0
V006547,T006546,2025-04-17,MID,P061,1,165.0
V006548,T006546,2025-04-17,MID,P046,1,280.0
V006549,T006549,2025-04-17,MID,P042,1,28.0
V006550,T006550,2025-04-17,CHI,P063,2,45.0
V006551,T006550,2025-04-17,CHI,P060,3,850.0
V006552,T006552,2025-04-17,CHI,P013,2,45.0
V006553,T006553,2025-04-17,CHI,P022,2,150.0
V006554,T006554,2025-04-17,CHI,P024,2,6.0
V006555,T006555,2025-04-17,CHI,P084,1,18.0
V006556,T006556,2025-04-17,CHI,P042,3,28.0
V006557,T006556,2025-04-17,CHI,P043,1,18.0
V006558,T006558,2025-04-17,CHI,P022,3,150.0
V006559,T006558,2025-04-17,CHI,P023,1,40.0
V006560,T006560,2025-04-17,CHI,P100,1,1250.0
V006561,T006560,2025-04-17,CHI,P101,3,35.0
V006562,T006562,2025-04-17,CHI,P084,2,18.0
V006563,T006562,2025-04-17,CHI,P007,1,95.0
V006564,T006564,2025-04-17,CHI,P086,2,650.0
V006565,T006565,2025-04-17,CHI,P062,1,320.0
V006566,T006566,2025-04-17,CHI,P022,1,150.0
V006567,T006566,2025-04-17,CHI,P065,1,30.0
V006568,T006568,2025-04-17,CHI,P023,2,40.0
V006569,T006568,2025-04-17,CHI,P048,2,180.0
V006570,T006570,2025-04-17,CHI,P020,3,55.0
V006571,T006570,2025-04-17,CHI,P023,2,40.0
V006572,T006572,2025-04-17,CHI,P022,1,150.0
V006573,T006572,2025-04-17,CHI,P023,1,40.0
V006574,T006572,2025-04-17,CHI,P106,1,55.0
V006575,T006575,2025-04-17,CHI,P064,3,38.0
V006576,T006575,2025-04-17,CHI,P061,1,165.0
V006577,T006577,2025-04-17,CHI,P100,2,1250.0
V006578,T006578,2025-04-17,CHI,P047,2,95.0
V006579,T006578,2025-04-17,CHI,P026,1,65.0
V006580,T006580,2025-04-17,CHI,P042,2,28.0
V006581,T006580,2025-04-17,CHI,P043,2,18.0
V006582,T006580,2025-04-17,CHI,P100,1,1250.0
V006583,T006583,2025-04-17,CHI,P002,1,180.0
V006584,T006584,2025-04-17,CDMX,P041,2,35.0
V006585,T006584,2025-04-17,CDMX,P043,1,18.0
V006586,T006586,2025-04-17,CDMX,P022,1,150.0
V006587,T006587,2025-04-17,CDMX,P064,1,38.0
V006588,T006587,2025-04-17,CDMX,P061,3,165.0
V006589,T006589,2025-04-17,CDMX,P064,1,38.0
V006590,T006589,2025-04-17,CDMX,P061,2,165.0
V006591,T006589,2025-04-17,CDMX,P024,3,6.0
V006592,T006592,2025-04-17,CDMX,P063,3,45.0
V006593,T006592,2025-04-17,CDMX,P060,3,850.0
V006594,T006592,2025-04-17,CDMX,P004,2,6.0
V006595,T006595,2025-04-17,CDMX,P022,1,150.0
V006596,T006595,2025-04-17,CDMX,P023,2,40.0
V006597,T006595,2025-04-17,CDMX,P009,2,85.0
V006598,T006598,2025-04-17,CDMX,P046,2,280.0
V006599,T006599,2025-04-17,CDMX,P022,2,150.0
V006600,T006599,2025-04-17,CDMX,P023,1,40.0
V006601,T006601,2025-04-17,CDMX,P001,1,145.0
V006602,T006601,2025-04-17,CDMX,P065,1,30.0
V006603,T006603,2025-04-17,CDMX,P013,1,45.0
V006604,T006604,2025-04-17,CDMX,P061,2,165.0
V006605,T006604,2025-04-17,CDMX,P040,2,1450.0
V006606,T006606,2025-04-17,CDMX,P047,1,95.0
V006607,T006607,2025-04-17,CDMX,P021,1,85.0
V006608,T006607,2025-04-17,CDMX,P023,2,40.0
V006609,T006607,2025-04-17,CDMX,P048,1,180.0
V006610,T006610,2025-04-17,CDMX,P024,2,6.0
V006611,T006610,2025-04-17,CDMX,P107,1,165.0
V006612,T006612,2025-04-17,CDMX,P080,1,280.0
V006613,T006613,2025-04-17,CDMX,P021,1,85.0
V006614,T006613,2025-04-17,CDMX,P023,1,40.0
V006615,T006615,2025-04-17,CDMX,P021,2,85.0
V006616,T006616,2025-04-17,CDMX,P064,2,38.0
V006617,T006616,2025-04-17,CDMX,P061,2,165.0
V006618,T006616,2025-04-17,CDMX,P048,1,180.0
V006619,T006619,2025-04-17,CDMX,P029,3,95.0
V006620,T006620,2025-04-17,CDMX,P042,1,28.0
V006621,T006620,2025-04-17,CDMX,P043,1,18.0
V006622,T006622,2025-04-17,MTY,P100,1,1250.0
V006623,T006622,2025-04-17,MTY,P102,2,45.0
V006624,T006624,2025-04-17,MTY,P042,1,28.0
V006625,T006624,2025-04-17,MTY,P043,1,18.0
V006626,T006624,2025-04-17,MTY,P080,1,280.0
V006627,T006627,2025-04-17,MTY,P043,1,18.0
V006628,T006627,2025-04-17,MTY,P062,3,320.0
V006629,T006629,2025-04-17,MTY,P100,1,1250.0
V006630,T006629,2025-04-17,MTY,P013,1,45.0
V006631,T006631,2025-04-17,MTY,P041,2,35.0
V006632,T006631,2025-04-17,MTY,P043,1,18.0
V006633,T006631,2025-04-17,MTY,P065,2,30.0
V006634,T006634,2025-04-17,MTY,P100,2,1250.0
V006635,T006635,2025-04-17,MTY,P066,1,55.0
V006636,T006636,2025-04-17,MTY,P102,3,45.0
V006637,T006636,2025-04-17,MTY,P013,1,45.0
V006638,T006638,2025-04-17,MTY,P083,2,65.0
V006639,T006639,2025-04-17,MTY,P041,2,35.0
V006640,T006639,2025-04-17,MTY,P043,2,18.0
V006641,T006641,2025-04-18,CUN,P105,3,145.0
V006642,T006641,2025-04-18,CUN,P041,1,35.0
V006643,T006643,2025-04-18,CUN,P004,1,6.0
V006644,T006644,2025-04-18,CUN,P040,1,1450.0
V006645,T006645,2025-04-18,CUN,P041,1,35.0
V006646,T006645,2025-04-18,CUN,P043,1,18.0
V006647,T006645,2025-04-18,CUN,P046,3,280.0
V006648,T006648,2025-04-18,CUN,P106,1,55.0
V006649,T006648,2025-04-18,CUN,P047,1,95.0
V006650,T006650,2025-04-18,CUN,P026,3,65.0
V006651,T006650,2025-04-18,CUN,P085,3,980.0
V006652,T006652,2025-04-18,CUN,P048,2,180.0
V006653,T006652,2025-04-18,CUN,P085,2,980.0
V006654,T006654,2025-04-18,CUN,P048,2,180.0
V006655,T006655,2025-04-18,CUN,P022,3,150.0
V006656,T006655,2025-04-18,CUN,P023,1,40.0
V006657,T006657,2025-04-18,CUN,P064,2,38.0
V006658,T006657,2025-04-18,CUN,P061,1,165.0
V006659,T006657,2025-04-18,CUN,P045,3,45.0
V006660,T006660,2025-04-18,CUN,P041,1,35.0
V006661,T006660,2025-04-18,CUN,P043,1,18.0
V006662,T006660,2025-04-18,CUN,P080,3,280.0
V006663,T006663,2025-04-18,CUN,P101,3,35.0
V006664,T006664,2025-04-18,CUN,P022,1,150.0
V006665,T006665,2025-04-18,CUN,P100,2,1250.0
V006666,T006665,2025-04-18,CUN,P101,3,35.0
V006667,T006667,2025-04-18,MID,P100,2,1250.0
V006668,T006667,2025-04-18,MID,P047,2,95.0
V006669,T006669,2025-04-18,MID,P060,1,850.0
V006670,T006670,2025-04-18,MID,P101,1,35.0
V006671,T006671,2025-04-18,MID,P063,2,45.0
V006672,T006671,2025-04-18,MID,P060,1,850.0
V006673,T006673,2025-04-18,MID,P100,1,1250.0
V006674,T006673,2025-04-18,MID,P101,2,35.0
V006675,T006675,2025-04-18,MID,P021,2,85.0
V006676,T006675,2025-04-18,MID,P023,2,40.0
V006677,T006677,2025-04-18,MID,P040,1,1450.0
V006678,T006678,2025-04-18,MID,P041,3,35.0
V006679,T006678,2025-04-18,MID,P043,1,18.0
V006680,T006680,2025-04-18,MID,P011,1,210.0
V006681,T006681,2025-04-18,MID,P007,3,95.0
V006682,T006681,2025-04-18,MID,P008,3,180.0
V006683,T006683,2025-04-18,MID,P002,2,180.0
V006684,T006683,2025-04-18,MID,P083,1,65.0
V006685,T006685,2025-04-18,MID,P060,1,850.0
V006686,T006686,2025-04-18,CHI,P020,1,55.0
V006687,T006686,2025-04-18,CHI,P007,1,95.0
V006688,T006688,2025-04-18,CHI,P022,1,150.0
V006689,T006688,2025-04-18,CHI,P023,1,40.0
V006690,T006690,2025-04-18,CHI,P040,1,1450.0
V006691,T006690,2025-04-18,CHI,P028,1,180.0
V006692,T006692,2025-04-18,CHI,P080,2,280.0
V006693,T006693,2025-04-18,CHI,P083,1,65.0
V006694,T006693,2025-04-18,CHI,P028,2,180.0
V006695,T006695,2025-04-18,CHI,P042,1,28.0
V006696,T006695,2025-04-18,CHI,P043,1,18.0
V006697,T006695,2025-04-18,CHI,P028,1,180.0
V006698,T006698,2025-04-18,CHI,P022,1,150.0
V006699,T006699,2025-04-18,CHI,P081,2,65.0
V006700,T006699,2025-04-18,CHI,P105,2,145.0
V006701,T006701,2025-04-18,CHI,P103,2,120.0
V006702,T006701,2025-04-18,CHI,P029,3,95.0
V006703,T006703,2025-04-18,CHI,P063,2,45.0
V006704,T006703,2025-04-18,CHI,P060,1,850.0
V006705,T006703,2025-04-18,CHI,P100,3,1250.0
V006706,T006706,2025-04-18,CHI,P003,1,8.5
V006707,T006706,2025-04-18,CHI,P066,2,55.0
V006708,T006708,2025-04-18,CHI,P041,1,35.0
V006709,T006709,2025-04-18,CHI,P013,2,45.0
V006710,T006710,2025-04-18,CHI,P006,2,12.0
V006711,T006710,2025-04-18,CHI,P064,2,38.0
V006712,T006712,2025-04-18,CHI,P082,1,25.0
V006713,T006712,2025-04-18,CHI,P022,1,150.0
V006714,T006714,2025-04-18,CHI,P041,1,35.0
V006715,T006715,2025-04-18,CHI,P085,1,980.0
V006716,T006715,2025-04-18,CHI,P086,1,650.0
V006717,T006717,2025-04-18,CHI,P100,1,1250.0
V006718,T006717,2025-04-18,CHI,P101,2,35.0
V006719,T006719,2025-04-18,CHI,P064,1,38.0
V006720,T006719,2025-04-18,CHI,P060,2,850.0
V006721,T006721,2025-04-18,CDMX,P100,2,1250.0
V006722,T006721,2025-04-18,CDMX,P102,2,45.0
V006723,T006723,2025-04-18,CDMX,P025,2,35.0
V006724,T006724,2025-04-18,CDMX,P063,2,45.0
V006725,T006725,2025-04-18,CDMX,P100,2,1250.0
V006726,T006725,2025-04-18,CDMX,P101,1,35.0
V006727,T006727,2025-04-18,CDMX,P062,3,320.0
V006728,T006728,2025-04-18,CDMX,P046,3,280.0
V006729,T006729,2025-04-18,CDMX,P047,1,95.0
V006730,T006730,2025-04-18,CDMX,P060,1,850.0
V006731,T006730,2025-04-18,CDMX,P040,2,1450.0
V006732,T006732,2025-04-18,CDMX,P040,1,1450.0
V006733,T006732,2025-04-18,CDMX,P048,1,180.0
V006734,T006734,2025-04-18,CDMX,P009,1,85.0
V006735,T006734,2025-04-18,CDMX,P064,2,38.0
V006736,T006736,2025-04-18,CDMX,P080,2,280.0
V006737,T006737,2025-04-18,CDMX,P012,1,980.0
V006738,T006737,2025-04-18,CDMX,P024,2,6.0
V006739,T006739,2025-04-18,CDMX,P101,2,35.0
V006740,T006740,2025-04-18,CDMX,P002,1,180.0
V006741,T006741,2025-04-18,CDMX,P063,1,45.0
V006742,T006741,2025-04-18,CDMX,P060,2,850.0
V006743,T006743,2025-04-18,CDMX,P025,3,35.0
V006744,T006744,2025-04-18,CDMX,P047,1,95.0
V006745,T006744,2025-04-18,CDMX,P048,1,180.0
V006746,T006746,2025-04-18,MTY,P106,1,55.0
V006747,T006747,2025-04-18,MTY,P064,2,38.0
V006748,T006747,2025-04-18,MTY,P061,1,165.0
V006749,T006749,2025-04-18,MTY,P022,2,150.0
V006750,T006749,2025-04-18,MTY,P023,1,40.0
V006751,T006751,2025-04-18,MTY,P005,1,65.0
V006752,T006751,2025-04-18,MTY,P084,3,18.0
V006753,T006753,2025-04-18,MTY,P024,1,6.0
V006754,T006754,2025-04-18,MTY,P029,1,95.0
V006755,T006755,2025-04-18,MTY,P106,2,55.0
V006756,T006755,2025-04-18,MTY,P029,1,95.0
V006757,T006757,2025-04-18,MTY,P022,2,150.0
V006758,T006757,2025-04-18,MTY,P023,1,40.0
V006759,T006757,2025-04-18,MTY,P100,3,1250.0
V006760,T006760,2025-04-18,MTY,P086,1,650.0
V006761,T006760,2025-04-18,MTY,P061,3,165.0
V006762,T006762,2025-04-18,MTY,P042,1,28.0
V006763,T006762,2025-04-18,MTY,P004,1,6.0
V006764,T006764,2025-04-18,MTY,P024,2,6.0
V006765,T006765,2025-04-18,MTY,P048,1,180.0
V006766,T006765,2025-04-18,MTY,P045,3,45.0
V006767,T006767,2025-04-18,MTY,P024,2,6.0
V006768,T006767,2025-04-18,MTY,P006,3,12.0
V006769,T006769,2025-04-18,MTY,P105,1,145.0
V006770,T006770,2025-04-18,MTY,P085,2,980.0
V006771,T006770,2025-04-18,MTY,P006,1,12.0
V006772,T006772,2025-04-18,MTY,P062,1,320.0
V006773,T006772,2025-04-18,MTY,P004,2,6.0
V006774,T006774,2025-04-19,CUN,P004,1,6.0
V006775,T006774,2025-04-19,CUN,P046,2,280.0
V006776,T006776,2025-04-19,CUN,P100,1,1250.0
V006777,T006776,2025-04-19,CUN,P101,3,35.0
V006778,T006778,2025-04-19,CUN,P022,1,150.0
V006779,T006778,2025-04-19,CUN,P023,3,40.0
V006780,T006778,2025-04-19,CUN,P065,1,30.0
V006781,T006781,2025-04-19,CUN,P100,1,1250.0
V006782,T006781,2025-04-19,CUN,P101,1,35.0
V006783,T006781,2025-04-19,CUN,P046,1,280.0
V006784,T006784,2025-04-19,CUN,P104,1,95.0
V006785,T006784,2025-04-19,CUN,P026,1,65.0
V006786,T006786,2025-04-19,CUN,P023,3,40.0
V006787,T006787,2025-04-19,CUN,P100,1,1250.0
V006788,T006787,2025-04-19,CUN,P102,2,45.0
V006789,T006789,2025-04-19,CUN,P084,1,18.0
V006790,T006789,2025-04-19,CUN,P083,2,65.0
V006791,T006791,2025-04-19,CUN,P042,2,28.0
V006792,T006792,2025-04-19,CUN,P064,1,38.0
V006793,T006792,2025-04-19,CUN,P061,2,165.0
V006794,T006792,2025-04-19,CUN,P046,1,280.0
V006795,T006795,2025-04-19,CUN,P001,1,145.0
V006796,T006796,2025-04-19,CUN,P104,1,95.0
V006797,T006797,2025-04-19,CUN,P086,1,650.0
V006798,T006798,2025-04-19,CUN,P020,3,55.0
V006799,T006798,2025-04-19,CUN,P023,2,40.0
V006800,T006798,2025-04-19,CUN,P080,2,280.0
V006801,T006801,2025-04-19,CUN,P022,1,150.0
V006802,T006801,2025-04-19,CUN,P023,3,40.0
V006803,T006801,2025-04-19,CUN,P100,1,1250.0
V006804,T006804,2025-04-19,CUN,P060,1,850.0
V006805,T006805,2025-04-19,CUN,P022,1,150.0
V006806,T006805,2025-04-19,CUN,P023,2,40.0
V006807,T006805,2025-04-19,CUN,P005,2,65.0
V006808,T006808,2025-04-19,CUN,P064,1,38.0
V006809,T006808,2025-04-19,CUN,P061,3,165.0
V006810,T006808,2025-04-19,CUN,P046,1,280.0
V006811,T006811,2025-04-19,MID,P100,2,1250.0
V006812,T006811,2025-04-19,MID,P102,1,45.0
V006813,T006813,2025-04-19,MID,P027,2,320.0
V006814,T006814,2025-04-19,MID,P104,1,95.0
V006815,T006815,2025-04-19,MID,P002,2,180.0
V006816,T006815,2025-04-19,MID,P005,1,65.0
V006817,T006817,2025-04-19,MID,P041,1,35.0
V006818,T006817,2025-04-19,MID,P047,1,95.0
V006819,T006819,2025-04-19,MID,P080,1,280.0
V006820,T006819,2025-04-19,MID,P021,2,85.0
V006821,T006821,2025-04-19,MID,P063,1,45.0
V006822,T006821,2025-04-19,MID,P060,1,850.0
V006823,T006823,2025-04-19,MID,P042,3,28.0
V006824,T006823,2025-04-19,MID,P043,2,18.0
V006825,T006825,2025-04-19,MID,P041,1,35.0
V006826,T006825,2025-04-19,MID,P043,2,18.0
V006827,T006825,2025-04-19,MID,P006,2,12.0
V006828,T006828,2025-04-19,MID,P007,3,95.0
V006829,T006829,2025-04-19,MID,P063,3,45.0
V006830,T006829,2025-04-19,MID,P060,2,850.0
V006831,T006831,2025-04-19,MID,P004,1,6.0
V006832,T006832,2025-04-19,MID,P020,1,55.0
V006833,T006832,2025-04-19,MID,P023,1,40.0
V006834,T006832,2025-04-19,MID,P047,1,95.0
V006835,T006835,2025-04-19,MID,P006,1,12.0
V006836,T006836,2025-04-19,MID,P082,1,25.0
V006837,T006836,2025-04-19,MID,P030,2,180.0
V006838,T006838,2025-04-19,MID,P001,3,145.0
V006839,T006838,2025-04-19,MID,P030,1,180.0
V006840,T006840,2025-04-19,MID,P021,1,85.0
V006841,T006840,2025-04-19,MID,P023,1,40.0
V006842,T006840,2025-04-19,MID,P085,3,980.0
V006843,T006843,2025-04-19,MID,P064,2,38.0
V006844,T006843,2025-04-19,MID,P048,1,180.0
V006845,T006845,2025-04-19,MID,P042,1,28.0
V006846,T006845,2025-04-19,MID,P043,2,18.0
V006847,T006845,2025-04-19,MID,P085,3,980.0
V006848,T006848,2025-04-19,MID,P022,1,150.0
V006849,T006848,2025-04-19,MID,P023,3,40.0
V006850,T006848,2025-04-19,MID,P046,3,280.0
V006851,T006851,2025-04-19,MID,P030,1,180.0
V006852,T006852,2025-04-19,MID,P106,2,55.0
V006853,T006852,2025-04-19,MID,P001,1,145.0
V006854,T006854,2025-04-19,CHI,P026,1,65.0
V006855,T006855,2025-04-19,CHI,P021,1,85.0
V006856,T006855,2025-04-19,CHI,P023,1,40.0
V006857,T006855,2025-04-19,CHI,P028,2,180.0
V006858,T006858,2025-04-19,CHI,P042,3,28.0
V006859,T006858,2025-04-19,CHI,P043,2,18.0
V006860,T006858,2025-04-19,CHI,P045,1,45.0
V006861,T006861,2025-04-19,CHI,P081,1,65.0
V006862,T006861,2025-04-19,CHI,P060,2,850.0
V006863,T006863,2025-04-19,CHI,P006,1,12.0
V006864,T006864,2025-04-19,CHI,P063,2,45.0
V006865,T006864,2025-04-19,CHI,P060,2,850.0
V006866,T006864,2025-04-19,CHI,P003,2,8.5
V006867,T006867,2025-04-19,CHI,P001,2,145.0
V006868,T006868,2025-04-19,CHI,P105,1,145.0
V006869,T006869,2025-04-19,CHI,P085,3,980.0
V006870,T006869,2025-04-19,CHI,P021,1,85.0
V006871,T006871,2025-04-19,CHI,P048,3,180.0
V006872,T006871,2025-04-19,CHI,P063,1,45.0
V006873,T006873,2025-04-19,CHI,P063,1,45.0
V006874,T006874,2025-04-19,CHI,P030,1,180.0
V006875,T006875,2025-04-19,CHI,P100,1,1250.0
V006876,T006875,2025-04-19,CHI,P101,1,35.0
V006877,T006875,2025-04-19,CHI,P080,1,280.0
V006878,T006878,2025-04-19,CHI,P022,1,150.0
V006879,T006878,2025-04-19,CHI,P023,1,40.0
V006880,T006880,2025-04-19,CHI,P040,2,1450.0
V006881,T006880,2025-04-19,CHI,P008,1,180.0
V006882,T006882,2025-04-19,CHI,P100,1,1250.0
V006883,T006882,2025-04-19,CHI,P101,2,35.0
V006884,T006884,2025-04-19,CHI,P022,2,150.0
V006885,T006884,2025-04-19,CHI,P023,3,40.0
V006886,T006886,2025-04-19,CHI,P021,1,85.0
V006887,T006887,2025-04-19,CDMX,P005,2,65.0
V006888,T006887,2025-04-19,CDMX,P082,1,25.0
V006889,T006889,2025-04-19,CDMX,P042,1,28.0
V006890,T006890,2025-04-19,CDMX,P005,1,65.0
V006891,T006891,2025-04-19,CDMX,P021,1,85.0
V006892,T006891,2025-04-19,CDMX,P023,1,40.0
V006893,T006891,2025-04-19,CDMX,P028,2,180.0
V006894,T006894,2025-04-19,CDMX,P025,1,35.0
V006895,T006895,2025-04-19,CDMX,P045,2,45.0
V006896,T006895,2025-04-19,CDMX,P101,2,35.0
V006897,T006897,2025-04-19,CDMX,P061,1,165.0
V006898,T006897,2025-04-19,CDMX,P086,1,650.0
V006899,T006899,2025-04-19,CDMX,P064,1,38.0
V006900,T006899,2025-04-19,CDMX,P061,1,165.0
V006901,T006899,2025-04-19,CDMX,P028,2,180.0
V006902,T006902,2025-04-19,CDMX,P012,3,980.0
V006903,T006903,2025-04-19,CDMX,P063,1,45.0
V006904,T006903,2025-04-19,CDMX,P060,2,850.0
V006905,T006903,2025-04-19,CDMX,P012,2,980.0
V006906,T006906,2025-04-19,CDMX,P084,1,18.0
V006907,T006907,2025-04-19,CDMX,P008,1,180.0
V006908,T006907,2025-04-19,CDMX,P028,1,180.0
V006909,T006909,2025-04-19,CDMX,P062,3,320.0
V006910,T006909,2025-04-19,CDMX,P012,1,980.0
V006911,T006911,2025-04-19,MTY,P065,1,30.0
V006912,T006912,2025-04-19,MTY,P100,2,1250.0
V006913,T006912,2025-04-19,MTY,P102,2,45.0
V006914,T006914,2025-04-19,MTY,P086,1,650.0
V006915,T006914,2025-04-19,MTY,P028,2,180.0
V006916,T006916,2025-04-19,MTY,P021,1,85.0
V006917,T006916,2025-04-19,MTY,P023,2,40.0
V006918,T006918,2025-04-19,MTY,P006,2,12.0
V006919,T006919,2025-04-19,MTY,P046,2,280.0
V006920,T006919,2025-04-19,MTY,P064,2,38.0
V006921,T006921,2025-04-19,MTY,P085,1,980.0
V006922,T006921,2025-04-19,MTY,P107,1,165.0
V006923,T006923,2025-04-19,MTY,P101,2,35.0
V006924,T006924,2025-04-19,MTY,P005,2,65.0
V006925,T006925,2025-04-20,CUN,P048,2,180.0
V006926,T006926,2025-04-20,CUN,P104,1,95.0
V006927,T006927,2025-04-20,CUN,P026,3,65.0
V006928,T006928,2025-04-20,CUN,P100,2,1250.0
V006929,T006928,2025-04-20,CUN,P102,1,45.0
V006930,T006928,2025-04-20,CUN,P064,1,38.0
V006931,T006931,2025-04-20,CUN,P100,1,1250.0
V006932,T006931,2025-04-20,CUN,P102,3,45.0
V006933,T006931,2025-04-20,CUN,P025,1,35.0
V006934,T006934,2025-04-20,CUN,P022,1,150.0
V006935,T006934,2025-04-20,CUN,P023,2,40.0
V006936,T006934,2025-04-20,CUN,P007,1,95.0
V006937,T006937,2025-04-20,CUN,P086,2,650.0
V006938,T006937,2025-04-20,CUN,P065,3,30.0
V006939,T006939,2025-04-20,CUN,P064,1,38.0
V006940,T006939,2025-04-20,CUN,P061,2,165.0
V006941,T006941,2025-04-20,CUN,P013,3,45.0
V006942,T006942,2025-04-20,CUN,P020,1,55.0
V006943,T006942,2025-04-20,CUN,P023,1,40.0
V006944,T006942,2025-04-20,CUN,P048,3,180.0
V006945,T006945,2025-04-20,CUN,P021,1,85.0
V006946,T006946,2025-04-20,CUN,P047,3,95.0
V006947,T006946,2025-04-20,CUN,P103,1,120.0
V006948,T006948,2025-04-20,CUN,P041,1,35.0
V006949,T006948,2025-04-20,CUN,P043,2,18.0
V006950,T006948,2025-04-20,CUN,P080,1,280.0
V006951,T006951,2025-04-20,CUN,P005,3,65.0
V006952,T006951,2025-04-20,CUN,P022,1,150.0
V006953,T006953,2025-04-20,CUN,P041,2,35.0
V006954,T006953,2025-04-20,CUN,P043,2,18.0
V006955,T006955,2025-04-20,CUN,P041,1,35.0
V006956,T006956,2025-04-20,CUN,P021,1,85.0
V006957,T006956,2025-04-20,CUN,P006,3,12.0
V006958,T006958,2025-04-20,MID,P006,3,12.0
V006959,T006958,2025-04-20,MID,P100,3,1250.0
V006960,T006960,2025-04-20,MID,P042,1,28.0
V006961,T006960,2025-04-20,MID,P043,2,18.0
V006962,T006960,2025-04-20,MID,P046,3,280.0
V006963,T006963,2025-04-20,MID,P020,1,55.0
V006964,T006963,2025-04-20,MID,P080,1,280.0
V006965,T006965,2025-04-20,MID,P100,1,1250.0
V006966,T006966,2025-04-20,MID,P064,1,38.0
V006967,T006966,2025-04-20,MID,P061,1,165.0
V006968,T006966,2025-04-20,MID,P011,1,210.0
V006969,T006969,2025-04-20,MID,P001,1,145.0
V006970,T006969,2025-04-20,MID,P046,2,280.0
V006971,T006971,2025-04-20,MID,P041,1,35.0
V006972,T006971,2025-04-20,MID,P065,2,30.0
V006973,T006973,2025-04-20,MID,P064,1,38.0
V006974,T006973,2025-04-20,MID,P061,2,165.0
V006975,T006975,2025-04-20,MID,P041,2,35.0
V006976,T006975,2025-04-20,MID,P005,1,65.0
V006977,T006977,2025-04-20,MID,P103,2,120.0
V006978,T006977,2025-04-20,MID,P060,2,850.0
V006979,T006979,2025-04-20,CHI,P083,3,65.0
V006980,T006979,2025-04-20,CHI,P080,1,280.0
V006981,T006981,2025-04-20,CHI,P029,2,95.0
V006982,T006981,2025-04-20,CHI,P062,1,320.0
V006983,T006983,2025-04-20,CHI,P009,2,85.0
V006984,T006984,2025-04-20,CHI,P021,1,85.0
V006985,T006984,2025-04-20,CHI,P023,1,40.0
V006986,T006984,2025-04-20,CHI,P106,2,55.0
V006987,T006987,2025-04-20,CHI,P106,3,55.0
V006988,T006988,2025-04-20,CHI,P027,3,320.0
V006989,T006988,2025-04-20,CHI,P009,2,85.0
V006990,T006990,2025-04-20,CHI,P080,1,280.0
V006991,T006991,2025-04-20,CHI,P047,2,95.0
V006992,T006992,2025-04-20,CHI,P066,2,55.0
V006993,T006992,2025-04-20,CHI,P060,1,850.0
V006994,T006994,2025-04-20,CHI,P086,1,650.0
V006995,T006994,2025-04-20,CHI,P084,3,18.0
V006996,T006996,2025-04-20,CHI,P083,2,65.0
V006997,T006996,2025-04-20,CHI,P020,1,55.0
V006998,T006998,2025-04-20,CHI,P009,1,85.0
V006999,T006999,2025-04-20,CHI,P012,3,980.0
V007000,T007000,2025-04-20,CHI,P100,1,1250.0
V007001,T007000,2025-04-20,CHI,P102,1,45.0
V007002,T007000,2025-04-20,CHI,P020,3,55.0
V007003,T007003,2025-04-20,CDMX,P063,2,45.0
V007004,T007003,2025-04-20,CDMX,P060,2,850.0
V007005,T007005,2025-04-20,CDMX,P060,3,850.0
V007006,T007005,2025-04-20,CDMX,P040,2,1450.0
V007007,T007007,2025-04-20,CDMX,P063,2,45.0
V007008,T007008,2025-04-20,CDMX,P100,3,1250.0
V007009,T007008,2025-04-20,CDMX,P101,1,35.0
V007010,T007008,2025-04-20,CDMX,P065,3,30.0
V007011,T007011,2025-04-20,CDMX,P080,1,280.0
V007012,T007011,2025-04-20,CDMX,P013,2,45.0
V007013,T007013,2025-04-20,CDMX,P024,2,6.0
V007014,T007013,2025-04-20,CDMX,P104,2,95.0
V007015,T007015,2025-04-20,CDMX,P006,1,12.0
V007016,T007015,2025-04-20,CDMX,P023,1,40.0
V007017,T007017,2025-04-20,CDMX,P063,1,45.0
V007018,T007017,2025-04-20,CDMX,P060,2,850.0
V007019,T007017,2025-04-20,CDMX,P064,1,38.0
V007020,T007020,2025-04-20,CDMX,P066,1,55.0
V007021,T007021,2025-04-20,CDMX,P105,2,145.0
V007022,T007021,2025-04-20,CDMX,P080,1,280.0
V007023,T007023,2025-04-20,CDMX,P063,2,45.0
V007024,T007023,2025-04-20,CDMX,P060,1,850.0
V007025,T007025,2025-04-20,MTY,P008,1,180.0
V007026,T007026,2025-04-20,MTY,P042,3,28.0
V007027,T007026,2025-04-20,MTY,P043,2,18.0
V007028,T007026,2025-04-20,MTY,P028,1,180.0
V007029,T007029,2025-04-20,MTY,P064,1,38.0
V007030,T007029,2025-04-20,MTY,P061,3,165.0
V007031,T007029,2025-04-20,MTY,P084,1,18.0
V007032,T007032,2025-04-20,MTY,P064,1,38.0
V007033,T007032,2025-04-20,MTY,P082,2,25.0
V007034,T007034,2025-04-20,MTY,P026,1,65.0
V007035,T007035,2025-04-20,MTY,P020,3,55.0
V007036,T007035,2025-04-20,MTY,P023,2,40.0
V007037,T007035,2025-04-20,MTY,P029,1,95.0
V007038,T007038,2025-04-20,MTY,P020,3,55.0
V007039,T007038,2025-04-20,MTY,P023,1,40.0
V007040,T007038,2025-04-20,MTY,P061,2,165.0
V007041,T007041,2025-04-20,MTY,P105,1,145.0
V007042,T007041,2025-04-20,MTY,P011,1,210.0
V007043,T007043,2025-04-20,MTY,P085,2,980.0
V007044,T007044,2025-04-20,MTY,P022,3,150.0
V007045,T007044,2025-04-20,MTY,P023,1,40.0
V007046,T007044,2025-04-20,MTY,P084,3,18.0
V007047,T007047,2025-04-20,MTY,P043,2,18.0
V007048,T007048,2025-04-20,MTY,P023,3,40.0
V007049,T007048,2025-04-20,MTY,P063,2,45.0
V007050,T007050,2025-04-20,MTY,P100,3,1250.0
V007051,T007050,2025-04-20,MTY,P101,3,35.0
V007052,T007050,2025-04-20,MTY,P106,1,55.0
V007053,T007053,2025-04-20,MTY,P042,3,28.0
V007054,T007054,2025-04-20,MTY,P021,2,85.0
V007055,T007055,2025-04-20,MTY,P063,2,45.0
V007056,T007056,2025-04-20,MTY,P100,1,1250.0
V007057,T007056,2025-04-20,MTY,P101,3,35.0
V007058,T007056,2025-04-20,MTY,P023,1,40.0
V007059,T007059,2025-04-20,MTY,P080,1,280.0
V007060,T007060,2025-04-20,MTY,P061,1,165.0
V007061,T007060,2025-04-20,MTY,P104,1,95.0
V007062,T007062,2025-04-20,MTY,P082,1,25.0
V007063,T007063,2025-04-20,MTY,P022,3,150.0
V007064,T007063,2025-04-20,MTY,P023,1,40.0
V007065,T007063,2025-04-20,MTY,P063,1,45.0
V007066,T007066,2025-04-21,CUN,P100,1,1250.0
V007067,T007066,2025-04-21,CUN,P101,1,35.0
V007068,T007068,2025-04-21,CUN,P065,3,30.0
V007069,T007068,2025-04-21,CUN,P106,1,55.0
V007070,T007070,2025-04-21,CUN,P020,2,55.0
V007071,T007071,2025-04-21,CUN,P084,1,18.0
V007072,T007071,2025-04-21,CUN,P107,1,165.0
V007073,T007073,2025-04-21,CUN,P064,1,38.0
V007074,T007073,2025-04-21,CUN,P061,3,165.0
V007075,T007075,2025-04-21,CUN,P064,2,38.0
V007076,T007075,2025-04-21,CUN,P061,3,165.0
V007077,T007077,2025-04-21,CUN,P100,1,1250.0
V007078,T007077,2025-04-21,CUN,P101,1,35.0
V007079,T007079,2025-04-21,CUN,P066,3,55.0
V007080,T007079,2025-04-21,CUN,P100,3,1250.0
V007081,T007081,2025-04-21,CUN,P041,3,35.0
V007082,T007081,2025-04-21,CUN,P043,2,18.0
V007083,T007081,2025-04-21,CUN,P011,1,210.0
V007084,T007084,2025-04-21,CUN,P013,2,45.0
V007085,T007085,2025-04-21,CUN,P001,3,145.0
V007086,T007085,2025-04-21,CUN,P085,3,980.0
V007087,T007087,2025-04-21,CUN,P103,1,120.0
V007088,T007088,2025-04-21,MID,P064,1,38.0
V007089,T007088,2025-04-21,MID,P061,2,165.0
V007090,T007088,2025-04-21,MID,P044,2,22.0
V007091,T007091,2025-04-21,MID,P020,2,55.0
V007092,T007091,2025-04-21,MID,P023,1,40.0
V007093,T007093,2025-04-21,MID,P040,1,1450.0
V007094,T007094,2025-04-21,MID,P104,2,95.0
V007095,T007094,2025-04-21,MID,P085,1,980.0
V007096,T007096,2025-04-21,MID,P100,1,1250.0
V007097,T007096,2025-04-21,MID,P101,3,35.0
V007098,T007096,2025-04-21,MID,P028,2,180.0
V007099,T007099,2025-04-21,MID,P100,3,1250.0
V007100,T007099,2025-04-21,MID,P102,1,45.0
V007101,T007101,2025-04-21,MID,P107,3,165.0
V007102,T007101,2025-04-21,MID,P081,2,65.0
V007103,T007103,2025-04-21,MID,P101,2,35.0
V007104,T007103,2025-04-21,MID,P085,2,980.0
V007105,T007105,2025-04-21,MID,P100,1,1250.0
V007106,T007105,2025-04-21,MID,P101,1,35.0
V007107,T007107,2025-04-21,MID,P041,1,35.0
V007108,T007107,2025-04-21,MID,P043,1,18.0
V007109,T007109,2025-04-21,MID,P085,3,980.0
V007110,T007110,2025-04-21,CHI,P025,2,35.0
V007111,T007110,2025-04-21,CHI,P010,3,120.0
V007112,T007112,2025-04-21,CHI,P063,3,45.0
V007113,T007112,2025-04-21,CHI,P084,3,18.0
V007114,T007114,2025-04-21,CHI,P012,1,980.0
V007115,T007115,2025-04-21,CHI,P080,2,280.0
V007116,T007116,2025-04-21,CHI,P028,2,180.0
V007117,T007116,2025-04-21,CHI,P062,1,320.0
V007118,T007118,2025-04-21,CHI,P080,2,280.0
V007119,T007119,2025-04-21,CHI,P022,2,150.0
V007120,T007119,2025-04-21,CHI,P062,1,320.0
V007121,T007121,2025-04-21,CHI,P100,1,1250.0
V007122,T007121,2025-04-21,CHI,P101,2,35.0
V007123,T007121,2025-04-21,CHI,P086,3,650.0
V007124,T007124,2025-04-21,CHI,P100,1,1250.0
V007125,T007124,2025-04-21,CHI,P102,3,45.0
V007126,T007126,2025-04-21,CDMX,P020,1,55.0
V007127,T007126,2025-04-21,CDMX,P023,1,40.0
V007128,T007128,2025-04-21,CDMX,P012,1,980.0
V007129,T007128,2025-04-21,CDMX,P004,3,6.0
V007130,T007130,2025-04-21,CDMX,P024,1,6.0
V007131,T007130,2025-04-21,CDMX,P025,2,35.0
V007132,T007132,2025-04-21,CDMX,P063,1,45.0
V007133,T007132,2025-04-21,CDMX,P060,3,850.0
V007134,T007132,2025-04-21,CDMX,P005,3,65.0
V007135,T007135,2025-04-21,CDMX,P021,1,85.0
V007136,T007135,2025-04-21,CDMX,P023,1,40.0
V007137,T007135,2025-04-21,CDMX,P065,2,30.0
V007138,T007138,2025-04-21,CDMX,P083,1,65.0
V007139,T007138,2025-04-21,CDMX,P029,2,95.0
V007140,T007140,2025-04-21,CDMX,P006,2,12.0
V007141,T007141,2025-04-21,CDMX,P020,2,55.0
V007142,T007142,2025-04-21,CDMX,P029,1,95.0
V007143,T007143,2025-04-21,CDMX,P001,1,145.0
V007144,T007144,2025-04-21,CDMX,P064,3,38.0
V007145,T007144,2025-04-21,CDMX,P061,1,165.0
V007146,T007146,2025-04-21,CDMX,P100,1,1250.0
V007147,T007146,2025-04-21,CDMX,P101,1,35.0
V007148,T007146,2025-04-21,CDMX,P065,1,30.0
V007149,T007149,2025-04-21,CDMX,P041,3,35.0
V007150,T007149,2025-04-21,CDMX,P043,2,18.0
V007151,T007151,2025-04-21,CDMX,P066,3,55.0
V007152,T007151,2025-04-21,CDMX,P044,2,22.0
V007153,T007153,2025-04-21,CDMX,P085,2,980.0
V007154,T007153,2025-04-21,CDMX,P029,1,95.0
V007155,T007155,2025-04-21,CDMX,P022,3,150.0
V007156,T007155,2025-04-21,CDMX,P023,1,40.0
V007157,T007155,2025-04-21,CDMX,P062,2,320.0
V007158,T007158,2025-04-21,MTY,P060,2,850.0
V007159,T007159,2025-04-21,MTY,P042,1,28.0
V007160,T007159,2025-04-21,MTY,P086,3,650.0
V007161,T007161,2025-04-21,MTY,P084,1,18.0
V007162,T007162,2025-04-21,MTY,P021,2,85.0
V007163,T007162,2025-04-21,MTY,P023,1,40.0
V007164,T007164,2025-04-21,MTY,P020,3,55.0
V007165,T007164,2025-04-21,MTY,P023,3,40.0
V007166,T007166,2025-04-21,MTY,P080,1,280.0
V007167,T007166,2025-04-21,MTY,P020,1,55.0
V007168,T007168,2025-04-21,MTY,P021,1,85.0
V007169,T007168,2025-04-21,MTY,P023,2,40.0
V007170,T007168,2025-04-21,MTY,P002,2,180.0
V007171,T007171,2025-04-21,MTY,P042,2,28.0
V007172,T007171,2025-04-21,MTY,P043,1,18.0
V007173,T007173,2025-04-21,MTY,P085,2,980.0
V007174,T007173,2025-04-21,MTY,P009,2,85.0
V007175,T007175,2025-04-21,MTY,P013,2,45.0
V007176,T007175,2025-04-21,MTY,P024,2,6.0
V007177,T007177,2025-04-21,MTY,P026,1,65.0
V007178,T007178,2025-04-21,MTY,P006,2,12.0
V007179,T007179,2025-04-21,MTY,P003,1,8.5
V007180,T007179,2025-04-21,MTY,P026,2,65.0
V007181,T007181,2025-04-22,CUN,P006,2,12.0
V007182,T007181,2025-04-22,CUN,P046,1,280.0
V007183,T007183,2025-04-22,CUN,P066,1,55.0
V007184,T007183,2025-04-22,CUN,P040,1,1450.0
V007185,T007185,2025-04-22,CUN,P063,1,45.0
V007186,T007186,2025-04-22,CUN,P040,3,1450.0
V007187,T007186,2025-04-22,CUN,P022,1,150.0
V007188,T007188,2025-04-22,CUN,P086,1,650.0
V007189,T007188,2025-04-22,CUN,P027,1,320.0
V007190,T007190,2025-04-22,CUN,P045,1,45.0
V007191,T007190,2025-04-22,CUN,P022,1,150.0
V007192,T007192,2025-04-22,CUN,P107,2,165.0
V007193,T007192,2025-04-22,CUN,P025,2,35.0
V007194,T007194,2025-04-22,CUN,P106,1,55.0
V007195,T007195,2025-04-22,CUN,P029,2,95.0
V007196,T007196,2025-04-22,CUN,P022,1,150.0
V007197,T007196,2025-04-22,CUN,P027,1,320.0
V007198,T007198,2025-04-22,CUN,P026,1,65.0
V007199,T007199,2025-04-22,MID,P066,2,55.0
V007200,T007199,2025-04-22,MID,P046,2,280.0
V007201,T007201,2025-04-22,MID,P041,1,35.0
V007202,T007201,2025-04-22,MID,P043,1,18.0
V007203,T007203,2025-04-22,MID,P025,2,35.0
V007204,T007203,2025-04-22,MID,P086,1,650.0
V007205,T007205,2025-04-22,MID,P100,2,1250.0
V007206,T007205,2025-04-22,MID,P102,1,45.0
V007207,T007205,2025-04-22,MID,P022,2,150.0
V007208,T007208,2025-04-22,MID,P065,3,30.0
V007209,T007209,2025-04-22,MID,P063,2,45.0
V007210,T007210,2025-04-22,MID,P060,1,850.0
V007211,T007211,2025-04-22,MID,P022,2,150.0
V007212,T007211,2025-04-22,MID,P023,2,40.0
V007213,T007211,2025-04-22,MID,P001,1,145.0
V007214,T007214,2025-04-22,MID,P022,1,150.0
V007215,T007214,2025-04-22,MID,P023,2,40.0
V007216,T007214,2025-04-22,MID,P042,1,28.0
V007217,T007217,2025-04-22,MID,P100,3,1250.0
V007218,T007217,2025-04-22,MID,P102,2,45.0
V007219,T007217,2025-04-22,MID,P024,1,6.0
V007220,T007220,2025-04-22,MID,P022,1,150.0
V007221,T007220,2025-04-22,MID,P023,1,40.0
V007222,T007222,2025-04-22,MID,P020,1,55.0
V007223,T007222,2025-04-22,MID,P023,2,40.0
V007224,T007222,2025-04-22,MID,P046,1,280.0
V007225,T007225,2025-04-22,MID,P041,1,35.0
V007226,T007225,2025-04-22,MID,P043,1,18.0
V007227,T007227,2025-04-22,MID,P029,1,95.0
V007228,T007227,2025-04-22,MID,P080,3,280.0
V007229,T007229,2025-04-22,MID,P028,1,180.0
V007230,T007230,2025-04-22,MID,P065,1,30.0
V007231,T007230,2025-04-22,MID,P027,3,320.0
V007232,T007232,2025-04-22,MID,P046,2,280.0
V007233,T007233,2025-04-22,MID,P104,1,95.0
V007234,T007233,2025-04-22,MID,P046,1,280.0
V007235,T007235,2025-04-22,MID,P063,1,45.0
V007236,T007235,2025-04-22,MID,P060,1,850.0
V007237,T007237,2025-04-22,MID,P041,1,35.0
V007238,T007237,2025-04-22,MID,P006,2,12.0
V007239,T007239,2025-04-22,CHI,P006,1,12.0
V007240,T007240,2025-04-22,CHI,P011,3,210.0
V007241,T007241,2025-04-22,CHI,P041,1,35.0
V007242,T007241,2025-04-22,CHI,P043,1,18.0
V007243,T007241,2025-04-22,CHI,P040,2,1450.0
V007244,T007244,2025-04-22,CHI,P021,2,85.0
V007245,T007244,2025-04-22,CHI,P023,3,40.0
V007246,T007244,2025-04-22,CHI,P020,2,55.0
V007247,T007247,2025-04-22,CHI,P080,3,280.0
V007248,T007247,2025-04-22,CHI,P082,1,25.0
V007249,T007249,2025-04-22,CHI,P010,1,120.0
V007250,T007250,2025-04-22,CHI,P001,3,145.0
V007251,T007251,2025-04-22,CHI,P100,2,1250.0
V007252,T007251,2025-04-22,CHI,P101,1,35.0
V007253,T007251,2025-04-22,CHI,P024,1,6.0
V007254,T007254,2025-04-22,CHI,P026,1,65.0
V007255,T007254,2025-04-22,CHI,P025,1,35.0
V007256,T007256,2025-04-22,CHI,P103,1,120.0
V007257,T007257,2025-04-22,CHI,P100,1,1250.0
V007258,T007257,2025-04-22,CHI,P102,2,45.0
V007259,T007259,2025-04-22,CHI,P005,3,65.0
V007260,T007260,2025-04-22,CHI,P101,2,35.0
V007261,T007260,2025-04-22,CHI,P013,1,45.0
V007262,T007262,2025-04-22,CHI,P021,1,85.0
V007263,T007262,2025-04-22,CHI,P001,2,145.0
V007264,T007264,2025-04-22,CHI,P007,1,95.0
V007265,T007264,2025-04-22,CHI,P101,1,35.0
V007266,T007266,2025-04-22,CHI,P042,3,28.0
V007267,T007266,2025-04-22,CHI,P043,3,18.0
V007268,T007266,2025-04-22,CHI,P029,1,95.0
V007269,T007269,2025-04-22,CDMX,P103,1,120.0
V007270,T007269,2025-04-22,CDMX,P104,2,95.0
V007271,T007271,2025-04-22,CDMX,P010,2,120.0
V007272,T007272,2025-04-22,CDMX,P101,1,35.0
V007273,T007273,2025-04-22,CDMX,P004,1,6.0
V007274,T007273,2025-04-22,CDMX,P061,1,165.0
V007275,T007275,2025-04-22,CDMX,P022,3,150.0
V007276,T007275,2025-04-22,CDMX,P023,2,40.0
V007277,T007277,2025-04-22,CDMX,P023,1,40.0
V007278,T007278,2025-04-22,CDMX,P041,1,35.0
V007279,T007278,2025-04-22,CDMX,P043,1,18.0
V007280,T007278,2025-04-22,CDMX,P103,1,120.0
V007281,T007281,2025-04-22,CDMX,P045,2,45.0
V007282,T007281,2025-04-22,CDMX,P106,3,55.0
V007283,T007283,2025-04-22,CDMX,P102,1,45.0
V007284,T007283,2025-04-22,CDMX,P040,1,1450.0
V007285,T007285,2025-04-22,CDMX,P009,1,85.0
V007286,T007285,2025-04-22,CDMX,P101,2,35.0
V007287,T007287,2025-04-22,CDMX,P086,3,650.0
V007288,T007288,2025-04-22,CDMX,P045,1,45.0
V007289,T007289,2025-04-22,CDMX,P046,3,280.0
V007290,T007290,2025-04-22,CDMX,P105,2,145.0
V007291,T007290,2025-04-22,CDMX,P007,1,95.0
V007292,T007292,2025-04-22,CDMX,P004,1,6.0
V007293,T007292,2025-04-22,CDMX,P061,2,165.0
V007294,T007294,2025-04-22,CDMX,P044,3,22.0
V007295,T007294,2025-04-22,CDMX,P063,1,45.0
V007296,T007296,2025-04-22,CDMX,P021,1,85.0
V007297,T007296,2025-04-22,CDMX,P023,2,40.0
V007298,T007296,2025-04-22,CDMX,P025,3,35.0
V007299,T007299,2025-04-22,CDMX,P064,1,38.0
V007300,T007299,2025-04-22,CDMX,P061,3,165.0
V007301,T007301,2025-04-22,MTY,P086,1,650.0
V007302,T007302,2025-04-22,MTY,P080,1,280.0
V007303,T007302,2025-04-22,MTY,P047,1,95.0
V007304,T007304,2025-04-22,MTY,P021,2,85.0
V007305,T007304,2025-04-22,MTY,P023,2,40.0
V007306,T007304,2025-04-22,MTY,P004,2,6.0
V007307,T007307,2025-04-22,MTY,P063,2,45.0
V007308,T007307,2025-04-22,MTY,P060,2,850.0
V007309,T007309,2025-04-22,MTY,P100,3,1250.0
V007310,T007310,2025-04-22,MTY,P005,2,65.0
V007311,T007310,2025-04-22,MTY,P004,1,6.0
V007312,T007312,2025-04-22,MTY,P104,1,95.0
V007313,T007313,2025-04-22,MTY,P029,2,95.0
V007314,T007313,2025-04-22,MTY,P106,1,55.0
V007315,T007315,2025-04-22,MTY,P012,3,980.0
V007316,T007316,2025-04-22,MTY,P101,1,35.0
V007317,T007316,2025-04-22,MTY,P007,1,95.0
V007318,T007318,2025-04-22,MTY,P040,1,1450.0
V007319,T007319,2025-04-22,MTY,P100,1,1250.0
V007320,T007319,2025-04-22,MTY,P101,1,35.0
V007321,T007319,2025-04-22,MTY,P002,1,180.0
V007322,T007322,2025-04-23,CUN,P082,1,25.0
V007323,T007323,2025-04-23,CUN,P081,1,65.0
V007324,T007323,2025-04-23,CUN,P105,3,145.0
V007325,T007325,2025-04-23,CUN,P084,1,18.0
V007326,T007326,2025-04-23,CUN,P042,1,28.0
V007327,T007326,2025-04-23,CUN,P043,1,18.0
V007328,T007326,2025-04-23,CUN,P030,2,180.0
V007329,T007329,2025-04-23,CUN,P047,2,95.0
V007330,T007330,2025-04-23,CUN,P001,1,145.0
V007331,T007330,2025-04-23,CUN,P002,1,180.0
V007332,T007332,2025-04-23,CUN,P066,2,55.0
V007333,T007333,2025-04-23,CUN,P005,1,65.0
V007334,T007334,2025-04-23,CUN,P100,1,1250.0
V007335,T007334,2025-04-23,CUN,P101,2,35.0
V007336,T007334,2025-04-23,CUN,P047,2,95.0
V007337,T007337,2025-04-23,MID,P011,2,210.0
V007338,T007338,2025-04-23,MID,P042,2,28.0
V007339,T007338,2025-04-23,MID,P021,2,85.0
V007340,T007340,2025-04-23,MID,P022,1,150.0
V007341,T007340,2025-04-23,MID,P023,1,40.0
V007342,T007340,2025-04-23,MID,P027,2,320.0
V007343,T007343,2025-04-23,MID,P064,2,38.0
V007344,T007343,2025-04-23,MID,P061,1,165.0
V007345,T007343,2025-04-23,MID,P006,1,12.0
V007346,T007346,2025-04-23,MID,P063,1,45.0
V007347,T007347,2025-04-23,MID,P042,2,28.0
V007348,T007347,2025-04-23,MID,P043,1,18.0
V007349,T007347,2025-04-23,MID,P027,1,320.0
V007350,T007350,2025-04-23,MID,P063,2,45.0
V007351,T007350,2025-04-23,MID,P060,2,850.0
V007352,T007352,2025-04-23,MID,P041,1,35.0
V007353,T007352,2025-04-23,MID,P043,3,18.0
V007354,T007352,2025-04-23,MID,P064,2,38.0
V007355,T007355,2025-04-23,MID,P042,1,28.0
V007356,T007355,2025-04-23,MID,P043,1,18.0
V007357,T007357,2025-04-23,MID,P005,2,65.0
V007358,T007357,2025-04-23,MID,P022,1,150.0
V007359,T007359,2025-04-23,MID,P062,3,320.0
V007360,T007359,2025-04-23,MID,P021,1,85.0
V007361,T007361,2025-04-23,MID,P100,1,1250.0
V007362,T007361,2025-04-23,MID,P102,1,45.0
V007363,T007363,2025-04-23,MID,P100,1,1250.0
V007364,T007363,2025-04-23,MID,P102,3,45.0
V007365,T007365,2025-04-23,MID,P005,1,65.0
V007366,T007366,2025-04-23,MID,P022,1,150.0
V007367,T007366,2025-04-23,MID,P023,1,40.0
V007368,T007366,2025-04-23,MID,P084,3,18.0
V007369,T007369,2025-04-23,MID,P021,2,85.0
V007370,T007369,2025-04-23,MID,P023,1,40.0
V007371,T007371,2025-04-23,MID,P061,2,165.0
V007372,T007371,2025-04-23,MID,P044,1,22.0
V007373,T007373,2025-04-23,MID,P007,1,95.0
V007374,T007374,2025-04-23,CHI,P100,2,1250.0
V007375,T007374,2025-04-23,CHI,P102,1,45.0
V007376,T007376,2025-04-23,CHI,P101,1,35.0
V007377,T007376,2025-04-23,CHI,P086,1,650.0
V007378,T007378,2025-04-23,CHI,P012,2,980.0
V007379,T007379,2025-04-23,CHI,P047,1,95.0
V007380,T007379,2025-04-23,CHI,P044,1,22.0
V007381,T007381,2025-04-23,CHI,P102,2,45.0
V007382,T007382,2025-04-23,CHI,P025,2,35.0
V007383,T007383,2025-04-23,CHI,P102,2,45.0
V007384,T007384,2025-04-23,CHI,P009,1,85.0
V007385,T007384,2025-04-23,CHI,P062,2,320.0
V007386,T007386,2025-04-23,CHI,P064,1,38.0
V007387,T007386,2025-04-23,CHI,P061,1,165.0
V007388,T007388,2025-04-23,CHI,P020,1,55.0
V007389,T007388,2025-04-23,CHI,P023,1,40.0
V007390,T007388,2025-04-23,CHI,P005,2,65.0
V007391,T007391,2025-04-23,CHI,P041,1,35.0
V007392,T007391,2025-04-23,CHI,P043,1,18.0
V007393,T007393,2025-04-23,CHI,P048,2,180.0
V007394,T007394,2025-04-23,CHI,P084,1,18.0
V007395,T007395,2025-04-23,CHI,P066,2,55.0
V007396,T007395,2025-04-23,CHI,P086,2,650.0
V007397,T007397,2025-04-23,CHI,P066,1,55.0
V007398,T007397,2025-04-23,CHI,P064,3,38.0
V007399,T007399,2025-04-23,CHI,P041,1,35.0
V007400,T007399,2025-04-23,CHI,P043,1,18.0
V007401,T007399,2025-04-23,CHI,P045,2,45.0
V007402,T007402,2025-04-23,CDMX,P002,1,180.0
V007403,T007402,2025-04-23,CDMX,P028,3,180.0
V007404,T007404,2025-04-23,CDMX,P063,1,45.0
V007405,T007404,2025-04-23,CDMX,P060,1,850.0
V007406,T007404,2025-04-23,CDMX,P028,1,180.0
V007407,T007407,2025-04-23,CDMX,P027,1,320.0
V007408,T007408,2025-04-23,CDMX,P100,2,1250.0
V007409,T007408,2025-04-23,CDMX,P102,3,45.0
V007410,T007410,2025-04-23,CDMX,P063,1,45.0
V007411,T007410,2025-04-23,CDMX,P060,2,850.0
V007412,T007412,2025-04-23,CDMX,P066,2,55.0
V007413,T007412,2025-04-23,CDMX,P081,1,65.0
V007414,T007414,2025-04-23,CDMX,P064,2,38.0
V007415,T007414,2025-04-23,CDMX,P061,1,165.0
V007416,T007416,2025-04-23,CDMX,P101,1,35.0
V007417,T007416,2025-04-23,CDMX,P020,1,55.0
V007418,T007418,2025-04-23,CDMX,P020,2,55.0
V007419,T007419,2025-04-23,CDMX,P040,1,1450.0
V007420,T007420,2025-04-23,CDMX,P100,2,1250.0
V007421,T007420,2025-04-23,CDMX,P101,1,35.0
V007422,T007420,2025-04-23,CDMX,P066,3,55.0
V007423,T007423,2025-04-23,CDMX,P100,2,1250.0
V007424,T007423,2025-04-23,CDMX,P102,1,45.0
V007425,T007425,2025-04-23,CDMX,P001,1,145.0
V007426,T007425,2025-04-23,CDMX,P025,1,35.0
V007427,T007427,2025-04-23,CDMX,P013,1,45.0
V007428,T007427,2025-04-23,CDMX,P043,1,18.0
V007429,T007429,2025-04-23,MTY,P022,2,150.0
V007430,T007429,2025-04-23,MTY,P023,3,40.0
V007431,T007429,2025-04-23,MTY,P044,1,22.0
V007432,T007432,2025-04-23,MTY,P022,1,150.0
V007433,T007432,2025-04-23,MTY,P023,2,40.0
V007434,T007432,2025-04-23,MTY,P048,2,180.0
V007435,T007435,2025-04-23,MTY,P020,2,55.0
V007436,T007435,2025-04-23,MTY,P023,2,40.0
V007437,T007435,2025-04-23,MTY,P102,1,45.0
V007438,T007438,2025-04-23,MTY,P043,3,18.0
V007439,T007439,2025-04-23,MTY,P002,2,180.0
V007440,T007440,2025-04-23,MTY,P107,1,165.0
V007441,T007441,2025-04-23,MTY,P021,2,85.0
V007442,T007441,2025-04-23,MTY,P023,2,40.0
V007443,T007443,2025-04-23,MTY,P042,3,28.0
V007444,T007443,2025-04-23,MTY,P103,1,120.0
V007445,T007445,2025-04-23,MTY,P080,1,280.0
V007446,T007446,2025-04-23,MTY,P100,3,1250.0
V007447,T007446,2025-04-23,MTY,P101,3,35.0
V007448,T007446,2025-04-23,MTY,P063,1,45.0
V007449,T007449,2025-04-23,MTY,P040,2,1450.0
V007450,T007449,2025-04-23,MTY,P105,2,145.0
V007451,T007451,2025-04-23,MTY,P005,1,65.0
V007452,T007452,2025-04-23,MTY,P100,2,1250.0
V007453,T007452,2025-04-23,MTY,P101,2,35.0
V007454,T007452,2025-04-23,MTY,P060,1,850.0
V007455,T007455,2025-04-23,MTY,P041,3,35.0
V007456,T007455,2025-04-23,MTY,P043,2,18.0
V007457,T007457,2025-04-23,MTY,P001,3,145.0
V007458,T007458,2025-04-23,MTY,P022,2,150.0
V007459,T007458,2025-04-23,MTY,P023,1,40.0
V007460,T007460,2025-04-23,MTY,P080,2,280.0
V007461,T007461,2025-04-23,MTY,P026,2,65.0
V007462,T007461,2025-04-23,MTY,P029,2,95.0
V007463,T007463,2025-04-23,MTY,P062,2,320.0
V007464,T007463,2025-04-23,MTY,P081,1,65.0
V007465,T007465,2025-04-23,MTY,P047,2,95.0
V007466,T007465,2025-04-23,MTY,P028,2,180.0
V007467,T007467,2025-04-23,MTY,P042,2,28.0
V007468,T007467,2025-04-23,MTY,P043,2,18.0
V007469,T007469,2025-04-23,MTY,P008,2,180.0
V007470,T007469,2025-04-23,MTY,P020,2,55.0
V007471,T007471,2025-04-24,CUN,P064,2,38.0
V007472,T007471,2025-04-24,CUN,P061,2,165.0
V007473,T007473,2025-04-24,CUN,P064,1,38.0
V007474,T007473,2025-04-24,CUN,P061,1,165.0
V007475,T007473,2025-04-24,CUN,P046,1,280.0
V007476,T007476,2025-04-24,CUN,P022,2,150.0
V007477,T007476,2025-04-24,CUN,P023,2,40.0
V007478,T007478,2025-04-24,CUN,P027,1,320.0
V007479,T007479,2025-04-24,CUN,P003,2,8.5
V007480,T007479,2025-04-24,CUN,P010,1,120.0
V007481,T007481,2025-04-24,CUN,P012,1,980.0
V007482,T007481,2025-04-24,CUN,P046,2,280.0
V007483,T007483,2025-04-24,CUN,P029,1,95.0
V007484,T007484,2025-04-24,CUN,P100,1,1250.0
V007485,T007484,2025-04-24,CUN,P102,3,45.0
V007486,T007486,2025-04-24,CUN,P028,2,180.0
V007487,T007486,2025-04-24,CUN,P060,2,850.0
V007488,T007488,2025-04-24,CUN,P100,1,1250.0
V007489,T007488,2025-04-24,CUN,P101,2,35.0
V007490,T007488,2025-04-24,CUN,P085,1,980.0
V007491,T007491,2025-04-24,CUN,P007,1,95.0
V007492,T007491,2025-04-24,CUN,P105,1,145.0
V007493,T007493,2025-04-24,CUN,P041,2,35.0
V007494,T007493,2025-04-24,CUN,P043,3,18.0
V007495,T007493,2025-04-24,CUN,P027,2,320.0
V007496,T007496,2025-04-24,CUN,P063,1,45.0
V007497,T007496,2025-04-24,CUN,P060,1,850.0
V007498,T007498,2025-04-24,CUN,P006,1,12.0
V007499,T007499,2025-04-24,CUN,P061,1,165.0
V007500,T007500,2025-04-24,CUN,P063,3,45.0
V007501,T007500,2025-04-24,CUN,P066,1,55.0
V007502,T007502,2025-04-24,CUN,P060,3,850.0
V007503,T007502,2025-04-24,CUN,P030,1,180.0
V007504,T007504,2025-04-24,CUN,P041,1,35.0
V007505,T007504,2025-04-24,CUN,P043,1,18.0
V007506,T007504,2025-04-24,CUN,P100,1,1250.0
V007507,T007507,2025-04-24,MID,P026,1,65.0
V007508,T007508,2025-04-24,MID,P020,1,55.0
V007509,T007508,2025-04-24,MID,P023,2,40.0
V007510,T007508,2025-04-24,MID,P024,2,6.0
V007511,T007511,2025-04-24,MID,P041,1,35.0
V007512,T007512,2025-04-24,MID,P020,1,55.0
V007513,T007512,2025-04-24,MID,P023,1,40.0
V007514,T007512,2025-04-24,MID,P080,1,280.0
V007515,T007515,2025-04-24,MID,P066,2,55.0
V007516,T007516,2025-04-24,MID,P064,1,38.0
V007517,T007516,2025-04-24,MID,P061,1,165.0
V007518,T007518,2025-04-24,MID,P020,3,55.0
V007519,T007518,2025-04-24,MID,P023,3,40.0
V007520,T007518,2025-04-24,MID,P022,3,150.0
V007521,T007521,2025-04-24,MID,P020,2,55.0
V007522,T007521,2025-04-24,MID,P023,1,40.0
V007523,T007521,2025-04-24,MID,P026,2,65.0
V007524,T007524,2025-04-24,MID,P063,2,45.0
V007525,T007524,2025-04-24,MID,P060,1,850.0
V007526,T007524,2025-04-24,MID,P022,1,150.0
V007527,T007527,2025-04-24,MID,P041,1,35.0
V007528,T007527,2025-04-24,MID,P043,1,18.0
V007529,T007529,2025-04-24,MID,P006,1,12.0
V007530,T007530,2025-04-24,MID,P063,2,45.0
V007531,T007530,2025-04-24,MID,P060,1,850.0
V007532,T007530,2025-04-24,MID,P012,1,980.0
V007533,T007533,2025-04-24,CHI,P022,1,150.0
V007534,T007533,2025-04-24,CHI,P023,1,40.0
V007535,T007535,2025-04-24,CHI,P102,3,45.0
V007536,T007535,2025-04-24,CHI,P103,1,120.0
V007537,T007537,2025-04-24,CHI,P045,1,45.0
V007538,T007537,2025-04-24,CHI,P029,2,95.0
V007539,T007539,2025-04-24,CHI,P086,1,650.0
V007540,T007539,2025-04-24,CHI,P028,3,180.0
V007541,T007541,2025-04-24,CHI,P062,3,320.0
V007542,T007541,2025-04-24,CHI,P012,1,980.0
V007543,T007543,2025-04-24,CHI,P063,1,45.0
V007544,T007543,2025-04-24,CHI,P060,2,850.0
V007545,T007543,2025-04-24,CHI,P086,1,650.0
V007546,T007546,2025-04-24,CHI,P027,2,320.0
V007547,T007546,2025-04-24,CHI,P060,1,850.0
V007548,T007548,2025-04-24,CHI,P020,3,55.0
V007549,T007548,2025-04-24,CHI,P023,1,40.0
V007550,T007550,2025-04-24,CHI,P006,2,12.0
V007551,T007550,2025-04-24,CHI,P025,1,35.0
V007552,T007552,2025-04-24,CHI,P080,1,280.0
V007553,T007552,2025-04-24,CHI,P081,2,65.0
V007554,T007554,2025-04-24,CHI,P086,3,650.0
V007555,T007555,2025-04-24,CHI,P100,3,1250.0
V007556,T007555,2025-04-24,CHI,P101,2,35.0
V007557,T007555,2025-04-24,CHI,P047,2,95.0
V007558,T007558,2025-04-24,CHI,P042,2,28.0
V007559,T007558,2025-04-24,CHI,P043,1,18.0
V007560,T007560,2025-04-24,CHI,P041,1,35.0
V007561,T007560,2025-04-24,CHI,P043,1,18.0
V007562,T007560,2025-04-24,CHI,P044,1,22.0
V007563,T007563,2025-04-24,CHI,P042,3,28.0
V007564,T007563,2025-04-24,CHI,P082,1,25.0
V007565,T007565,2025-04-24,CHI,P100,1,1250.0
V007566,T007565,2025-04-24,CHI,P102,2,45.0
V007567,T007567,2025-04-24,CHI,P048,1,180.0
V007568,T007567,2025-04-24,CHI,P044,2,22.0
V007569,T007569,2025-04-24,CHI,P022,1,150.0
V007570,T007569,2025-04-24,CHI,P023,1,40.0
V007571,T007569,2025-04-24,CHI,P040,2,1450.0
V007572,T007572,2025-04-24,CHI,P027,1,320.0
V007573,T007573,2025-04-24,CDMX,P042,1,28.0
V007574,T007573,2025-04-24,CDMX,P043,1,18.0
V007575,T007573,2025-04-24,CDMX,P086,3,650.0
V007576,T007576,2025-04-24,CDMX,P100,1,1250.0
V007577,T007576,2025-04-24,CDMX,P102,1,45.0
V007578,T007576,2025-04-24,CDMX,P043,2,18.0
V007579,T007579,2025-04-24,CDMX,P013,2,45.0
V007580,T007579,2025-04-24,CDMX,P100,1,1250.0
V007581,T007581,2025-04-24,CDMX,P044,1,22.0
V007582,T007582,2025-04-24,CDMX,P041,1,35.0
V007583,T007583,2025-04-24,CDMX,P021,2,85.0
V007584,T007583,2025-04-24,CDMX,P028,2,180.0
V007585,T007585,2025-04-24,CDMX,P040,2,1450.0
V007586,T007586,2025-04-24,CDMX,P063,2,45.0
V007587,T007586,2025-04-24,CDMX,P060,1,850.0
V007588,T007586,2025-04-24,CDMX,P048,3,180.0
V007589,T007589,2025-04-24,CDMX,P020,2,55.0
V007590,T007589,2025-04-24,CDMX,P023,1,40.0
V007591,T007591,2025-04-24,CDMX,P063,3,45.0
V007592,T007591,2025-04-24,CDMX,P102,3,45.0
V007593,T007593,2025-04-24,MTY,P021,2,85.0
V007594,T007593,2025-04-24,MTY,P023,3,40.0
V007595,T007595,2025-04-24,MTY,P025,1,35.0
V007596,T007595,2025-04-24,MTY,P024,3,6.0
V007597,T007597,2025-04-24,MTY,P102,2,45.0
V007598,T007598,2025-04-24,MTY,P106,3,55.0
V007599,T007599,2025-04-24,MTY,P030,1,180.0
V007600,T007599,2025-04-24,MTY,P046,2,280.0
V007601,T007601,2025-04-24,MTY,P063,1,45.0
V007602,T007601,2025-04-24,MTY,P060,2,850.0
V007603,T007603,2025-04-24,MTY,P106,1,55.0
V007604,T007604,2025-04-24,MTY,P100,2,1250.0
V007605,T007604,2025-04-24,MTY,P101,3,35.0
V007606,T007606,2025-04-24,MTY,P082,3,25.0
V007607,T007607,2025-04-24,MTY,P105,1,145.0
V007608,T007607,2025-04-24,MTY,P044,3,22.0
V007609,T007609,2025-04-24,MTY,P044,2,22.0
V007610,T007610,2025-04-24,MTY,P063,2,45.0
V007611,T007610,2025-04-24,MTY,P060,1,850.0
V007612,T007612,2025-04-24,MTY,P023,1,40.0
V007613,T007613,2025-04-25,CUN,P041,1,35.0
V007614,T007613,2025-04-25,CUN,P043,2,18.0
V007615,T007613,2025-04-25,CUN,P066,2,55.0
V007616,T007616,2025-04-25,CUN,P007,3,95.0
V007617,T007616,2025-04-25,CUN,P064,1,38.0
V007618,T007618,2025-04-25,CUN,P100,2,1250.0
V007619,T007618,2025-04-25,CUN,P102,1,45.0
V007620,T007618,2025-04-25,CUN,P030,1,180.0
V007621,T007621,2025-04-25,CUN,P066,2,55.0
V007622,T007622,2025-04-25,CUN,P006,2,12.0
V007623,T007622,2025-04-25,CUN,P102,1,45.0
V007624,T007624,2025-04-25,CUN,P002,2,180.0
V007625,T007625,2025-04-25,CUN,P106,3,55.0
V007626,T007626,2025-04-25,CUN,P106,1,55.0
V007627,T007626,2025-04-25,CUN,P041,1,35.0
V007628,T007628,2025-04-25,CUN,P100,2,1250.0
V007629,T007628,2025-04-25,CUN,P102,2,45.0
V007630,T007630,2025-04-25,CUN,P063,1,45.0
V007631,T007630,2025-04-25,CUN,P060,3,850.0
V007632,T007630,2025-04-25,CUN,P084,2,18.0
V007633,T007633,2025-04-25,CUN,P002,2,180.0
V007634,T007634,2025-04-25,CUN,P001,3,145.0
V007635,T007635,2025-04-25,CUN,P022,1,150.0
V007636,T007635,2025-04-25,CUN,P023,3,40.0
V007637,T007637,2025-04-25,CUN,P008,2,180.0
V007638,T007638,2025-04-25,CUN,P041,2,35.0
V007639,T007638,2025-04-25,CUN,P043,1,18.0
V007640,T007640,2025-04-25,CUN,P046,1,280.0
V007641,T007640,2025-04-25,CUN,P048,1,180.0
V007642,T007642,2025-04-25,CUN,P064,2,38.0
V007643,T007642,2025-04-25,CUN,P061,1,165.0
V007644,T007642,2025-04-25,CUN,P005,2,65.0
V007645,T007645,2025-04-25,CUN,P107,1,165.0
V007646,T007646,2025-04-25,CUN,P063,1,45.0
V007647,T007646,2025-04-25,CUN,P060,3,850.0
V007648,T007646,2025-04-25,CUN,P010,2,120.0
V007649,T007649,2025-04-25,CUN,P021,3,85.0
V007650,T007649,2025-04-25,CUN,P023,2,40.0
V007651,T007651,2025-04-25,MID,P064,1,38.0
V007652,T007651,2025-04-25,MID,P061,3,165.0
V007653,T007651,2025-04-25,MID,P030,1,180.0
V007654,T007654,2025-04-25,MID,P065,1,30.0
V007655,T007654,2025-04-25,MID,P022,1,150.0
V007656,T007656,2025-04-25,MID,P004,3,6.0
V007657,T007657,2025-04-25,MID,P063,2,45.0
V007658,T007657,2025-04-25,MID,P060,1,850.0
V007659,T007659,2025-04-25,MID,P013,1,45.0
V007660,T007660,2025-04-25,MID,P040,1,1450.0
V007661,T007661,2025-04-25,MID,P063,1,45.0
V007662,T007661,2025-04-25,MID,P027,1,320.0
V007663,T007663,2025-04-25,MID,P006,2,12.0
V007664,T007664,2025-04-25,MID,P022,1,150.0
V007665,T007664,2025-04-25,MID,P023,2,40.0
V007666,T007666,2025-04-25,MID,P045,2,45.0
V007667,T007666,2025-04-25,MID,P012,2,980.0
V007668,T007668,2025-04-25,MID,P081,1,65.0
V007669,T007668,2025-04-25,MID,P001,1,145.0
V007670,T007670,2025-04-25,MID,P021,1,85.0
V007671,T007670,2025-04-25,MID,P023,3,40.0
V007672,T007670,2025-04-25,MID,P022,3,150.0
V007673,T007673,2025-04-25,MID,P001,3,145.0
V007674,T007674,2025-04-25,MID,P027,1,320.0
V007675,T007675,2025-04-25,MID,P042,1,28.0
V007676,T007675,2025-04-25,MID,P043,1,18.0
V007677,T007675,2025-04-25,MID,P023,1,40.0
V007678,T007678,2025-04-25,CHI,P061,1,165.0
V007679,T007678,2025-04-25,CHI,P041,1,35.0
V007680,T007680,2025-04-25,CHI,P100,2,1250.0
V007681,T007680,2025-04-25,CHI,P101,1,35.0
V007682,T007680,2025-04-25,CHI,P029,1,95.0
V007683,T007683,2025-04-25,CHI,P083,2,65.0
V007684,T007683,2025-04-25,CHI,P007,1,95.0
V007685,T007685,2025-04-25,CHI,P103,2,120.0
V007686,T007685,2025-04-25,CHI,P002,2,180.0
V007687,T007687,2025-04-25,CHI,P042,3,28.0
V007688,T007687,2025-04-25,CHI,P021,2,85.0
V007689,T007689,2025-04-25,CHI,P084,2,18.0
V007690,T007690,2025-04-25,CHI,P100,1,1250.0
V007691,T007690,2025-04-25,CHI,P102,2,45.0
V007692,T007692,2025-04-25,CHI,P101,1,35.0
V007693,T007692,2025-04-25,CHI,P025,1,35.0
V007694,T007694,2025-04-25,CHI,P022,1,150.0
V007695,T007695,2025-04-25,CHI,P045,2,45.0
V007696,T007695,2025-04-25,CHI,P041,1,35.0
V007697,T007697,2025-04-25,CHI,P002,2,180.0
V007698,T007698,2025-04-25,CDMX,P062,1,320.0
V007699,T007699,2025-04-25,CDMX,P106,1,55.0
V007700,T007700,2025-04-25,CDMX,P102,1,45.0
V007701,T007701,2025-04-25,CDMX,P041,2,35.0
V007702,T007701,2025-04-25,CDMX,P043,1,18.0
V007703,T007703,2025-04-25,CDMX,P020,2,55.0
V007704,T007704,2025-04-25,CDMX,P029,1,95.0
V007705,T007705,2025-04-25,CDMX,P020,2,55.0
V007706,T007705,2025-04-25,CDMX,P080,1,280.0
V007707,T007707,2025-04-25,CDMX,P007,1,95.0
V007708,T007707,2025-04-25,CDMX,P001,2,145.0
V007709,T007709,2025-04-25,CDMX,P029,2,95.0
V007710,T007709,2025-04-25,CDMX,P086,1,650.0
V007711,T007711,2025-04-25,CDMX,P022,1,150.0
V007712,T007711,2025-04-25,CDMX,P023,1,40.0
V007713,T007711,2025-04-25,CDMX,P028,1,180.0
V007714,T007714,2025-04-25,CDMX,P022,1,150.0
V007715,T007714,2025-04-25,CDMX,P023,1,40.0
V007716,T007716,2025-04-25,CDMX,P086,2,650.0
V007717,T007717,2025-04-25,CDMX,P001,1,145.0
V007718,T007717,2025-04-25,CDMX,P023,1,40.0
V007719,T007719,2025-04-25,CDMX,P047,3,95.0
V007720,T007720,2025-04-25,CDMX,P041,1,35.0
V007721,T007720,2025-04-25,CDMX,P043,2,18.0
V007722,T007720,2025-04-25,CDMX,P028,3,180.0
V007723,T007723,2025-04-25,CDMX,P100,1,1250.0
V007724,T007723,2025-04-25,CDMX,P101,1,35.0
V007725,T007725,2025-04-25,CDMX,P010,2,120.0
V007726,T007725,2025-04-25,CDMX,P023,1,40.0
V007727,T007727,2025-04-25,CDMX,P100,1,1250.0
V007728,T007728,2025-04-25,CDMX,P023,2,40.0
V007729,T007729,2025-04-25,CDMX,P002,1,180.0
V007730,T007729,2025-04-25,CDMX,P107,1,165.0
V007731,T007731,2025-04-25,MTY,P042,3,28.0
V007732,T007731,2025-04-25,MTY,P043,3,18.0
V007733,T007733,2025-04-25,MTY,P012,2,980.0
V007734,T007733,2025-04-25,MTY,P007,1,95.0
V007735,T007735,2025-04-25,MTY,P042,3,28.0
V007736,T007735,2025-04-25,MTY,P043,2,18.0
V007737,T007735,2025-04-25,MTY,P029,1,95.0
V007738,T007738,2025-04-25,MTY,P020,3,55.0
V007739,T007738,2025-04-25,MTY,P023,3,40.0
V007740,T007738,2025-04-25,MTY,P028,1,180.0
V007741,T007741,2025-04-25,MTY,P022,1,150.0
V007742,T007741,2025-04-25,MTY,P023,2,40.0
V007743,T007743,2025-04-25,MTY,P041,3,35.0
V007744,T007743,2025-04-25,MTY,P043,1,18.0
V007745,T007743,2025-04-25,MTY,P083,1,65.0
V007746,T007746,2025-04-25,MTY,P013,1,45.0
V007747,T007746,2025-04-25,MTY,P045,1,45.0
V007748,T007748,2025-04-25,MTY,P100,1,1250.0
V007749,T007748,2025-04-25,MTY,P101,1,35.0
V007750,T007750,2025-04-25,MTY,P041,2,35.0
V007751,T007750,2025-04-25,MTY,P043,1,18.0
V007752,T007750,2025-04-25,MTY,P106,1,55.0
V007753,T007753,2025-04-25,MTY,P020,1,55.0
V007754,T007754,2025-04-26,CUN,P003,1,8.5
V007755,T007755,2025-04-26,CUN,P021,2,85.0
V007756,T007755,2025-04-26,CUN,P023,1,40.0
V007757,T007755,2025-04-26,CUN,P083,3,65.0
V007758,T007758,2025-04-26,CUN,P005,2,65.0
V007759,T007759,2025-04-26,CUN,P021,1,85.0
V007760,T007759,2025-04-26,CUN,P023,3,40.0
V007761,T007759,2025-04-26,CUN,P084,1,18.0
V007762,T007762,2025-04-26,CUN,P103,2,120.0
V007763,T007762,2025-04-26,CUN,P043,1,18.0
V007764,T007764,2025-04-26,CUN,P005,1,65.0
V007765,T007764,2025-04-26,CUN,P001,1,145.0
V007766,T007766,2025-04-26,CUN,P020,1,55.0
V007767,T007766,2025-04-26,CUN,P023,1,40.0
V007768,T007768,2025-04-26,CUN,P025,1,35.0
V007769,T007769,2025-04-26,CUN,P022,1,150.0
V007770,T007769,2025-04-26,CUN,P023,1,40.0
V007771,T007769,2025-04-26,CUN,P028,1,180.0
V007772,T007772,2025-04-26,CUN,P042,1,28.0
V007773,T007772,2025-04-26,CUN,P043,3,18.0
V007774,T007774,2025-04-26,CUN,P082,2,25.0
V007775,T007775,2025-04-26,MID,P100,2,1250.0
V007776,T007775,2025-04-26,MID,P101,1,35.0
V007777,T007777,2025-04-26,MID,P001,2,145.0
V007778,T007778,2025-04-26,MID,P029,1,95.0
V007779,T007778,2025-04-26,MID,P022,2,150.0
V007780,T007780,2025-04-26,MID,P024,1,6.0
V007781,T007781,2025-04-26,MID,P083,3,65.0
V007782,T007781,2025-04-26,MID,P104,1,95.0
V007783,T007783,2025-04-26,MID,P029,1,95.0
V007784,T007783,2025-04-26,MID,P003,1,8.5
V007785,T007785,2025-04-26,MID,P008,2,180.0
V007786,T007785,2025-04-26,MID,P103,1,120.0
V007787,T007787,2025-04-26,MID,P064,2,38.0
V007788,T007787,2025-04-26,MID,P061,3,165.0
V007789,T007789,2025-04-26,MID,P100,1,1250.0
V007790,T007789,2025-04-26,MID,P102,2,45.0
V007791,T007791,2025-04-26,MID,P103,2,120.0
V007792,T007792,2025-04-26,MID,P009,1,85.0
V007793,T007792,2025-04-26,MID,P027,1,320.0
V007794,T007794,2025-04-26,MID,P024,2,6.0
V007795,T007794,2025-04-26,MID,P022,3,150.0
V007796,T007796,2025-04-26,CHI,P082,1,25.0
V007797,T007797,2025-04-26,CHI,P008,2,180.0
V007798,T007798,2025-04-26,CHI,P022,1,150.0
V007799,T007798,2025-04-26,CHI,P023,2,40.0
V007800,T007798,2025-04-26,CHI,P024,2,6.0
V007801,T007801,2025-04-26,CHI,P101,1,35.0
V007802,T007802,2025-04-26,CHI,P002,1,180.0
V007803,T007803,2025-04-26,CHI,P042,1,28.0
V007804,T007803,2025-04-26,CHI,P043,2,18.0
V007805,T007805,2025-04-26,CHI,P003,1,8.5
V007806,T007806,2025-04-26,CHI,P100,1,1250.0
V007807,T007806,2025-04-26,CHI,P102,1,45.0
V007808,T007806,2025-04-26,CHI,P023,3,40.0
V007809,T007809,2025-04-26,CHI,P011,3,210.0
V007810,T007810,2025-04-26,CHI,P083,1,65.0
V007811,T007811,2025-04-26,CHI,P029,1,95.0
V007812,T007812,2025-04-26,CDMX,P041,2,35.0
V007813,T007812,2025-04-26,CDMX,P043,2,18.0
V007814,T007812,2025-04-26,CDMX,P002,2,180.0
V007815,T007815,2025-04-26,CDMX,P042,2,28.0
V007816,T007815,2025-04-26,CDMX,P043,2,18.0
V007817,T007817,2025-04-26,CDMX,P021,1,85.0
V007818,T007817,2025-04-26,CDMX,P023,2,40.0
V007819,T007819,2025-04-26,CDMX,P102,1,45.0
V007820,T007820,2025-04-26,CDMX,P021,2,85.0
V007821,T007820,2025-04-26,CDMX,P023,1,40.0
V007822,T007820,2025-04-26,CDMX,P001,2,145.0
V007823,T007823,2025-04-26,CDMX,P100,1,1250.0
V007824,T007824,2025-04-26,CDMX,P100,2,1250.0
V007825,T007824,2025-04-26,CDMX,P101,3,35.0
V007826,T007824,2025-04-26,CDMX,P040,2,1450.0
V007827,T007827,2025-04-26,CDMX,P063,3,45.0
V007828,T007828,2025-04-26,CDMX,P003,3,8.5
V007829,T007828,2025-04-26,CDMX,P045,1,45.0
V007830,T007830,2025-04-26,CDMX,P021,2,85.0
V007831,T007830,2025-04-26,CDMX,P023,2,40.0
V007832,T007832,2025-04-26,CDMX,P023,1,40.0
V007833,T007832,2025-04-26,CDMX,P003,2,8.5
V007834,T007834,2025-04-26,CDMX,P064,3,38.0
V007835,T007835,2025-04-26,CDMX,P064,1,38.0
V007836,T007835,2025-04-26,CDMX,P061,2,165.0
V007837,T007835,2025-04-26,CDMX,P006,1,12.0
V007838,T007838,2025-04-26,CDMX,P060,1,850.0
V007839,T007839,2025-04-26,CDMX,P100,3,1250.0
V007840,T007839,2025-04-26,CDMX,P102,1,45.0
V007841,T007841,2025-04-26,CDMX,P022,1,150.0
V007842,T007841,2025-04-26,CDMX,P023,1,40.0
V007843,T007843,2025-04-26,CDMX,P013,3,45.0
V007844,T007844,2025-04-26,CDMX,P063,1,45.0
V007845,T007844,2025-04-26,CDMX,P060,2,850.0
V007846,T007844,2025-04-26,CDMX,P080,2,280.0
V007847,T007847,2025-04-26,CDMX,P063,2,45.0
V007848,T007847,2025-04-26,CDMX,P060,1,850.0
V007849,T007847,2025-04-26,CDMX,P047,1,95.0
V007850,T007850,2025-04-26,CDMX,P085,2,980.0
V007851,T007850,2025-04-26,CDMX,P029,1,95.0
V007852,T007852,2025-04-26,CDMX,P007,3,95.0
V007853,T007852,2025-04-26,CDMX,P009,3,85.0
V007854,T007854,2025-04-26,CDMX,P022,2,150.0
V007855,T007854,2025-04-26,CDMX,P023,1,40.0
V007856,T007856,2025-04-26,MTY,P009,2,85.0
V007857,T007857,2025-04-26,MTY,P102,2,45.0
V007858,T007857,2025-04-26,MTY,P001,1,145.0
V007859,T007859,2025-04-26,MTY,P063,1,45.0
V007860,T007859,2025-04-26,MTY,P060,2,850.0
V007861,T007861,2025-04-26,MTY,P063,2,45.0
V007862,T007861,2025-04-26,MTY,P060,1,850.0
V007863,T007863,2025-04-26,MTY,P029,1,95.0
V007864,T007864,2025-04-26,MTY,P002,1,180.0
V007865,T007864,2025-04-26,MTY,P040,1,1450.0
V007866,T007866,2025-04-26,MTY,P021,2,85.0
V007867,T007866,2025-04-26,MTY,P023,1,40.0
V007868,T007868,2025-04-26,MTY,P028,2,180.0
V007869,T007868,2025-04-26,MTY,P007,1,95.0
V007870,T007870,2025-04-26,MTY,P103,1,120.0
V007871,T007871,2025-04-26,MTY,P020,2,55.0
V007872,T007871,2025-04-26,MTY,P023,1,40.0
V007873,T007871,2025-04-26,MTY,P100,1,1250.0
V007874,T007874,2025-04-26,MTY,P022,2,150.0
V007875,T007874,2025-04-26,MTY,P023,1,40.0
V007876,T007874,2025-04-26,MTY,P021,1,85.0
V007877,T007877,2025-04-26,MTY,P100,1,1250.0
V007878,T007877,2025-04-26,MTY,P102,1,45.0
V007879,T007877,2025-04-26,MTY,P009,1,85.0
V007880,T007880,2025-04-26,MTY,P100,1,1250.0
V007881,T007881,2025-04-26,MTY,P009,3,85.0
V007882,T007882,2025-04-26,MTY,P029,1,95.0
V007883,T007882,2025-04-26,MTY,P002,2,180.0
V007884,T007884,2025-04-26,MTY,P001,1,145.0
V007885,T007884,2025-04-26,MTY,P029,1,95.0
V007886,T007886,2025-04-26,MTY,P102,1,45.0
V007887,T007887,2025-04-26,MTY,P020,1,55.0
V007888,T007887,2025-04-26,MTY,P023,3,40.0
V007889,T007889,2025-04-26,MTY,P022,2,150.0
V007890,T007889,2025-04-26,MTY,P023,1,40.0
V007891,T007891,2025-04-27,CUN,P040,1,1450.0
V007892,T007892,2025-04-27,CUN,P021,2,85.0
V007893,T007892,2025-04-27,CUN,P023,3,40.0
V007894,T007892,2025-04-27,CUN,P001,3,145.0
V007895,T007895,2025-04-27,CUN,P020,1,55.0
V007896,T007896,2025-04-27,CUN,P010,2,120.0
V007897,T007896,2025-04-27,CUN,P027,1,320.0
V007898,T007898,2025-04-27,CUN,P042,1,28.0
V007899,T007899,2025-04-27,CUN,P101,2,35.0
V007900,T007899,2025-04-27,CUN,P061,3,165.0
V007901,T007901,2025-04-27,CUN,P041,2,35.0
V007902,T007901,2025-04-27,CUN,P001,2,145.0
V007903,T007903,2025-04-27,CUN,P040,3,1450.0
V007904,T007904,2025-04-27,CUN,P010,1,120.0
V007905,T007905,2025-04-27,CUN,P066,2,55.0
V007906,T007906,2025-04-27,CUN,P044,1,22.0
V007907,T007907,2025-04-27,CUN,P025,3,35.0
V007908,T007907,2025-04-27,CUN,P084,1,18.0
V007909,T007909,2025-04-27,CUN,P080,2,280.0
V007910,T007909,2025-04-27,CUN,P001,1,145.0
V007911,T007911,2025-04-27,CUN,P026,2,65.0
V007912,T007912,2025-04-27,CUN,P010,1,120.0
V007913,T007912,2025-04-27,CUN,P026,1,65.0
V007914,T007914,2025-04-27,CUN,P042,3,28.0
V007915,T007914,2025-04-27,CUN,P043,2,18.0
V007916,T007916,2025-04-27,CUN,P008,3,180.0
V007917,T007916,2025-04-27,CUN,P027,2,320.0
V007918,T007918,2025-04-27,CUN,P065,1,30.0
V007919,T007919,2025-04-27,CUN,P042,1,28.0
V007920,T007919,2025-04-27,CUN,P043,1,18.0
V007921,T007921,2025-04-27,CUN,P082,1,25.0
V007922,T007922,2025-04-27,CUN,P006,1,12.0
V007923,T007923,2025-04-27,MID,P047,2,95.0
V007924,T007924,2025-04-27,MID,P060,3,850.0
V007925,T007924,2025-04-27,MID,P022,2,150.0
V007926,T007926,2025-04-27,MID,P041,1,35.0
V007927,T007926,2025-04-27,MID,P043,2,18.0
V007928,T007926,2025-04-27,MID,P046,2,280.0
V007929,T007929,2025-04-27,MID,P086,2,650.0
V007930,T007929,2025-04-27,MID,P044,2,22.0
V007931,T007931,2025-04-27,MID,P041,1,35.0
V007932,T007931,2025-04-27,MID,P085,1,980.0
V007933,T007933,2025-04-27,MID,P105,1,145.0
V007934,T007933,2025-04-27,MID,P004,1,6.0
V007935,T007935,2025-04-27,MID,P030,1,180.0
V007936,T007935,2025-04-27,MID,P060,1,850.0
V007937,T007937,2025-04-27,MID,P012,3,980.0
V007938,T007937,2025-04-27,MID,P003,2,8.5
V007939,T007939,2025-04-27,MID,P100,1,1250.0
V007940,T007939,2025-04-27,MID,P102,2,45.0
V007941,T007939,2025-04-27,MID,P084,1,18.0
V007942,T007942,2025-04-27,MID,P100,1,1250.0
V007943,T007942,2025-04-27,MID,P102,1,45.0
V007944,T007942,2025-04-27,MID,P107,1,165.0
V007945,T007945,2025-04-27,MID,P013,2,45.0
V007946,T007945,2025-04-27,MID,P040,2,1450.0
V007947,T007947,2025-04-27,MID,P004,1,6.0
V007948,T007947,2025-04-27,MID,P082,1,25.0
V007949,T007949,2025-04-27,MID,P100,1,1250.0
V007950,T007949,2025-04-27,MID,P101,1,35.0
V007951,T007951,2025-04-27,MID,P047,2,95.0
V007952,T007952,2025-04-27,MID,P101,2,35.0
V007953,T007953,2025-04-27,MID,P021,2,85.0
V007954,T007953,2025-04-27,MID,P023,1,40.0
V007955,T007955,2025-04-27,MID,P029,2,95.0
V007956,T007956,2025-04-27,MID,P004,1,6.0
V007957,T007957,2025-04-27,CHI,P025,3,35.0
V007958,T007958,2025-04-27,CHI,P060,1,850.0
V007959,T007958,2025-04-27,CHI,P028,3,180.0
V007960,T007960,2025-04-27,CHI,P041,1,35.0
V007961,T007960,2025-04-27,CHI,P043,1,18.0
V007962,T007962,2025-04-27,CHI,P022,1,150.0
V007963,T007962,2025-04-27,CHI,P023,2,40.0
V007964,T007964,2025-04-27,CHI,P062,2,320.0
V007965,T007965,2025-04-27,CHI,P001,2,145.0
V007966,T007965,2025-04-27,CHI,P081,1,65.0
V007967,T007967,2025-04-27,CHI,P045,2,45.0
V007968,T007967,2025-04-27,CHI,P029,1,95.0
V007969,T007969,2025-04-27,CHI,P048,1,180.0
V007970,T007969,2025-04-27,CHI,P060,1,850.0
V007971,T007971,2025-04-27,CHI,P083,2,65.0
V007972,T007972,2025-04-27,CDMX,P023,2,40.0
V007973,T007972,2025-04-27,CDMX,P081,1,65.0
V007974,T007974,2025-04-27,CDMX,P106,2,55.0
V007975,T007974,2025-04-27,CDMX,P029,2,95.0
V007976,T007976,2025-04-27,CDMX,P001,1,145.0
V007977,T007976,2025-04-27,CDMX,P024,3,6.0
V007978,T007978,2025-04-27,CDMX,P062,2,320.0
V007979,T007978,2025-04-27,CDMX,P028,1,180.0
V007980,T007980,2025-04-27,CDMX,P042,1,28.0
V007981,T007980,2025-04-27,CDMX,P043,1,18.0
V007982,T007982,2025-04-27,CDMX,P009,1,85.0
V007983,T007982,2025-04-27,CDMX,P028,1,180.0
V007984,T007984,2025-04-27,CDMX,P008,2,180.0
V007985,T007984,2025-04-27,CDMX,P003,2,8.5
V007986,T007986,2025-04-27,CDMX,P040,2,1450.0
V007987,T007987,2025-04-27,CDMX,P100,3,1250.0
V007988,T007987,2025-04-27,CDMX,P101,3,35.0
V007989,T007987,2025-04-27,CDMX,P083,1,65.0
V007990,T007990,2025-04-27,CDMX,P021,1,85.0
V007991,T007990,2025-04-27,CDMX,P023,3,40.0
V007992,T007990,2025-04-27,CDMX,P086,3,650.0
V007993,T007993,2025-04-27,CDMX,P010,1,120.0
V007994,T007993,2025-04-27,CDMX,P004,2,6.0
V007995,T007995,2025-04-27,CDMX,P105,2,145.0
V007996,T007995,2025-04-27,CDMX,P005,1,65.0
V007997,T007997,2025-04-27,CDMX,P063,3,45.0
V007998,T007997,2025-04-27,CDMX,P060,2,850.0
V007999,T007997,2025-04-27,CDMX,P105,1,145.0
V008000,T008000,2025-04-27,CDMX,P011,3,210.0
V008001,T008000,2025-04-27,CDMX,P020,3,55.0
V008002,T008002,2025-04-27,CDMX,P100,2,1250.0
V008003,T008002,2025-04-27,CDMX,P102,1,45.0
V008004,T008004,2025-04-27,CDMX,P042,1,28.0
V008005,T008004,2025-04-27,CDMX,P043,1,18.0
V008006,T008006,2025-04-27,CDMX,P021,2,85.0
V008007,T008006,2025-04-27,CDMX,P023,1,40.0
V008008,T008008,2025-04-27,CDMX,P027,1,320.0
V008009,T008009,2025-04-27,MTY,P021,3,85.0
V008010,T008009,2025-04-27,MTY,P023,2,40.0
V008011,T008009,2025-04-27,MTY,P065,2,30.0
V008012,T008012,2025-04-27,MTY,P041,1,35.0
V008013,T008013,2025-04-27,MTY,P063,1,45.0
V008014,T008013,2025-04-27,MTY,P060,1,850.0
V008015,T008013,2025-04-27,MTY,P045,1,45.0
V008016,T008016,2025-04-27,MTY,P021,1,85.0
V008017,T008016,2025-04-27,MTY,P023,2,40.0
V008018,T008018,2025-04-27,MTY,P102,2,45.0
V008019,T008019,2025-04-27,MTY,P104,2,95.0
V008020,T008020,2025-04-27,MTY,P008,1,180.0
V008021,T008020,2025-04-27,MTY,P021,1,85.0
V008022,T008022,2025-04-27,MTY,P008,2,180.0
V008023,T008022,2025-04-27,MTY,P080,2,280.0
V008024,T008024,2025-04-27,MTY,P021,2,85.0
V008025,T008024,2025-04-27,MTY,P023,2,40.0
V008026,T008024,2025-04-27,MTY,P048,2,180.0
V008027,T008027,2025-04-27,MTY,P063,3,45.0
V008028,T008027,2025-04-27,MTY,P060,1,850.0
V008029,T008027,2025-04-27,MTY,P028,3,180.0
V008030,T008030,2025-04-28,CUN,P011,1,210.0
V008031,T008030,2025-04-28,CUN,P027,1,320.0
V008032,T008032,2025-04-28,CUN,P043,1,18.0
V008033,T008033,2025-04-28,CUN,P043,2,18.0
V008034,T008034,2025-04-28,CUN,P063,2,45.0
V008035,T008034,2025-04-28,CUN,P060,1,850.0
V008036,T008034,2025-04-28,CUN,P007,1,95.0
V008037,T008037,2025-04-28,CUN,P045,1,45.0
V008038,T008037,2025-04-28,CUN,P027,3,320.0
V008039,T008039,2025-04-28,CUN,P081,2,65.0
V008040,T008040,2025-04-28,CUN,P004,1,6.0
V008041,T008040,2025-04-28,CUN,P042,1,28.0
V008042,T008042,2025-04-28,CUN,P102,1,45.0
V008043,T008042,2025-04-28,CUN,P030,1,180.0
V008044,T008044,2025-04-28,CUN,P027,3,320.0
V008045,T008045,2025-04-28,CUN,P020,1,55.0
V008046,T008045,2025-04-28,CUN,P023,2,40.0
V008047,T008045,2025-04-28,CUN,P013,3,45.0
V008048,T008048,2025-04-28,CUN,P010,1,120.0
V008049,T008049,2025-04-28,CUN,P106,2,55.0
V008050,T008049,2025-04-28,CUN,P004,2,6.0
V008051,T008051,2025-04-28,CUN,P020,3,55.0
V008052,T008051,2025-04-28,CUN,P023,1,40.0
V008053,T008051,2025-04-28,CUN,P100,1,1250.0
V008054,T008054,2025-04-28,CUN,P005,3,65.0
V008055,T008055,2025-04-28,CUN,P063,2,45.0
V008056,T008055,2025-04-28,CUN,P060,2,850.0
V008057,T008055,2025-04-28,CUN,P046,2,280.0
V008058,T008058,2025-04-28,CUN,P029,1,95.0
V008059,T008059,2025-04-28,CUN,P043,2,18.0
V008060,T008060,2025-04-28,CUN,P042,3,28.0
V008061,T008061,2025-04-28,CUN,P042,2,28.0
V008062,T008061,2025-04-28,CUN,P043,2,18.0
V008063,T008063,2025-04-28,CUN,P021,1,85.0
V008064,T008063,2025-04-28,CUN,P062,1,320.0
V008065,T008065,2025-04-28,MID,P020,2,55.0
V008066,T008065,2025-04-28,MID,P023,1,40.0
V008067,T008067,2025-04-28,MID,P063,1,45.0
V008068,T008067,2025-04-28,MID,P006,2,12.0
V008069,T008069,2025-04-28,MID,P043,1,18.0
V008070,T008070,2025-04-28,MID,P063,2,45.0
V008071,T008070,2025-04-28,MID,P060,2,850.0
V008072,T008070,2025-04-28,MID,P005,2,65.0
V008073,T008073,2025-04-28,MID,P047,1,95.0
V008074,T008074,2025-04-28,MID,P064,2,38.0
V008075,T008074,2025-04-28,MID,P061,3,165.0
V008076,T008076,2025-04-28,MID,P022,2,150.0
V008077,T008077,2025-04-28,MID,P022,3,150.0
V008078,T008077,2025-04-28,MID,P023,1,40.0
V008079,T008077,2025-04-28,MID,P085,2,980.0
V008080,T008080,2025-04-28,MID,P012,3,980.0
V008081,T008080,2025-04-28,MID,P020,1,55.0
V008082,T008082,2025-04-28,MID,P007,2,95.0
V008083,T008083,2025-04-28,MID,P081,2,65.0
V008084,T008084,2025-04-28,MID,P047,1,95.0
V008085,T008084,2025-04-28,MID,P012,1,980.0
V008086,T008086,2025-04-28,CHI,P030,2,180.0
V008087,T008086,2025-04-28,CHI,P022,2,150.0
V008088,T008088,2025-04-28,CHI,P021,1,85.0
V008089,T008088,2025-04-28,CHI,P011,2,210.0
V008090,T008090,2025-04-28,CHI,P001,1,145.0
V008091,T008090,2025-04-28,CHI,P086,1,650.0
V008092,T008092,2025-04-28,CHI,P022,2,150.0
V008093,T008092,2025-04-28,CHI,P023,2,40.0
V008094,T008094,2025-04-28,CHI,P042,2,28.0
V008095,T008094,2025-04-28,CHI,P043,1,18.0
V008096,T008094,2025-04-28,CHI,P028,1,180.0
V008097,T008097,2025-04-28,CHI,P002,2,180.0
V008098,T008098,2025-04-28,CHI,P101,1,35.0
V008099,T008098,2025-04-28,CHI,P020,2,55.0
V008100,T008100,2025-04-28,CHI,P044,1,22.0
V008101,T008101,2025-04-28,CHI,P083,2,65.0
V008102,T008101,2025-04-28,CHI,P003,1,8.5
V008103,T008103,2025-04-28,CHI,P064,1,38.0
V008104,T008103,2025-04-28,CHI,P061,1,165.0
V008105,T008105,2025-04-28,CHI,P040,1,1450.0
V008106,T008106,2025-04-28,CHI,P044,2,22.0
V008107,T008106,2025-04-28,CHI,P023,2,40.0
V008108,T008108,2025-04-28,CHI,P062,2,320.0
V008109,T008108,2025-04-28,CHI,P020,1,55.0
V008110,T008110,2025-04-28,CHI,P101,1,35.0
V008111,T008111,2025-04-28,CHI,P063,2,45.0
V008112,T008111,2025-04-28,CHI,P060,2,850.0
V008113,T008113,2025-04-28,CHI,P041,1,35.0
V008114,T008113,2025-04-28,CHI,P043,1,18.0
V008115,T008115,2025-04-28,CHI,P011,2,210.0
V008116,T008116,2025-04-28,CDMX,P006,2,12.0
V008117,T008116,2025-04-28,CDMX,P047,1,95.0
V008118,T008118,2025-04-28,CDMX,P020,2,55.0
V008119,T008118,2025-04-28,CDMX,P023,1,40.0
V008120,T008118,2025-04-28,CDMX,P081,1,65.0
V008121,T008121,2025-04-28,CDMX,P085,1,980.0
V008122,T008121,2025-04-28,CDMX,P028,1,180.0
V008123,T008123,2025-04-28,CDMX,P011,1,210.0
V008124,T008124,2025-04-28,CDMX,P006,2,12.0
V008125,T008124,2025-04-28,CDMX,P066,1,55.0
V008126,T008126,2025-04-28,CDMX,P020,2,55.0
V008127,T008126,2025-04-28,CDMX,P023,2,40.0
V008128,T008128,2025-04-28,CDMX,P020,1,55.0
V008129,T008128,2025-04-28,CDMX,P023,2,40.0
V008130,T008128,2025-04-28,CDMX,P042,1,28.0
V008131,T008131,2025-04-28,CDMX,P100,1,1250.0
V008132,T008131,2025-04-28,CDMX,P102,2,45.0
V008133,T008131,2025-04-28,CDMX,P065,1,30.0
V008134,T008134,2025-04-28,CDMX,P011,1,210.0
V008135,T008134,2025-04-28,CDMX,P005,1,65.0
V008136,T008136,2025-04-28,CDMX,P022,1,150.0
V008137,T008137,2025-04-28,MTY,P003,1,8.5
V008138,T008138,2025-04-28,MTY,P029,1,95.0
V008139,T008139,2025-04-28,MTY,P020,1,55.0
V008140,T008139,2025-04-28,MTY,P023,1,40.0
V008141,T008141,2025-04-28,MTY,P022,3,150.0
V008142,T008141,2025-04-28,MTY,P023,1,40.0
V008143,T008143,2025-04-28,MTY,P020,1,55.0
V008144,T008143,2025-04-28,MTY,P023,1,40.0
V008145,T008143,2025-04-28,MTY,P101,1,35.0
V008146,T008146,2025-04-28,MTY,P020,2,55.0
V008147,T008146,2025-04-28,MTY,P023,2,40.0
V008148,T008146,2025-04-28,MTY,P029,2,95.0
V008149,T008149,2025-04-28,MTY,P041,1,35.0
V008150,T008149,2025-04-28,MTY,P043,1,18.0
V008151,T008151,2025-04-28,MTY,P025,2,35.0
V008152,T008152,2025-04-28,MTY,P064,2,38.0
V008153,T008152,2025-04-28,MTY,P001,1,145.0
V008154,T008154,2025-04-28,MTY,P100,1,1250.0
V008155,T008154,2025-04-28,MTY,P102,1,45.0
V008156,T008156,2025-04-28,MTY,P042,1,28.0
V008157,T008156,2025-04-28,MTY,P043,1,18.0
V008158,T008158,2025-04-28,MTY,P004,2,6.0
V008159,T008158,2025-04-28,MTY,P026,2,65.0
V008160,T008160,2025-04-29,CUN,P066,1,55.0
V008161,T008161,2025-04-29,CUN,P008,2,180.0
V008162,T008161,2025-04-29,CUN,P106,1,55.0
V008163,T008163,2025-04-29,CUN,P100,1,1250.0
V008164,T008163,2025-04-29,CUN,P101,1,35.0
V008165,T008163,2025-04-29,CUN,P027,1,320.0
V008166,T008166,2025-04-29,CUN,P012,2,980.0
V008167,T008167,2025-04-29,CUN,P021,1,85.0
V008168,T008167,2025-04-29,CUN,P023,2,40.0
V008169,T008169,2025-04-29,CUN,P084,1,18.0
V008170,T008169,2025-04-29,CUN,P042,3,28.0
V008171,T008171,2025-04-29,CUN,P082,2,25.0
V008172,T008171,2025-04-29,CUN,P011,3,210.0
V008173,T008173,2025-04-29,CUN,P023,1,40.0
V008174,T008173,2025-04-29,CUN,P101,3,35.0
V008175,T008175,2025-04-29,CUN,P064,1,38.0
V008176,T008175,2025-04-29,CUN,P061,1,165.0
V008177,T008175,2025-04-29,CUN,P082,1,25.0
V008178,T008178,2025-04-29,CUN,P011,2,210.0
V008179,T008179,2025-04-29,CUN,P027,1,320.0
V008180,T008180,2025-04-29,CUN,P022,1,150.0
V008181,T008180,2025-04-29,CUN,P023,1,40.0
V008182,T008182,2025-04-29,CUN,P028,1,180.0
V008183,T008182,2025-04-29,CUN,P027,1,320.0
V008184,T008184,2025-04-29,MID,P007,1,95.0
V008185,T008185,2025-04-29,MID,P020,2,55.0
V008186,T008185,2025-04-29,MID,P023,2,40.0
V008187,T008187,2025-04-29,MID,P045,1,45.0
V008188,T008188,2025-04-29,MID,P009,1,85.0
V008189,T008188,2025-04-29,MID,P065,1,30.0
V008190,T008190,2025-04-29,MID,P048,3,180.0
V008191,T008191,2025-04-29,MID,P080,1,280.0
V008192,T008192,2025-04-29,MID,P061,2,165.0
V008193,T008193,2025-04-29,MID,P020,2,55.0
V008194,T008193,2025-04-29,MID,P023,1,40.0
V008195,T008193,2025-04-29,MID,P046,2,280.0
V008196,T008196,2025-04-29,MID,P040,1,1450.0
V008197,T008197,2025-04-29,MID,P022,2,150.0
V008198,T008198,2025-04-29,MID,P062,2,320.0
V008199,T008198,2025-04-29,MID,P007,1,95.0
V008200,T008200,2025-04-29,MID,P100,3,1250.0
V008201,T008200,2025-04-29,MID,P101,1,35.0
V008202,T008202,2025-04-29,MID,P024,3,6.0
V008203,T008202,2025-04-29,MID,P045,2,45.0
V008204,T008204,2025-04-29,MID,P029,2,95.0
V008205,T008205,2025-04-29,MID,P100,3,1250.0
V008206,T008205,2025-04-29,MID,P102,2,45.0
V008207,T008205,2025-04-29,MID,P080,3,280.0
V008208,T008208,2025-04-29,MID,P009,3,85.0
V008209,T008208,2025-04-29,MID,P013,2,45.0
V008210,T008210,2025-04-29,MID,P100,1,1250.0
V008211,T008210,2025-04-29,MID,P101,1,35.0
V008212,T008210,2025-04-29,MID,P046,1,280.0
V008213,T008213,2025-04-29,MID,P102,1,45.0
V008214,T008214,2025-04-29,MID,P006,2,12.0
V008215,T008215,2025-04-29,CHI,P012,1,980.0
V008216,T008215,2025-04-29,CHI,P028,2,180.0
V008217,T008217,2025-04-29,CHI,P064,1,38.0
V008218,T008217,2025-04-29,CHI,P061,2,165.0
V008219,T008217,2025-04-29,CHI,P101,1,35.0
V008220,T008220,2025-04-29,CHI,P013,1,45.0
V008221,T008221,2025-04-29,CHI,P081,1,65.0
V008222,T008221,2025-04-29,CHI,P086,1,650.0
V008223,T008223,2025-04-29,CHI,P042,1,28.0
V008224,T008223,2025-04-29,CHI,P043,2,18.0
V008225,T008223,2025-04-29,CHI,P047,1,95.0
V008226,T008226,2025-04-29,CHI,P065,2,30.0
V008227,T008227,2025-04-29,CHI,P085,1,980.0
V008228,T008227,2025-04-29,CHI,P028,1,180.0
V008229,T008229,2025-04-29,CHI,P004,1,6.0
V008230,T008230,2025-04-29,CHI,P012,3,980.0
V008231,T008230,2025-04-29,CHI,P086,1,650.0
V008232,T008232,2025-04-29,CHI,P041,1,35.0
V008233,T008232,2025-04-29,CHI,P043,3,18.0
V008234,T008234,2025-04-29,CDMX,P041,2,35.0
V008235,T008234,2025-04-29,CDMX,P043,2,18.0
V008236,T008234,2025-04-29,CDMX,P080,1,280.0
V008237,T008237,2025-04-29,CDMX,P042,1,28.0
V008238,T008237,2025-04-29,CDMX,P043,1,18.0
V008239,T008239,2025-04-29,CDMX,P021,1,85.0
V008240,T008239,2025-04-29,CDMX,P001,2,145.0
V008241,T008241,2025-04-29,CDMX,P060,1,850.0
V008242,T008241,2025-04-29,CDMX,P041,1,35.0
V008243,T008243,2025-04-29,CDMX,P080,3,280.0
V008244,T008244,2025-04-29,CDMX,P005,1,65.0
V008245,T008245,2025-04-29,CDMX,P006,1,12.0
V008246,T008245,2025-04-29,CDMX,P047,2,95.0
V008247,T008247,2025-04-29,CDMX,P042,2,28.0
V008248,T008247,2025-04-29,CDMX,P043,3,18.0
V008249,T008247,2025-04-29,CDMX,P029,1,95.0
V008250,T008250,2025-04-29,CDMX,P083,1,65.0
V008251,T008250,2025-04-29,CDMX,P107,2,165.0
V008252,T008252,2025-04-29,CDMX,P042,2,28.0
V008253,T008252,2025-04-29,CDMX,P043,1,18.0
V008254,T008252,2025-04-29,CDMX,P006,1,12.0
V008255,T008255,2025-04-29,CDMX,P085,1,980.0
V008256,T008255,2025-04-29,CDMX,P028,1,180.0
V008257,T008257,2025-04-29,CDMX,P013,3,45.0
V008258,T008257,2025-04-29,CDMX,P040,2,1450.0
V008259,T008259,2025-04-29,CDMX,P046,1,280.0
V008260,T008260,2025-04-29,CDMX,P084,1,18.0
V008261,T008260,2025-04-29,CDMX,P021,1,85.0
V008262,T008262,2025-04-29,CDMX,P003,2,8.5
V008263,T008263,2025-04-29,CDMX,P046,2,280.0
V008264,T008263,2025-04-29,CDMX,P027,2,320.0
V008265,T008265,2025-04-29,CDMX,P006,2,12.0
V008266,T008266,2025-04-29,CDMX,P063,1,45.0
V008267,T008266,2025-04-29,CDMX,P024,1,6.0
V008268,T008268,2025-04-29,CDMX,P025,2,35.0
V008269,T008269,2025-04-29,CDMX,P042,1,28.0
V008270,T008269,2025-04-29,CDMX,P043,1,18.0
V008271,T008271,2025-04-29,MTY,P028,2,180.0
V008272,T008272,2025-04-29,MTY,P063,1,45.0
V008273,T008272,2025-04-29,MTY,P047,1,95.0
V008274,T008274,2025-04-29,MTY,P013,2,45.0
V008275,T008275,2025-04-29,MTY,P009,1,85.0
V008276,T008275,2025-04-29,MTY,P047,3,95.0
V008277,T008277,2025-04-29,MTY,P013,3,45.0
V008278,T008278,2025-04-29,MTY,P005,1,65.0
V008279,T008279,2025-04-29,MTY,P021,1,85.0
V008280,T008280,2025-04-29,MTY,P027,1,320.0
V008281,T008280,2025-04-29,MTY,P105,1,145.0
V008282,T008282,2025-04-29,MTY,P012,1,980.0
V008283,T008282,2025-04-29,MTY,P048,1,180.0
V008284,T008284,2025-04-29,MTY,P021,3,85.0
V008285,T008284,2025-04-29,MTY,P005,2,65.0
V008286,T008286,2025-04-29,MTY,P100,3,1250.0
V008287,T008286,2025-04-29,MTY,P101,2,35.0
V008288,T008288,2025-04-29,MTY,P025,2,35.0
V008289,T008288,2025-04-29,MTY,P042,1,28.0
V008290,T008290,2025-04-29,MTY,P100,1,1250.0
V008291,T008290,2025-04-29,MTY,P101,2,35.0
V008292,T008290,2025-04-29,MTY,P065,2,30.0
V008293,T008293,2025-04-30,CUN,P107,2,165.0
V008294,T008293,2025-04-30,CUN,P030,2,180.0
V008295,T008295,2025-04-30,CUN,P064,2,38.0
V008296,T008295,2025-04-30,CUN,P061,2,165.0
V008297,T008297,2025-04-30,CUN,P103,3,120.0
V008298,T008297,2025-04-30,CUN,P060,1,850.0
V008299,T008299,2025-04-30,CUN,P105,2,145.0
V008300,T008300,2025-04-30,CUN,P004,3,6.0
V008301,T008300,2025-04-30,CUN,P041,1,35.0
V008302,T008302,2025-04-30,CUN,P008,1,180.0
V008303,T008302,2025-04-30,CUN,P044,1,22.0
V008304,T008304,2025-04-30,CUN,P081,2,65.0
V008305,T008305,2025-04-30,CUN,P012,2,980.0
V008306,T008305,2025-04-30,CUN,P065,1,30.0
V008307,T008307,2025-04-30,CUN,P020,1,55.0
V008308,T008307,2025-04-30,CUN,P023,2,40.0
V008309,T008307,2025-04-30,CUN,P022,2,150.0
V008310,T008310,2025-04-30,CUN,P020,2,55.0
V008311,T008310,2025-04-30,CUN,P042,3,28.0
V008312,T008312,2025-04-30,CUN,P064,1,38.0
V008313,T008312,2025-04-30,CUN,P061,2,165.0
V008314,T008312,2025-04-30,CUN,P081,1,65.0
V008315,T008315,2025-04-30,CUN,P022,2,150.0
V008316,T008315,2025-04-30,CUN,P023,2,40.0
V008317,T008315,2025-04-30,CUN,P100,3,1250.0
V008318,T008318,2025-04-30,CUN,P021,2,85.0
V008319,T008318,2025-04-30,CUN,P023,2,40.0
V008320,T008320,2025-04-30,CUN,P048,1,180.0
V008321,T008320,2025-04-30,CUN,P022,3,150.0
V008322,T008322,2025-04-30,CUN,P105,1,145.0
V008323,T008322,2025-04-30,CUN,P041,2,35.0
V008324,T008324,2025-04-30,CUN,P012,3,980.0
V008325,T008325,2025-04-30,CUN,P107,2,165.0
V008326,T008326,2025-04-30,CUN,P002,1,180.0
V008327,T008327,2025-04-30,CUN,P080,3,280.0
V008328,T008327,2025-04-30,CUN,P002,3,180.0
V008329,T008329,2025-04-30,CUN,P022,2,150.0
V008330,T008329,2025-04-30,CUN,P023,1,40.0
V008331,T008329,2025-04-30,CUN,P009,1,85.0
V008332,T008332,2025-04-30,CUN,P062,1,320.0
V008333,T008332,2025-04-30,CUN,P063,2,45.0
V008334,T008334,2025-04-30,MID,P085,1,980.0
V008335,T008334,2025-04-30,MID,P022,1,150.0
V008336,T008336,2025-04-30,MID,P002,2,180.0
V008337,T008336,2025-04-30,MID,P104,2,95.0
V008338,T008338,2025-04-30,MID,P100,1,1250.0
V008339,T008338,2025-04-30,MID,P102,3,45.0
V008340,T008340,2025-04-30,MID,P105,1,145.0
V008341,T008341,2025-04-30,MID,P062,1,320.0
V008342,T008341,2025-04-30,MID,P063,1,45.0
V008343,T008343,2025-04-30,MID,P045,1,45.0
V008344,T008344,2025-04-30,MID,P105,2,145.0
V008345,T008345,2025-04-30,MID,P064,1,38.0
V008346,T008345,2025-04-30,MID,P061,1,165.0
V008347,T008347,2025-04-30,MID,P100,3,1250.0
V008348,T008347,2025-04-30,MID,P102,1,45.0
V008349,T008349,2025-04-30,MID,P006,1,12.0
V008350,T008350,2025-04-30,MID,P026,3,65.0
V008351,T008351,2025-04-30,MID,P002,2,180.0
V008352,T008351,2025-04-30,MID,P027,2,320.0
V008353,T008353,2025-04-30,MID,P044,1,22.0
V008354,T008353,2025-04-30,MID,P027,1,320.0
V008355,T008355,2025-04-30,MID,P105,1,145.0
V008356,T008356,2025-04-30,MID,P042,2,28.0
V008357,T008356,2025-04-30,MID,P043,1,18.0
V008358,T008358,2025-04-30,MID,P024,3,6.0
V008359,T008358,2025-04-30,MID,P102,1,45.0
V008360,T008360,2025-04-30,MID,P022,3,150.0
V008361,T008361,2025-04-30,MID,P021,2,85.0
V008362,T008361,2025-04-30,MID,P023,2,40.0
V008363,T008361,2025-04-30,MID,P046,2,280.0
V008364,T008364,2025-04-30,MID,P001,3,145.0
V008365,T008364,2025-04-30,MID,P027,1,320.0
V008366,T008366,2025-04-30,MID,P083,2,65.0
V008367,T008366,2025-04-30,MID,P100,2,1250.0
V008368,T008368,2025-04-30,MID,P101,1,35.0
V008369,T008369,2025-04-30,CHI,P012,3,980.0
V008370,T008370,2025-04-30,CHI,P028,1,180.0
V008371,T008370,2025-04-30,CHI,P104,1,95.0
V008372,T008372,2025-04-30,CHI,P065,2,30.0
V008373,T008373,2025-04-30,CHI,P003,1,8.5
V008374,T008373,2025-04-30,CHI,P004,2,6.0
V008375,T008375,2025-04-30,CHI,P003,1,8.5
V008376,T008376,2025-04-30,CHI,P041,2,35.0
V008377,T008376,2025-04-30,CHI,P011,2,210.0
V008378,T008378,2025-04-30,CHI,P042,2,28.0
V008379,T008378,2025-04-30,CHI,P043,1,18.0
V008380,T008380,2025-04-30,CHI,P002,1,180.0
V008381,T008381,2025-04-30,CHI,P060,2,850.0
V008382,T008382,2025-04-30,CDMX,P012,2,980.0
V008383,T008383,2025-04-30,CDMX,P006,2,12.0
V008384,T008383,2025-04-30,CDMX,P044,2,22.0
V008385,T008385,2025-04-30,CDMX,P086,2,650.0
V008386,T008386,2025-04-30,CDMX,P011,2,210.0
V008387,T008387,2025-04-30,CDMX,P001,1,145.0
V008388,T008388,2025-04-30,CDMX,P021,1,85.0
V008389,T008388,2025-04-30,CDMX,P023,2,40.0
V008390,T008388,2025-04-30,CDMX,P061,1,165.0
V008391,T008391,2025-04-30,CDMX,P023,2,40.0
V008392,T008391,2025-04-30,CDMX,P020,2,55.0
V008393,T008393,2025-04-30,CDMX,P012,1,980.0
V008394,T008394,2025-04-30,CDMX,P083,2,65.0
V008395,T008395,2025-04-30,CDMX,P006,1,12.0
V008396,T008395,2025-04-30,CDMX,P066,3,55.0
V008397,T008397,2025-04-30,CDMX,P010,1,120.0
V008398,T008397,2025-04-30,CDMX,P062,1,320.0
V008399,T008399,2025-04-30,CDMX,P001,1,145.0
V008400,T008400,2025-04-30,CDMX,P045,2,45.0
V008401,T008400,2025-04-30,CDMX,P001,1,145.0
V008402,T008402,2025-04-30,MTY,P105,3,145.0
V008403,T008403,2025-04-30,MTY,P064,2,38.0
V008404,T008403,2025-04-30,MTY,P061,1,165.0
V008405,T008405,2025-04-30,MTY,P042,3,28.0
V008406,T008405,2025-04-30,MTY,P043,1,18.0
V008407,T008405,2025-04-30,MTY,P025,1,35.0
V008408,T008408,2025-04-30,MTY,P006,3,12.0
V008409,T008408,2025-04-30,MTY,P080,2,280.0
V008410,T008410,2025-04-30,MTY,P103,3,120.0
V008411,T008410,2025-04-30,MTY,P105,1,145.0
V008412,T008412,2025-04-30,MTY,P041,1,35.0
V008413,T008413,2025-04-30,MTY,P048,1,180.0
V008414,T008414,2025-04-30,MTY,P024,3,6.0
V008415,T008414,2025-04-30,MTY,P028,2,180.0
V008416,T008416,2025-04-30,MTY,P007,2,95.0
V008417,T008416,2025-04-30,MTY,P003,2,8.5
V008418,T008418,2025-04-30,MTY,P066,2,55.0
V008419,T008419,2025-04-30,MTY,P021,2,85.0
V008420,T008419,2025-04-30,MTY,P023,2,40.0
V008421,T008419,2025-04-30,MTY,P047,3,95.0
V008422,T008422,2025-04-30,MTY,P009,1,85.0
V008423,T008423,2025-04-30,MTY,P100,2,1250.0
V008424,T008423,2025-04-30,MTY,P102,2,45.0
V008425,T008423,2025-04-30,MTY,P011,2,210.0
V008426,T008426,2025-04-30,MTY,P064,2,38.0
V008427,T008426,2025-04-30,MTY,P061,2,165.0
V008428,T008426,2025-04-30,MTY,P005,2,65.0
V008429,T008429,2025-04-30,MTY,P006,2,12.0
V008430,T008429,2025-04-30,MTY,P107,3,165.0
V008431,T008431,2025-04-30,MTY,P064,2,38.0
V008432,T008432,2025-04-30,MTY,P086,1,650.0
V008433,T008433,2025-05-01,CUN,P100,2,1250.0
V008434,T008433,2025-05-01,CUN,P106,2,55.0
V008435,T008435,2025-05-01,CUN,P047,2,95.0
V008436,T008435,2025-05-01,CUN,P021,1,85.0
V008437,T008437,2025-05-01,CUN,P041,2,35.0
V008438,T008437,2025-05-01,CUN,P043,1,18.0
V008439,T008437,2025-05-01,CUN,P013,2,45.0
V008440,T008440,2025-05-01,CUN,P007,3,95.0
V008441,T008440,2025-05-01,CUN,P046,1,280.0
V008442,T008442,2025-05-01,CUN,P065,2,30.0
V008443,T008442,2025-05-01,CUN,P107,1,165.0
V008444,T008444,2025-05-01,CUN,P021,3,85.0
V008445,T008444,2025-05-01,CUN,P023,3,40.0
V008446,T008444,2025-05-01,CUN,P004,2,6.0
V008447,T008447,2025-05-01,CUN,P010,3,120.0
V008448,T008448,2025-05-01,CUN,P005,1,65.0
V008449,T008449,2025-05-01,CUN,P082,1,25.0
V008450,T008449,2025-05-01,CUN,P003,3,8.5
V008451,T008451,2025-05-01,CUN,P005,1,65.0
V008452,T008451,2025-05-01,CUN,P009,2,85.0
V008453,T008453,2025-05-01,CUN,P047,2,95.0
V008454,T008453,2025-05-01,CUN,P101,2,35.0
V008455,T008455,2025-05-01,CUN,P100,3,1250.0
V008456,T008455,2025-05-01,CUN,P102,2,45.0
V008457,T008455,2025-05-01,CUN,P027,1,320.0
V008458,T008458,2025-05-01,CUN,P022,2,150.0
V008459,T008458,2025-05-01,CUN,P023,3,40.0
V008460,T008458,2025-05-01,CUN,P001,3,145.0
V008461,T008461,2025-05-01,MID,P022,1,150.0
V008462,T008461,2025-05-01,MID,P023,2,40.0
V008463,T008461,2025-05-01,MID,P084,2,18.0
V008464,T008464,2025-05-01,MID,P043,1,18.0
V008465,T008465,2025-05-01,MID,P023,2,40.0
V008466,T008466,2025-05-01,MID,P005,1,65.0
V008467,T008466,2025-05-01,MID,P010,1,120.0
V008468,T008468,2025-05-01,MID,P030,2,180.0
V008469,T008468,2025-05-01,MID,P103,2,120.0
V008470,T008470,2025-05-01,MID,P006,2,12.0
V008471,T008471,2025-05-01,MID,P042,1,28.0
V008472,T008471,2025-05-01,MID,P043,1,18.0
V008473,T008473,2025-05-01,MID,P042,1,28.0
V008474,T008473,2025-05-01,MID,P043,1,18.0
V008475,T008473,2025-05-01,MID,P009,1,85.0
V008476,T008476,2025-05-01,MID,P082,1,25.0
V008477,T008476,2025-05-01,MID,P060,2,850.0
V008478,T008478,2025-05-01,MID,P020,3,55.0
V008479,T008478,2025-05-01,MID,P023,1,40.0
V008480,T008478,2025-05-01,MID,P043,1,18.0
V008481,T008481,2025-05-01,CHI,P029,2,95.0
V008482,T008482,2025-05-01,CHI,P012,1,980.0
V008483,T008483,2025-05-01,CHI,P106,2,55.0
V008484,T008484,2025-05-01,CHI,P005,2,65.0
V008485,T008485,2025-05-01,CHI,P020,3,55.0
V008486,T008485,2025-05-01,CHI,P012,1,980.0
V008487,T008487,2025-05-01,CHI,P107,1,165.0
V008488,T008488,2025-05-01,CHI,P025,1,35.0
V008489,T008489,2025-05-01,CHI,P047,2,95.0
V008490,T008489,2025-05-01,CHI,P029,2,95.0
V008491,T008491,2025-05-01,CHI,P102,1,45.0
V008492,T008491,2025-05-01,CHI,P107,3,165.0
V008493,T008493,2025-05-01,CHI,P042,2,28.0
V008494,T008493,2025-05-01,CHI,P081,1,65.0
V008495,T008495,2025-05-01,CHI,P080,2,280.0
V008496,T008495,2025-05-01,CHI,P103,1,120.0
V008497,T008497,2025-05-01,CHI,P041,1,35.0
V008498,T008497,2025-05-01,CHI,P043,2,18.0
V008499,T008499,2025-05-01,CHI,P006,1,12.0
V008500,T008499,2025-05-01,CHI,P028,1,180.0
V008501,T008501,2025-05-01,CHI,P005,1,65.0
V008502,T008502,2025-05-01,CHI,P029,3,95.0
V008503,T008502,2025-05-01,CHI,P066,3,55.0
V008504,T008504,2025-05-01,CDMX,P100,2,1250.0
V008505,T008504,2025-05-01,CDMX,P101,2,35.0
V008506,T008504,2025-05-01,CDMX,P065,3,30.0
V008507,T008507,2025-05-01,CDMX,P006,2,12.0
V008508,T008507,2025-05-01,CDMX,P041,1,35.0
V008509,T008509,2025-05-01,CDMX,P020,1,55.0
V008510,T008509,2025-05-01,CDMX,P023,3,40.0
V008511,T008511,2025-05-01,CDMX,P042,1,28.0
V008512,T008511,2025-05-01,CDMX,P043,1,18.0
V008513,T008511,2025-05-01,CDMX,P023,2,40.0
V008514,T008514,2025-05-01,CDMX,P085,1,980.0
V008515,T008515,2025-05-01,CDMX,P100,2,1250.0
V008516,T008515,2025-05-01,CDMX,P102,2,45.0
V008517,T008515,2025-05-01,CDMX,P020,1,55.0
V008518,T008518,2025-05-01,CDMX,P100,1,1250.0
V008519,T008519,2025-05-01,CDMX,P105,2,145.0
V008520,T008520,2025-05-01,CDMX,P024,3,6.0
V008521,T008521,2025-05-01,CDMX,P082,1,25.0
V008522,T008521,2025-05-01,CDMX,P044,2,22.0
V008523,T008523,2025-05-01,CDMX,P063,1,45.0
V008524,T008523,2025-05-01,CDMX,P060,3,850.0
V008525,T008523,2025-05-01,CDMX,P102,2,45.0
V008526,T008526,2025-05-01,CDMX,P020,3,55.0
V008527,T008527,2025-05-01,CDMX,P064,1,38.0
V008528,T008527,2025-05-01,CDMX,P061,2,165.0
V008529,T008527,2025-05-01,CDMX,P004,2,6.0
V008530,T008530,2025-05-01,CDMX,P020,2,55.0
V008531,T008530,2025-05-01,CDMX,P023,1,40.0
V008532,T008532,2025-05-01,CDMX,P106,3,55.0
V008533,T008532,2025-05-01,CDMX,P003,2,8.5
V008534,T008534,2025-05-01,CDMX,P003,1,8.5
V008535,T008535,2025-05-01,CDMX,P085,1,980.0
V008536,T008535,2025-05-01,CDMX,P064,2,38.0
V008537,T008537,2025-05-01,CDMX,P105,1,145.0
V008538,T008538,2025-05-01,CDMX,P006,1,12.0
V008539,T008538,2025-05-01,CDMX,P063,2,45.0
V008540,T008540,2025-05-01,CDMX,P006,2,12.0
V008541,T008541,2025-05-01,MTY,P028,1,180.0
V008542,T008542,2025-05-01,MTY,P008,2,180.0
V008543,T008543,2025-05-01,MTY,P100,3,1250.0
V008544,T008543,2025-05-01,MTY,P101,1,35.0
V008545,T008545,2025-05-01,MTY,P063,3,45.0
V008546,T008545,2025-05-01,MTY,P060,1,850.0
V008547,T008545,2025-05-01,MTY,P102,2,45.0
V008548,T008548,2025-05-01,MTY,P024,2,6.0
V008549,T008548,2025-05-01,MTY,P023,3,40.0
V008550,T008550,2025-05-01,MTY,P103,3,120.0
V008551,T008550,2025-05-01,MTY,P044,1,22.0
V008552,T008552,2025-05-01,MTY,P013,1,45.0
V008553,T008552,2025-05-01,MTY,P080,2,280.0
V008554,T008554,2025-05-01,MTY,P105,1,145.0
V008555,T008555,2025-05-01,MTY,P063,2,45.0
V008556,T008555,2025-05-01,MTY,P101,2,35.0
V008557,T008557,2025-05-01,MTY,P009,1,85.0
V008558,T008558,2025-05-01,MTY,P064,1,38.0
V008559,T008558,2025-05-01,MTY,P061,1,165.0
V008560,T008560,2025-05-01,MTY,P009,1,85.0
V008561,T008561,2025-05-01,MTY,P026,2,65.0
V008562,T008561,2025-05-01,MTY,P028,2,180.0
V008563,T008563,2025-05-02,CUN,P064,1,38.0
V008564,T008563,2025-05-02,CUN,P061,1,165.0
V008565,T008565,2025-05-02,CUN,P004,2,6.0
V008566,T008566,2025-05-02,CUN,P020,2,55.0
V008567,T008566,2025-05-02,CUN,P023,3,40.0
V008568,T008566,2025-05-02,CUN,P009,1,85.0
V008569,T008569,2025-05-02,CUN,P043,2,18.0
V008570,T008569,2025-05-02,CUN,P001,2,145.0
V008571,T008571,2025-05-02,CUN,P041,2,35.0
V008572,T008571,2025-05-02,CUN,P043,1,18.0
V008573,T008573,2025-05-02,CUN,P004,1,6.0
V008574,T008574,2025-05-02,CUN,P010,1,120.0
V008575,T008574,2025-05-02,CUN,P002,1,180.0
V008576,T008576,2025-05-02,CUN,P041,2,35.0
V008577,T008576,2025-05-02,CUN,P043,1,18.0
V008578,T008578,2025-05-02,MID,P065,2,30.0
V008579,T008578,2025-05-02,MID,P085,3,980.0
V008580,T008580,2025-05-02,MID,P041,2,35.0
V008581,T008580,2025-05-02,MID,P047,2,95.0
V008582,T008582,2025-05-02,MID,P100,2,1250.0
V008583,T008582,2025-05-02,MID,P101,1,35.0
V008584,T008582,2025-05-02,MID,P083,3,65.0
V008585,T008585,2025-05-02,MID,P042,2,28.0
V008586,T008585,2025-05-02,MID,P043,1,18.0
V008587,T008587,2025-05-02,MID,P042,2,28.0
V008588,T008587,2025-05-02,MID,P043,1,18.0
V008589,T008589,2025-05-02,MID,P028,2,180.0
V008590,T008589,2025-05-02,MID,P007,1,95.0
V008591,T008591,2025-05-02,MID,P008,2,180.0
V008592,T008592,2025-05-02,MID,P062,1,320.0
V008593,T008592,2025-05-02,MID,P085,1,980.0
V008594,T008594,2025-05-02,MID,P080,2,280.0
V008595,T008595,2025-05-02,MID,P030,2,180.0
V008596,T008595,2025-05-02,MID,P043,1,18.0
V008597,T008597,2025-05-02,MID,P064,2,38.0
V008598,T008597,2025-05-02,MID,P061,1,165.0
V008599,T008597,2025-05-02,MID,P022,2,150.0
V008600,T008600,2025-05-02,MID,P026,1,65.0
V008601,T008601,2025-05-02,MID,P025,2,35.0
V008602,T008601,2025-05-02,MID,P048,2,180.0
V008603,T008603,2025-05-02,MID,P041,1,35.0
V008604,T008603,2025-05-02,MID,P043,2,18.0
V008605,T008603,2025-05-02,MID,P107,1,165.0
V008606,T008606,2025-05-02,MID,P063,3,45.0
V008607,T008606,2025-05-02,MID,P060,1,850.0
V008608,T008608,2025-05-02,MID,P041,3,35.0
V008609,T008608,2025-05-02,MID,P043,1,18.0
V008610,T008610,2025-05-02,MID,P104,1,95.0
V008611,T008610,2025-05-02,MID,P030,2,180.0
V008612,T008612,2025-05-02,CHI,P030,1,180.0
V008613,T008612,2025-05-02,CHI,P021,1,85.0
V008614,T008614,2025-05-02,CHI,P063,1,45.0
V008615,T008614,2025-05-02,CHI,P060,3,850.0
V008616,T008614,2025-05-02,CHI,P047,2,95.0
V008617,T008617,2025-05-02,CHI,P086,1,650.0
V008618,T008618,2025-05-02,CHI,P063,2,45.0
V008619,T008618,2025-05-02,CHI,P060,2,850.0
V008620,T008620,2025-05-02,CHI,P100,1,1250.0
V008621,T008620,2025-05-02,CHI,P101,3,35.0
V008622,T008620,2025-05-02,CHI,P104,2,95.0
V008623,T008623,2025-05-02,CHI,P061,1,165.0
V008624,T008623,2025-05-02,CHI,P106,3,55.0
V008625,T008625,2025-05-02,CHI,P006,2,12.0
V008626,T008625,2025-05-02,CHI,P101,1,35.0
V008627,T008627,2025-05-02,CHI,P063,2,45.0
V008628,T008627,2025-05-02,CHI,P060,1,850.0
V008629,T008629,2025-05-02,CHI,P062,1,320.0
V008630,T008629,2025-05-02,CHI,P045,1,45.0
V008631,T008631,2025-05-02,CHI,P004,1,6.0
V008632,T008632,2025-05-02,CHI,P084,3,18.0
V008633,T008632,2025-05-02,CHI,P040,1,1450.0
V008634,T008634,2025-05-02,CHI,P022,3,150.0
V008635,T008635,2025-05-02,CHI,P022,2,150.0
V008636,T008635,2025-05-02,CHI,P023,2,40.0
V008637,T008635,2025-05-02,CHI,P048,1,180.0
V008638,T008638,2025-05-02,CHI,P022,2,150.0
V008639,T008638,2025-05-02,CHI,P023,3,40.0
V008640,T008640,2025-05-02,CHI,P103,1,120.0
V008641,T008641,2025-05-02,CDMX,P041,2,35.0
V008642,T008641,2025-05-02,CDMX,P003,1,8.5
V008643,T008643,2025-05-02,CDMX,P022,2,150.0
V008644,T008643,2025-05-02,CDMX,P023,2,40.0
V008645,T008645,2025-05-02,CDMX,P064,1,38.0
V008646,T008646,2025-05-02,CDMX,P100,2,1250.0
V008647,T008646,2025-05-02,CDMX,P101,3,35.0
V008648,T008648,2025-05-02,CDMX,P100,3,1250.0
V008649,T008648,2025-05-02,CDMX,P102,1,45.0
V008650,T008650,2025-05-02,CDMX,P041,1,35.0
V008651,T008650,2025-05-02,CDMX,P043,2,18.0
V008652,T008652,2025-05-02,CDMX,P020,1,55.0
V008653,T008652,2025-05-02,CDMX,P023,1,40.0
V008654,T008652,2025-05-02,CDMX,P060,2,850.0
V008655,T008655,2025-05-02,CDMX,P022,3,150.0
V008656,T008655,2025-05-02,CDMX,P023,1,40.0
V008657,T008655,2025-05-02,CDMX,P024,2,6.0
V008658,T008658,2025-05-02,CDMX,P010,1,120.0
V008659,T008659,2025-05-02,CDMX,P046,1,280.0
V008660,T008659,2025-05-02,CDMX,P025,1,35.0
V008661,T008661,2025-05-02,CDMX,P084,1,18.0
V008662,T008661,2025-05-02,CDMX,P102,2,45.0
V008663,T008663,2025-05-02,CDMX,P021,1,85.0
V008664,T008663,2025-05-02,CDMX,P023,1,40.0
V008665,T008663,2025-05-02,CDMX,P106,1,55.0
V008666,T008666,2025-05-02,CDMX,P041,1,35.0
V008667,T008667,2025-05-02,CDMX,P022,3,150.0
V008668,T008667,2025-05-02,CDMX,P023,3,40.0
V008669,T008667,2025-05-02,CDMX,P080,1,280.0
V008670,T008670,2025-05-02,CDMX,P047,1,95.0
V008671,T008670,2025-05-02,CDMX,P040,1,1450.0
V008672,T008672,2025-05-02,CDMX,P005,2,65.0
V008673,T008672,2025-05-02,CDMX,P024,1,6.0
V008674,T008674,2025-05-02,CDMX,P044,1,22.0
V008675,T008674,2025-05-02,CDMX,P045,1,45.0
V008676,T008676,2025-05-02,MTY,P028,1,180.0
V008677,T008677,2025-05-02,MTY,P103,1,120.0
V008678,T008677,2025-05-02,MTY,P061,3,165.0
V008679,T008679,2025-05-02,MTY,P080,3,280.0
V008680,T008679,2025-05-02,MTY,P065,1,30.0
V008681,T008681,2025-05-02,MTY,P100,2,1250.0
V008682,T008681,2025-05-02,MTY,P101,2,35.0
V008683,T008681,2025-05-02,MTY,P063,1,45.0
V008684,T008684,2025-05-02,MTY,P043,2,18.0
V008685,T008684,2025-05-02,MTY,P009,1,85.0
V008686,T008686,2025-05-02,MTY,P043,1,18.0
V008687,T008687,2025-05-02,MTY,P022,1,150.0
V008688,T008688,2025-05-02,MTY,P082,3,25.0
V008689,T008689,2025-05-02,MTY,P104,1,95.0
V008690,T008690,2025-05-02,MTY,P086,1,650.0
V008691,T008690,2025-05-02,MTY,P047,1,95.0
V008692,T008692,2025-05-02,MTY,P081,1,65.0
V008693,T008693,2025-05-02,MTY,P020,3,55.0
V008694,T008694,2025-05-02,MTY,P083,2,65.0
V008695,T008694,2025-05-02,MTY,P047,3,95.0
V008696,T008696,2025-05-02,MTY,P021,2,85.0
V008697,T008696,2025-05-02,MTY,P023,2,40.0
V008698,T008696,2025-05-02,MTY,P103,1,120.0
V008699,T008699,2025-05-03,CUN,P027,1,320.0
V008700,T008700,2025-05-03,CUN,P065,3,30.0
V008701,T008701,2025-05-03,CUN,P064,2,38.0
V008702,T008701,2025-05-03,CUN,P061,1,165.0
V008703,T008703,2025-05-03,CUN,P022,2,150.0
V008704,T008703,2025-05-03,CUN,P023,1,40.0
V008705,T008705,2025-05-03,CUN,P007,2,95.0
V008706,T008705,2025-05-03,CUN,P012,2,980.0
V008707,T008707,2025-05-03,CUN,P061,1,165.0
V008708,T008708,2025-05-03,CUN,P007,1,95.0
V008709,T008708,2025-05-03,CUN,P025,1,35.0
V008710,T008710,2025-05-03,CUN,P020,1,55.0
V008711,T008710,2025-05-03,CUN,P023,3,40.0
V008712,T008712,2025-05-03,CUN,P100,1,1250.0
V008713,T008713,2025-05-03,CUN,P041,2,35.0
V008714,T008713,2025-05-03,CUN,P043,3,18.0
V008715,T008715,2025-05-03,CUN,P047,3,95.0
V008716,T008715,2025-05-03,CUN,P084,1,18.0
V008717,T008717,2025-05-03,CUN,P100,3,1250.0
V008718,T008717,2025-05-03,CUN,P101,2,35.0
V008719,T008719,2025-05-03,CUN,P100,2,1250.0
V008720,T008719,2025-05-03,CUN,P102,1,45.0
V008721,T008721,2025-05-03,CUN,P009,2,85.0
V008722,T008721,2025-05-03,CUN,P045,3,45.0
V008723,T008723,2025-05-03,CUN,P028,1,180.0
V008724,T008724,2025-05-03,CUN,P100,3,1250.0
V008725,T008724,2025-05-03,CUN,P102,1,45.0
V008726,T008724,2025-05-03,CUN,P062,3,320.0
V008727,T008727,2025-05-03,CUN,P063,2,45.0
V008728,T008728,2025-05-03,MID,P063,1,45.0
V008729,T008729,2025-05-03,MID,P060,2,850.0
V008730,T008730,2025-05-03,MID,P064,1,38.0
V008731,T008730,2025-05-03,MID,P061,1,165.0
V008732,T008732,2025-05-03,MID,P107,1,165.0
V008733,T008733,2025-05-03,MID,P021,2,85.0
V008734,T008733,2025-05-03,MID,P023,1,40.0
V008735,T008733,2025-05-03,MID,P046,2,280.0
V008736,T008736,2025-05-03,MID,P064,1,38.0
V008737,T008736,2025-05-03,MID,P061,1,165.0
V008738,T008736,2025-05-03,MID,P007,1,95.0
V008739,T008739,2025-05-03,MID,P083,1,65.0
V008740,T008740,2025-05-03,MID,P100,1,1250.0
V008741,T008740,2025-05-03,MID,P102,1,45.0
V008742,T008742,2025-05-03,MID,P029,1,95.0
V008743,T008743,2025-05-03,MID,P022,1,150.0
V008744,T008743,2025-05-03,MID,P023,1,40.0
V008745,T008743,2025-05-03,MID,P030,1,180.0
V008746,T008746,2025-05-03,MID,P024,2,6.0
V008747,T008747,2025-05-03,MID,P107,1,165.0
V008748,T008747,2025-05-03,MID,P062,1,320.0
V008749,T008749,2025-05-03,CHI,P013,1,45.0
V008750,T008749,2025-05-03,CHI,P011,1,210.0
V008751,T008751,2025-05-03,CHI,P100,2,1250.0
V008752,T008751,2025-05-03,CHI,P102,1,45.0
V008753,T008753,2025-05-03,CHI,P041,2,35.0
V008754,T008753,2025-05-03,CHI,P043,2,18.0
V008755,T008753,2025-05-03,CHI,P029,1,95.0
V008756,T008756,2025-05-03,CHI,P021,2,85.0
V008757,T008757,2025-05-03,CHI,P086,1,650.0
V008758,T008757,2025-05-03,CHI,P001,2,145.0
V008759,T008759,2025-05-03,CHI,P042,1,28.0
V008760,T008759,2025-05-03,CHI,P043,1,18.0
V008761,T008761,2025-05-03,CHI,P048,1,180.0
V008762,T008762,2025-05-03,CHI,P063,2,45.0
V008763,T008762,2025-05-03,CHI,P060,2,850.0
V008764,T008764,2025-05-03,CHI,P021,1,85.0
V008765,T008764,2025-05-03,CHI,P060,3,850.0
V008766,T008766,2025-05-03,CHI,P042,1,28.0
V008767,T008766,2025-05-03,CHI,P043,2,18.0
V008768,T008768,2025-05-03,CHI,P080,2,280.0
V008769,T008768,2025-05-03,CHI,P060,2,850.0
V008770,T008770,2025-05-03,CHI,P105,2,145.0
V008771,T008771,2025-05-03,CHI,P042,1,28.0
V008772,T008771,2025-05-03,CHI,P043,1,18.0
V008773,T008771,2025-05-03,CHI,P009,1,85.0
V008774,T008774,2025-05-03,CHI,P012,2,980.0
V008775,T008774,2025-05-03,CHI,P103,1,120.0
V008776,T008776,2025-05-03,CDMX,P040,2,1450.0
V008777,T008777,2025-05-03,CDMX,P100,1,1250.0
V008778,T008777,2025-05-03,CDMX,P102,2,45.0
V008779,T008779,2025-05-03,CDMX,P041,3,35.0
V008780,T008779,2025-05-03,CDMX,P043,1,18.0
V008781,T008781,2025-05-03,CDMX,P064,2,38.0
V008782,T008782,2025-05-03,CDMX,P064,1,38.0
V008783,T008782,2025-05-03,CDMX,P061,1,165.0
V008784,T008782,2025-05-03,CDMX,P065,1,30.0
V008785,T008785,2025-05-03,CDMX,P104,1,95.0
V008786,T008786,2025-05-03,CDMX,P029,2,95.0
V008787,T008787,2025-05-03,CDMX,P009,1,85.0
V008788,T008787,2025-05-03,CDMX,P023,2,40.0
V008789,T008789,2025-05-03,CDMX,P042,2,28.0
V008790,T008789,2025-05-03,CDMX,P043,3,18.0
V008791,T008789,2025-05-03,CDMX,P020,2,55.0
V008792,T008792,2025-05-03,CDMX,P046,1,280.0
V008793,T008792,2025-05-03,CDMX,P029,2,95.0
V008794,T008794,2025-05-03,CDMX,P006,3,12.0
V008795,T008794,2025-05-03,CDMX,P102,1,45.0
V008796,T008796,2025-05-03,CDMX,P083,1,65.0
V008797,T008797,2025-05-03,CDMX,P100,3,1250.0
V008798,T008797,2025-05-03,CDMX,P102,1,45.0
V008799,T008799,2025-05-03,MTY,P103,2,120.0
V008800,T008800,2025-05-03,MTY,P104,1,95.0
V008801,T008801,2025-05-03,MTY,P011,1,210.0
V008802,T008801,2025-05-03,MTY,P080,2,280.0
V008803,T008803,2025-05-03,MTY,P063,2,45.0
V008804,T008803,2025-05-03,MTY,P060,3,850.0
V008805,T008805,2025-05-03,MTY,P024,2,6.0
V008806,T008805,2025-05-03,MTY,P029,1,95.0
V008807,T008807,2025-05-03,MTY,P020,1,55.0
V008808,T008807,2025-05-03,MTY,P107,3,165.0
V008809,T008809,2025-05-03,MTY,P064,3,38.0
V008810,T008809,2025-05-03,MTY,P061,3,165.0
V008811,T008809,2025-05-03,MTY,P048,3,180.0
V008812,T008812,2025-05-03,MTY,P021,2,85.0
V008813,T008812,2025-05-03,MTY,P023,1,40.0
V008814,T008814,2025-05-03,MTY,P048,2,180.0
V008815,T008814,2025-05-03,MTY,P081,1,65.0
V008816,T008816,2025-05-03,MTY,P063,2,45.0
V008817,T008816,2025-05-03,MTY,P060,1,850.0
V008818,T008818,2025-05-03,MTY,P010,1,120.0
V008819,T008818,2025-05-03,MTY,P040,1,1450.0
V008820,T008820,2025-05-03,MTY,P008,2,180.0
V008821,T008820,2025-05-03,MTY,P042,1,28.0
V008822,T008822,2025-05-03,MTY,P011,2,210.0
V008823,T008822,2025-05-03,MTY,P063,1,45.0
V008824,T008824,2025-05-03,MTY,P064,3,38.0
V008825,T008824,2025-05-03,MTY,P061,2,165.0
V008826,T008824,2025-05-03,MTY,P023,3,40.0
V008827,T008827,2025-05-03,MTY,P004,2,6.0
V008828,T008828,2025-05-03,MTY,P100,2,1250.0
V008829,T008828,2025-05-03,MTY,P101,1,35.0
V008830,T008830,2025-05-03,MTY,P005,2,65.0
V008831,T008831,2025-05-03,MTY,P027,1,320.0
V008832,T008831,2025-05-03,MTY,P048,2,180.0
V008833,T008833,2025-05-03,MTY,P083,1,65.0
V008834,T008833,2025-05-03,MTY,P030,2,180.0
V008835,T008835,2025-05-03,MTY,P029,1,95.0
V008836,T008836,2025-05-03,MTY,P004,1,6.0
V008837,T008837,2025-05-04,CUN,P065,3,30.0
V008838,T008838,2025-05-04,CUN,P080,2,280.0
V008839,T008839,2025-05-04,CUN,P042,1,28.0
V008840,T008839,2025-05-04,CUN,P002,1,180.0
V008841,T008841,2025-05-04,CUN,P041,2,35.0
V008842,T008841,2025-05-04,CUN,P022,3,150.0
V008843,T008843,2025-05-04,CUN,P021,3,85.0
V008844,T008843,2025-05-04,CUN,P023,2,40.0
V008845,T008845,2025-05-04,CUN,P063,2,45.0
V008846,T008845,2025-05-04,CUN,P060,2,850.0
V008847,T008847,2025-05-04,CUN,P100,2,1250.0
V008848,T008847,2025-05-04,CUN,P102,3,45.0
V008849,T008849,2025-05-04,CUN,P007,1,95.0
V008850,T008850,2025-05-04,CUN,P002,2,180.0
V008851,T008851,2025-05-04,CUN,P064,2,38.0
V008852,T008851,2025-05-04,CUN,P061,1,165.0
V008853,T008851,2025-05-04,CUN,P066,1,55.0
V008854,T008854,2025-05-04,CUN,P022,2,150.0
V008855,T008854,2025-05-04,CUN,P023,2,40.0
V008856,T008854,2025-05-04,CUN,P080,1,280.0
V008857,T008857,2025-05-04,CUN,P007,3,95.0
V008858,T008857,2025-05-04,CUN,P063,2,45.0
V008859,T008859,2025-05-04,CUN,P065,1,30.0
V008860,T008860,2025-05-04,MID,P003,2,8.5
V008861,T008860,2025-05-04,MID,P027,2,320.0
V008862,T008862,2025-05-04,MID,P007,1,95.0
V008863,T008862,2025-05-04,MID,P062,2,320.0
V008864,T008864,2025-05-04,MID,P100,3,1250.0
V008865,T008864,2025-05-04,MID,P013,1,45.0
V008866,T008866,2025-05-04,MID,P063,1,45.0
V008867,T008866,2025-05-04,MID,P060,2,850.0
V008868,T008866,2025-05-04,MID,P004,3,6.0
V008869,T008869,2025-05-04,MID,P029,2,95.0
V008870,T008869,2025-05-04,MID,P007,2,95.0
V008871,T008871,2025-05-04,MID,P100,1,1250.0
V008872,T008871,2025-05-04,MID,P024,1,6.0
V008873,T008873,2025-05-04,MID,P063,2,45.0
V008874,T008873,2025-05-04,MID,P060,1,850.0
V008875,T008875,2025-05-04,MID,P021,2,85.0
V008876,T008875,2025-05-04,MID,P023,1,40.0
V008877,T008875,2025-05-04,MID,P026,3,65.0
V008878,T008878,2025-05-04,MID,P007,1,95.0
V008879,T008879,2025-05-04,MID,P103,2,120.0
V008880,T008879,2025-05-04,MID,P004,2,6.0
V008881,T008881,2025-05-04,MID,P008,2,180.0
V008882,T008881,2025-05-04,MID,P065,2,30.0
V008883,T008883,2025-05-04,CHI,P064,2,38.0
V008884,T008884,2025-05-04,CHI,P061,1,165.0
V008885,T008884,2025-05-04,CHI,P101,3,35.0
V008886,T008886,2025-05-04,CHI,P104,1,95.0
V008887,T008887,2025-05-04,CHI,P013,1,45.0
V008888,T008887,2025-05-04,CHI,P040,1,1450.0
V008889,T008889,2025-05-04,CHI,P021,2,85.0
V008890,T008890,2025-05-04,CHI,P043,1,18.0
V008891,T008891,2025-05-04,CHI,P041,2,35.0
V008892,T008891,2025-05-04,CHI,P043,1,18.0
V008893,T008893,2025-05-04,CHI,P101,1,35.0
V008894,T008893,2025-05-04,CHI,P062,1,320.0
V008895,T008895,2025-05-04,CHI,P047,1,95.0
V008896,T008895,2025-05-04,CHI,P064,2,38.0
V008897,T008897,2025-05-04,CDMX,P010,1,120.0
V008898,T008898,2025-05-04,CDMX,P064,3,38.0
V008899,T008898,2025-05-04,CDMX,P061,1,165.0
V008900,T008900,2025-05-04,CDMX,P009,1,85.0
V008901,T008901,2025-05-04,CDMX,P063,3,45.0
V008902,T008901,2025-05-04,CDMX,P060,1,850.0
V008903,T008903,2025-05-04,CDMX,P105,1,145.0
V008904,T008903,2025-05-04,CDMX,P011,2,210.0
V008905,T008905,2025-05-04,CDMX,P100,3,1250.0
V008906,T008905,2025-05-04,CDMX,P045,3,45.0
V008907,T008907,2025-05-04,CDMX,P041,2,35.0
V008908,T008907,2025-05-04,CDMX,P043,1,18.0
V008909,T008909,2025-05-04,CDMX,P020,2,55.0
V008910,T008909,2025-05-04,CDMX,P082,3,25.0
V008911,T008911,2025-05-04,CDMX,P022,1,150.0
V008912,T008911,2025-05-04,CDMX,P023,3,40.0
V008913,T008913,2025-05-04,CDMX,P029,3,95.0
V008914,T008914,2025-05-04,CDMX,P100,2,1250.0
V008915,T008914,2025-05-04,CDMX,P101,1,35.0
V008916,T008914,2025-05-04,CDMX,P104,2,95.0
V008917,T008917,2025-05-04,CDMX,P020,1,55.0
V008918,T008917,2025-05-04,CDMX,P023,1,40.0
V008919,T008917,2025-05-04,CDMX,P105,2,145.0
V008920,T008920,2025-05-04,CDMX,P041,1,35.0
V008921,T008921,2025-05-04,CDMX,P025,1,35.0
V008922,T008922,2025-05-04,CDMX,P042,3,28.0
V008923,T008922,2025-05-04,CDMX,P043,2,18.0
V008924,T008924,2025-05-04,CDMX,P005,1,65.0
V008925,T008925,2025-05-04,CDMX,P104,1,95.0
V008926,T008925,2025-05-04,CDMX,P002,2,180.0
V008927,T008927,2025-05-04,CDMX,P009,1,85.0
V008928,T008928,2025-05-04,CDMX,P022,1,150.0
V008929,T008929,2025-05-04,CDMX,P043,3,18.0
V008930,T008930,2025-05-04,CDMX,P020,3,55.0
V008931,T008930,2025-05-04,CDMX,P023,2,40.0
V008932,T008932,2025-05-04,CDMX,P002,1,180.0
V008933,T008933,2025-05-04,MTY,P085,2,980.0
V008934,T008934,2025-05-04,MTY,P042,1,28.0
V008935,T008934,2025-05-04,MTY,P005,1,65.0
V008936,T008936,2025-05-04,MTY,P022,1,150.0
V008937,T008936,2025-05-04,MTY,P084,1,18.0
V008938,T008938,2025-05-04,MTY,P106,1,55.0
V008939,T008938,2025-05-04,MTY,P063,1,45.0
V008940,T008940,2025-05-04,MTY,P061,1,165.0
V008941,T008940,2025-05-04,MTY,P102,3,45.0
V008942,T008942,2025-05-04,MTY,P043,2,18.0
V008943,T008943,2025-05-04,MTY,P066,1,55.0
V008944,T008944,2025-05-04,MTY,P044,1,22.0
V008945,T008945,2025-05-04,MTY,P042,1,28.0
V008946,T008945,2025-05-04,MTY,P043,1,18.0
V008947,T008945,2025-05-04,MTY,P028,1,180.0
V008948,T008948,2025-05-04,MTY,P020,1,55.0
V008949,T008948,2025-05-04,MTY,P086,2,650.0
V008950,T008950,2025-05-04,MTY,P064,2,38.0
V008951,T008950,2025-05-04,MTY,P061,1,165.0
V008952,T008952,2025-05-04,MTY,P064,1,38.0
V008953,T008952,2025-05-04,MTY,P061,2,165.0
V008954,T008954,2025-05-04,MTY,P085,2,980.0
V008955,T008954,2025-05-04,MTY,P005,1,65.0
V008956,T008956,2025-05-04,MTY,P081,1,65.0
V008957,T008956,2025-05-04,MTY,P060,1,850.0
V008958,T008958,2025-05-05,CUN,P080,2,280.0
V008959,T008958,2025-05-05,CUN,P062,1,320.0
V008960,T008960,2025-05-05,CUN,P026,1,65.0
V008961,T008961,2025-05-05,CUN,P100,3,1250.0
V008962,T008961,2025-05-05,CUN,P102,1,45.0
V008963,T008961,2025-05-05,CUN,P106,1,55.0
V008964,T008964,2025-05-05,CUN,P041,1,35.0
V008965,T008964,2025-05-05,CUN,P043,1,18.0
V008966,T008966,2025-05-05,CUN,P023,2,40.0
V008967,T008967,2025-05-05,CUN,P012,2,980.0
V008968,T008968,2025-05-05,CUN,P020,1,55.0
V008969,T008968,2025-05-05,CUN,P023,1,40.0
V008970,T008968,2025-05-05,CUN,P066,1,55.0
V008971,T008971,2025-05-05,CUN,P024,1,6.0
V008972,T008971,2025-05-05,CUN,P065,1,30.0
V008973,T008973,2025-05-05,CUN,P025,1,35.0
V008974,T008974,2025-05-05,CUN,P021,2,85.0
V008975,T008974,2025-05-05,CUN,P023,2,40.0
V008976,T008974,2025-05-05,CUN,P062,2,320.0
V008977,T008977,2025-05-05,CUN,P064,1,38.0
V008978,T008978,2025-05-05,CUN,P020,1,55.0
V008979,T008978,2025-05-05,CUN,P023,1,40.0
V008980,T008978,2025-05-05,CUN,P046,2,280.0
V008981,T008981,2025-05-05,CUN,P043,1,18.0
V008982,T008981,2025-05-05,CUN,P044,3,22.0
V008983,T008983,2025-05-05,CUN,P030,1,180.0
V008984,T008984,2025-05-05,CUN,P100,1,1250.0
V008985,T008984,2025-05-05,CUN,P102,1,45.0
V008986,T008984,2025-05-05,CUN,P022,2,150.0
V008987,T008987,2025-05-05,CUN,P021,1,85.0
V008988,T008987,2025-05-05,CUN,P023,1,40.0
V008989,T008989,2025-05-05,CUN,P061,1,165.0
V008990,T008989,2025-05-05,CUN,P048,2,180.0
V008991,T008991,2025-05-05,MID,P062,3,320.0
V008992,T008991,2025-05-05,MID,P004,2,6.0
V008993,T008993,2025-05-05,MID,P027,2,320.0
V008994,T008993,2025-05-05,MID,P009,1,85.0
V008995,T008995,2025-05-05,MID,P001,2,145.0
V008996,T008996,2025-05-05,MID,P022,3,150.0
V008997,T008997,2025-05-05,MID,P042,1,28.0
V008998,T008997,2025-05-05,MID,P043,2,18.0
V008999,T008997,2025-05-05,MID,P065,1,30.0
V009000,T009000,2025-05-05,MID,P041,2,35.0
V009001,T009000,2025-05-05,MID,P043,1,18.0
V009002,T009000,2025-05-05,MID,P105,3,145.0
V009003,T009003,2025-05-05,MID,P028,1,180.0
V009004,T009004,2025-05-05,MID,P106,1,55.0
V009005,T009004,2025-05-05,MID,P025,1,35.0
V009006,T009006,2025-05-05,MID,P022,1,150.0
V009007,T009006,2025-05-05,MID,P023,1,40.0
V009008,T009006,2025-05-05,MID,P030,1,180.0
V009009,T009009,2025-05-05,MID,P063,2,45.0
V009010,T009009,2025-05-05,MID,P060,1,850.0
V009011,T009011,2025-05-05,MID,P064,3,38.0
V009012,T009011,2025-05-05,MID,P061,2,165.0
V009013,T009011,2025-05-05,MID,P022,1,150.0
V009014,T009014,2025-05-05,MID,P022,1,150.0
V009015,T009014,2025-05-05,MID,P023,1,40.0
V009016,T009014,2025-05-05,MID,P003,2,8.5
V009017,T009017,2025-05-05,MID,P022,3,150.0
V009018,T009017,2025-05-05,MID,P023,1,40.0
V009019,T009017,2025-05-05,MID,P027,1,320.0
V009020,T009020,2025-05-05,MID,P100,1,1250.0
V009021,T009021,2025-05-05,MID,P008,1,180.0
V009022,T009022,2025-05-05,MID,P020,1,55.0
V009023,T009022,2025-05-05,MID,P007,3,95.0
V009024,T009024,2025-05-05,MID,P022,1,150.0
V009025,T009024,2025-05-05,MID,P023,1,40.0
V009026,T009026,2025-05-05,MID,P042,3,28.0
V009027,T009026,2025-05-05,MID,P043,1,18.0
V009028,T009026,2025-05-05,MID,P085,1,980.0
V009029,T009029,2025-05-05,MID,P042,1,28.0
V009030,T009029,2025-05-05,MID,P043,2,18.0
V009031,T009029,2025-05-05,MID,P029,2,95.0
V009032,T009032,2025-05-05,MID,P001,2,145.0
V009033,T009032,2025-05-05,MID,P046,2,280.0
V009034,T009034,2025-05-05,CHI,P020,2,55.0
V009035,T009034,2025-05-05,CHI,P023,1,40.0
V009036,T009036,2025-05-05,CHI,P100,2,1250.0
V009037,T009036,2025-05-05,CHI,P101,3,35.0
V009038,T009038,2025-05-05,CHI,P105,2,145.0
V009039,T009038,2025-05-05,CHI,P062,3,320.0
V009040,T009040,2025-05-05,CHI,P012,1,980.0
V009041,T009041,2025-05-05,CHI,P006,2,12.0
V009042,T009042,2025-05-05,CHI,P041,1,35.0
V009043,T009042,2025-05-05,CHI,P026,1,65.0
V009044,T009044,2025-05-05,CHI,P040,1,1450.0
V009045,T009045,2025-05-05,CHI,P080,2,280.0
V009046,T009046,2025-05-05,CHI,P042,1,28.0
V009047,T009046,2025-05-05,CHI,P021,1,85.0
V009048,T009048,2025-05-05,CHI,P063,1,45.0
V009049,T009048,2025-05-05,CHI,P060,2,850.0
V009050,T009048,2025-05-05,CHI,P101,2,35.0
V009051,T009051,2025-05-05,CHI,P082,2,25.0
V009052,T009051,2025-05-05,CHI,P020,3,55.0
V009053,T009053,2025-05-05,CDMX,P042,2,28.0
V009054,T009053,2025-05-05,CDMX,P061,2,165.0
V009055,T009055,2025-05-05,CDMX,P100,3,1250.0
V009056,T009055,2025-05-05,CDMX,P024,2,6.0
V009057,T009057,2025-05-05,CDMX,P064,2,38.0
V009058,T009057,2025-05-05,CDMX,P007,1,95.0
V009059,T009059,2025-05-05,CDMX,P100,3,1250.0
V009060,T009059,2025-05-05,CDMX,P101,2,35.0
V009061,T009061,2025-05-05,CDMX,P100,1,1250.0
V009062,T009062,2025-05-05,CDMX,P041,1,35.0
V009063,T009062,2025-05-05,CDMX,P043,2,18.0
V009064,T009064,2025-05-05,CDMX,P048,1,180.0
V009065,T009065,2025-05-05,CDMX,P002,3,180.0
V009066,T009065,2025-05-05,CDMX,P007,2,95.0
V009067,T009067,2025-05-05,CDMX,P100,1,1250.0
V009068,T009067,2025-05-05,CDMX,P101,2,35.0
V009069,T009069,2025-05-05,CDMX,P101,3,35.0
V009070,T009070,2025-05-05,CDMX,P021,2,85.0
V009071,T009070,2025-05-05,CDMX,P023,1,40.0
V009072,T009070,2025-05-05,CDMX,P020,1,55.0
V009073,T009073,2025-05-05,CDMX,P006,2,12.0
V009074,T009073,2025-05-05,CDMX,P020,1,55.0
V009075,T009075,2025-05-05,CDMX,P040,1,1450.0
V009076,T009075,2025-05-05,CDMX,P064,1,38.0
V009077,T009077,2025-05-05,CDMX,P064,2,38.0
V009078,T009077,2025-05-05,CDMX,P061,3,165.0
V009079,T009079,2025-05-05,CDMX,P022,1,150.0
V009080,T009079,2025-05-05,CDMX,P023,1,40.0
V009081,T009081,2025-05-05,CDMX,P021,2,85.0
V009082,T009081,2025-05-05,CDMX,P023,1,40.0
V009083,T009083,2025-05-05,CDMX,P026,2,65.0
V009084,T009084,2025-05-05,CDMX,P060,3,850.0
V009085,T009085,2025-05-05,CDMX,P106,2,55.0
V009086,T009086,2025-05-05,MTY,P029,1,95.0
V009087,T009087,2025-05-05,MTY,P013,2,45.0
V009088,T009088,2025-05-05,MTY,P042,2,28.0
V009089,T009088,2025-05-05,MTY,P043,1,18.0
V009090,T009088,2025-05-05,MTY,P028,2,180.0
V009091,T009091,2025-05-05,MTY,P006,1,12.0
V009092,T009092,2025-05-05,MTY,P064,2,38.0
V009093,T009092,2025-05-05,MTY,P061,3,165.0
V009094,T009094,2025-05-05,MTY,P100,3,1250.0
V009095,T009094,2025-05-05,MTY,P101,1,35.0
V009096,T009094,2025-05-05,MTY,P029,2,95.0
V009097,T009097,2025-05-05,MTY,P062,2,320.0
V009098,T009097,2025-05-05,MTY,P026,1,65.0
V009099,T009099,2025-05-05,MTY,P064,2,38.0
V009100,T009099,2025-05-05,MTY,P061,1,165.0
V009101,T009099,2025-05-05,MTY,P028,1,180.0
V009102,T009102,2025-05-05,MTY,P006,1,12.0
V009103,T009103,2025-05-05,MTY,P006,1,12.0
V009104,T009103,2025-05-05,MTY,P020,1,55.0
V009105,T009105,2025-05-05,MTY,P082,1,25.0
V009106,T009105,2025-05-05,MTY,P041,3,35.0
V009107,T009107,2025-05-05,MTY,P021,2,85.0
V009108,T009107,2025-05-05,MTY,P023,3,40.0
V009109,T009107,2025-05-05,MTY,P086,1,650.0
V009110,T009110,2025-05-05,MTY,P020,2,55.0
V009111,T009110,2025-05-05,MTY,P023,2,40.0
V009112,T009112,2025-05-05,MTY,P003,2,8.5
V009113,T009112,2025-05-05,MTY,P021,1,85.0
V009114,T009114,2025-05-05,MTY,P020,2,55.0
V009115,T009114,2025-05-05,MTY,P023,3,40.0
V009116,T009116,2025-05-05,MTY,P082,1,25.0
V009117,T009117,2025-05-05,MTY,P042,1,28.0
V009118,T009117,2025-05-05,MTY,P043,1,18.0
V009119,T009119,2025-05-05,MTY,P100,2,1250.0
V009120,T009119,2025-05-05,MTY,P102,2,45.0
V009121,T009121,2025-05-05,MTY,P041,1,35.0
V009122,T009122,2025-05-05,MTY,P005,2,65.0
V009123,T009123,2025-05-05,MTY,P042,1,28.0
V009124,T009123,2025-05-05,MTY,P043,1,18.0
V009125,T009123,2025-05-05,MTY,P105,2,145.0
V009126,T009126,2025-05-06,CUN,P028,1,180.0
V009127,T009126,2025-05-06,CUN,P023,1,40.0
V009128,T009128,2025-05-06,CUN,P041,2,35.0
V009129,T009128,2025-05-06,CUN,P043,2,18.0
V009130,T009128,2025-05-06,CUN,P005,3,65.0
V009131,T009131,2025-05-06,CUN,P021,1,85.0
V009132,T009131,2025-05-06,CUN,P023,1,40.0
V009133,T009131,2025-05-06,CUN,P046,1,280.0
V009134,T009134,2025-05-06,CUN,P007,1,95.0
V009135,T009135,2025-05-06,CUN,P008,3,180.0
V009136,T009135,2025-05-06,CUN,P010,1,120.0
V009137,T009137,2025-05-06,CUN,P026,1,65.0
V009138,T009138,2025-05-06,CUN,P026,3,65.0
V009139,T009139,2025-05-06,CUN,P011,2,210.0
V009140,T009140,2025-05-06,CUN,P081,1,65.0
V009141,T009140,2025-05-06,CUN,P007,2,95.0
V009142,T009142,2025-05-06,CUN,P080,2,280.0
V009143,T009142,2025-05-06,CUN,P010,3,120.0
V009144,T009144,2025-05-06,CUN,P041,2,35.0
V009145,T009144,2025-05-06,CUN,P043,2,18.0
V009146,T009146,2025-05-06,CUN,P082,1,25.0
V009147,T009147,2025-05-06,CUN,P022,1,150.0
V009148,T009148,2025-05-06,CUN,P100,3,1250.0
V009149,T009148,2025-05-06,CUN,P101,2,35.0
V009150,T009148,2025-05-06,CUN,P106,1,55.0
V009151,T009151,2025-05-06,CUN,P025,1,35.0
V009152,T009151,2025-05-06,CUN,P048,1,180.0
V009153,T009153,2025-05-06,CUN,P020,1,55.0
V009154,T009153,2025-05-06,CUN,P023,1,40.0
V009155,T009153,2025-05-06,CUN,P022,1,150.0
V009156,T009156,2025-05-06,CUN,P064,1,38.0
V009157,T009156,2025-05-06,CUN,P061,2,165.0
V009158,T009158,2025-05-06,CUN,P100,1,1250.0
V009159,T009158,2025-05-06,CUN,P102,1,45.0
V009160,T009158,2025-05-06,CUN,P027,1,320.0
V009161,T009161,2025-05-06,CUN,P047,1,95.0
V009162,T009162,2025-05-06,CUN,P063,1,45.0
V009163,T009162,2025-05-06,CUN,P060,3,850.0
V009164,T009162,2025-05-06,CUN,P064,2,38.0
V009165,T009165,2025-05-06,CUN,P065,1,30.0
V009166,T009166,2025-05-06,CUN,P029,2,95.0
V009167,T009166,2025-05-06,CUN,P046,2,280.0
V009168,T009168,2025-05-06,MID,P020,3,55.0
V009169,T009168,2025-05-06,MID,P023,3,40.0
V009170,T009168,2025-05-06,MID,P007,3,95.0
V009171,T009171,2025-05-06,MID,P100,2,1250.0
V009172,T009171,2025-05-06,MID,P101,1,35.0
V009173,T009171,2025-05-06,MID,P060,1,850.0
V009174,T009174,2025-05-06,MID,P012,1,980.0
V009175,T009175,2025-05-06,MID,P086,2,650.0
V009176,T009175,2025-05-06,MID,P012,1,980.0
V009177,T009177,2025-05-06,MID,P030,2,180.0
V009178,T009177,2025-05-06,MID,P002,1,180.0
V009179,T009179,2025-05-06,MID,P082,3,25.0
V009180,T009179,2025-05-06,MID,P025,1,35.0
V009181,T009181,2025-05-06,MID,P041,2,35.0
V009182,T009181,2025-05-06,MID,P043,3,18.0
V009183,T009181,2025-05-06,MID,P083,2,65.0
V009184,T009184,2025-05-06,MID,P023,2,40.0
V009185,T009184,2025-05-06,MID,P063,1,45.0
V009186,T009186,2025-05-06,MID,P001,2,145.0
V009187,T009187,2025-05-06,MID,P005,1,65.0
V009188,T009188,2025-05-06,MID,P061,1,165.0
V009189,T009188,2025-05-06,MID,P041,1,35.0
V009190,T009190,2025-05-06,MID,P008,3,180.0
V009191,T009190,2025-05-06,MID,P085,1,980.0
V009192,T009192,2025-05-06,MID,P022,1,150.0
V009193,T009192,2025-05-06,MID,P023,1,40.0
V009194,T009194,2025-05-06,MID,P025,1,35.0
V009195,T009194,2025-05-06,MID,P024,1,6.0
V009196,T009196,2025-05-06,MID,P029,2,95.0
V009197,T009197,2025-05-06,MID,P003,3,8.5
V009198,T009197,2025-05-06,MID,P007,2,95.0
V009199,T009199,2025-05-06,MID,P021,1,85.0
V009200,T009199,2025-05-06,MID,P023,3,40.0
V009201,T009199,2025-05-06,MID,P100,1,1250.0
V009202,T009202,2025-05-06,CHI,P020,1,55.0
V009203,T009202,2025-05-06,CHI,P023,1,40.0
V009204,T009204,2025-05-06,CHI,P100,1,1250.0
V009205,T009204,2025-05-06,CHI,P101,3,35.0
V009206,T009206,2025-05-06,CHI,P009,1,85.0
V009207,T009207,2025-05-06,CHI,P043,3,18.0
V009208,T009207,2025-05-06,CHI,P061,1,165.0
V009209,T009209,2025-05-06,CHI,P062,2,320.0
V009210,T009210,2025-05-06,CHI,P060,2,850.0
V009211,T009210,2025-05-06,CHI,P008,1,180.0
V009212,T009212,2025-05-06,CHI,P002,1,180.0
V009213,T009213,2025-05-06,CHI,P085,1,980.0
V009214,T009214,2025-05-06,CHI,P063,1,45.0
V009215,T009214,2025-05-06,CHI,P060,2,850.0
V009216,T009216,2025-05-06,CHI,P007,1,95.0
V009217,T009217,2025-05-06,CHI,P100,3,1250.0
V009218,T009217,2025-05-06,CHI,P102,3,45.0
V009219,T009217,2025-05-06,CHI,P040,1,1450.0
V009220,T009220,2025-05-06,CHI,P012,2,980.0
V009221,T009220,2025-05-06,CHI,P043,2,18.0
V009222,T009222,2025-05-06,CHI,P064,2,38.0
V009223,T009222,2025-05-06,CHI,P061,3,165.0
V009224,T009222,2025-05-06,CHI,P028,3,180.0
V009225,T009225,2025-05-06,CHI,P083,2,65.0
V009226,T009226,2025-05-06,CHI,P102,1,45.0
V009227,T009226,2025-05-06,CHI,P009,3,85.0
V009228,T009228,2025-05-06,CHI,P085,1,980.0
V009229,T009228,2025-05-06,CHI,P104,3,95.0
V009230,T009230,2025-05-06,CHI,P005,2,65.0
V009231,T009231,2025-05-06,CHI,P063,1,45.0
V009232,T009231,2025-05-06,CHI,P060,2,850.0
V009233,T009233,2025-05-06,CHI,P084,2,18.0
V009234,T009234,2025-05-06,CHI,P012,3,980.0
V009235,T009235,2025-05-06,CHI,P064,2,38.0
V009236,T009235,2025-05-06,CHI,P061,2,165.0
V009237,T009237,2025-05-06,CHI,P084,2,18.0
V009238,T009237,2025-05-06,CHI,P101,2,35.0
V009239,T009239,2025-05-06,CDMX,P001,2,145.0
V009240,T009239,2025-05-06,CDMX,P065,1,30.0
V009241,T009241,2025-05-06,CDMX,P022,1,150.0
V009242,T009241,2025-05-06,CDMX,P080,2,280.0
V009243,T009243,2025-05-06,CDMX,P006,2,12.0
V009244,T009243,2025-05-06,CDMX,P009,1,85.0
V009245,T009245,2025-05-06,CDMX,P042,1,28.0
V009246,T009246,2025-05-06,CDMX,P100,3,1250.0
V009247,T009246,2025-05-06,CDMX,P102,1,45.0
V009248,T009246,2025-05-06,CDMX,P028,2,180.0
V009249,T009249,2025-05-06,CDMX,P100,2,1250.0
V009250,T009249,2025-05-06,CDMX,P101,2,35.0
V009251,T009251,2025-05-06,CDMX,P064,2,38.0
V009252,T009251,2025-05-06,CDMX,P061,1,165.0
V009253,T009251,2025-05-06,CDMX,P024,1,6.0
V009254,T009254,2025-05-06,CDMX,P104,1,95.0
V009255,T009254,2025-05-06,CDMX,P023,1,40.0
V009256,T009256,2025-05-06,CDMX,P023,1,40.0
V009257,T009256,2025-05-06,CDMX,P024,1,6.0
V009258,T009258,2025-05-06,CDMX,P100,1,1250.0
V009259,T009258,2025-05-06,CDMX,P101,1,35.0
V009260,T009260,2025-05-06,CDMX,P028,2,180.0
V009261,T009260,2025-05-06,CDMX,P100,1,1250.0
V009262,T009262,2025-05-06,CDMX,P063,2,45.0
V009263,T009262,2025-05-06,CDMX,P060,1,850.0
V009264,T009262,2025-05-06,CDMX,P023,2,40.0
V009265,T009265,2025-05-06,CDMX,P100,2,1250.0
V009266,T009265,2025-05-06,CDMX,P101,1,35.0
V009267,T009267,2025-05-06,CDMX,P022,1,150.0
V009268,T009267,2025-05-06,CDMX,P023,1,40.0
V009269,T009267,2025-05-06,CDMX,P005,3,65.0
V009270,T009270,2025-05-06,CDMX,P063,1,45.0
V009271,T009270,2025-05-06,CDMX,P060,1,850.0
V009272,T009272,2025-05-06,CDMX,P041,1,35.0
V009273,T009272,2025-05-06,CDMX,P043,3,18.0
V009274,T009274,2025-05-06,CDMX,P104,1,95.0
V009275,T009274,2025-05-06,CDMX,P028,1,180.0
V009276,T009276,2025-05-06,CDMX,P022,2,150.0
V009277,T009276,2025-05-06,CDMX,P023,1,40.0
V009278,T009278,2025-05-06,CDMX,P084,1,18.0
V009279,T009279,2025-05-06,CDMX,P007,2,95.0
V009280,T009279,2025-05-06,CDMX,P105,1,145.0
V009281,T009281,2025-05-06,MTY,P042,1,28.0
V009282,T009281,2025-05-06,MTY,P043,1,18.0
V009283,T009281,2025-05-06,MTY,P040,1,1450.0
V009284,T009284,2025-05-06,MTY,P064,2,38.0
V009285,T009284,2025-05-06,MTY,P029,1,95.0
V009286,T009286,2025-05-06,MTY,P106,1,55.0
V009287,T009286,2025-05-06,MTY,P020,1,55.0
V009288,T009288,2025-05-06,MTY,P020,1,55.0
V009289,T009289,2025-05-06,MTY,P026,1,65.0
V009290,T009290,2025-05-06,MTY,P022,2,150.0
V009291,T009290,2025-05-06,MTY,P023,1,40.0
V009292,T009290,2025-05-06,MTY,P006,1,12.0
V009293,T009293,2025-05-06,MTY,P081,1,65.0
V009294,T009293,2025-05-06,MTY,P028,2,180.0
V009295,T009295,2025-05-06,MTY,P006,1,12.0
V009296,T009296,2025-05-06,MTY,P020,1,55.0
V009297,T009296,2025-05-06,MTY,P023,2,40.0
V009298,T009296,2025-05-06,MTY,P047,1,95.0
V009299,T009299,2025-05-06,MTY,P005,1,65.0
V009300,T009299,2025-05-06,MTY,P065,3,30.0
V009301,T009301,2025-05-06,MTY,P048,1,180.0
V009302,T009302,2025-05-06,MTY,P026,2,65.0
V009303,T009302,2025-05-06,MTY,P029,1,95.0
V009304,T009304,2025-05-06,MTY,P042,1,28.0
V009305,T009304,2025-05-06,MTY,P043,3,18.0
V009306,T009306,2025-05-06,MTY,P020,2,55.0
V009307,T009307,2025-05-06,MTY,P045,1,45.0
V009308,T009307,2025-05-06,MTY,P081,1,65.0
V009309,T009309,2025-05-06,MTY,P042,1,28.0
V009310,T009309,2025-05-06,MTY,P043,2,18.0
V009311,T009309,2025-05-06,MTY,P024,1,6.0
V009312,T009312,2025-05-06,MTY,P008,1,180.0
V009313,T009313,2025-05-06,MTY,P021,3,85.0
V009314,T009313,2025-05-06,MTY,P023,2,40.0
V009315,T009315,2025-05-06,MTY,P043,3,18.0
V009316,T009316,2025-05-06,MTY,P004,3,6.0
V009317,T009316,2025-05-06,MTY,P062,2,320.0
V009318,T009318,2025-05-06,MTY,P020,1,55.0
V009319,T009318,2025-05-06,MTY,P023,2,40.0
V009320,T009320,2025-05-07,CUN,P081,2,65.0
V009321,T009320,2025-05-07,CUN,P046,3,280.0
V009322,T009322,2025-05-07,CUN,P020,3,55.0
V009323,T009322,2025-05-07,CUN,P023,1,40.0
V009324,T009322,2025-05-07,CUN,P022,2,150.0
V009325,T009325,2025-05-07,CUN,P062,2,320.0
V009326,T009326,2025-05-07,CUN,P100,1,1250.0
V009327,T009326,2025-05-07,CUN,P101,1,35.0
V009328,T009328,2025-05-07,CUN,P022,2,150.0
V009329,T009328,2025-05-07,CUN,P023,1,40.0
V009330,T009328,2025-05-07,CUN,P042,2,28.0
V009331,T009331,2025-05-07,CUN,P022,3,150.0
V009332,T009331,2025-05-07,CUN,P023,1,40.0
V009333,T009331,2025-05-07,CUN,P048,3,180.0
V009334,T009334,2025-05-07,CUN,P042,1,28.0
V009335,T009334,2025-05-07,CUN,P043,1,18.0
V009336,T009336,2025-05-07,CUN,P065,1,30.0
V009337,T009336,2025-05-07,CUN,P002,3,180.0
V009338,T009338,2025-05-07,CUN,P063,1,45.0
V009339,T009338,2025-05-07,CUN,P060,2,850.0
V009340,T009340,2025-05-07,MID,P084,3,18.0
V009341,T009340,2025-05-07,MID,P022,1,150.0
V009342,T009342,2025-05-07,MID,P042,3,28.0
V009343,T009342,2025-05-07,MID,P043,2,18.0
V009344,T009342,2025-05-07,MID,P046,2,280.0
V009345,T009345,2025-05-07,MID,P007,2,95.0
V009346,T009346,2025-05-07,MID,P007,3,95.0
V009347,T009346,2025-05-07,MID,P046,2,280.0
V009348,T009348,2025-05-07,MID,P006,2,12.0
V009349,T009349,2025-05-07,MID,P021,1,85.0
V009350,T009349,2025-05-07,MID,P023,2,40.0
V009351,T009349,2025-05-07,MID,P024,1,6.0
V009352,T009352,2025-05-07,MID,P064,2,38.0
V009353,T009352,2025-05-07,MID,P061,1,165.0
V009354,T009352,2025-05-07,MID,P021,1,85.0
V009355,T009355,2025-05-07,MID,P022,1,150.0
V009356,T009355,2025-05-07,MID,P023,1,40.0
V009357,T009355,2025-05-07,MID,P107,1,165.0
V009358,T009358,2025-05-07,MID,P022,3,150.0
V009359,T009358,2025-05-07,MID,P085,2,980.0
V009360,T009360,2025-05-07,MID,P064,2,38.0
V009361,T009360,2025-05-07,MID,P061,1,165.0
V009362,T009362,2025-05-07,MID,P048,1,180.0
V009363,T009362,2025-05-07,MID,P030,1,180.0
V009364,T009364,2025-05-07,MID,P063,1,45.0
V009365,T009364,2025-05-07,MID,P027,1,320.0
V009366,T009366,2025-05-07,MID,P022,2,150.0
V009367,T009366,2025-05-07,MID,P023,1,40.0
V009368,T009366,2025-05-07,MID,P105,2,145.0
V009369,T009369,2025-05-07,MID,P082,1,25.0
V009370,T009370,2025-05-07,MID,P004,1,6.0
V009371,T009371,2025-05-07,MID,P042,1,28.0
V009372,T009372,2025-05-07,MID,P021,3,85.0
V009373,T009373,2025-05-07,MID,P100,1,1250.0
V009374,T009373,2025-05-07,MID,P101,1,35.0
V009375,T009375,2025-05-07,MID,P024,1,6.0
V009376,T009376,2025-05-07,MID,P021,3,85.0
V009377,T009376,2025-05-07,MID,P023,1,40.0
V009378,T009376,2025-05-07,MID,P085,1,980.0
V009379,T009379,2025-05-07,CHI,P041,2,35.0
V009380,T009379,2025-05-07,CHI,P043,3,18.0
V009381,T009381,2025-05-07,CHI,P084,3,18.0
V009382,T009382,2025-05-07,CHI,P063,3,45.0
V009383,T009382,2025-05-07,CHI,P060,2,850.0
V009384,T009384,2025-05-07,CHI,P009,1,85.0
V009385,T009384,2025-05-07,CHI,P100,3,1250.0
V009386,T009386,2025-05-07,CHI,P045,2,45.0
V009387,T009386,2025-05-07,CHI,P020,2,55.0
V009388,T009388,2025-05-07,CHI,P042,1,28.0
V009389,T009388,2025-05-07,CHI,P043,1,18.0
V009390,T009388,2025-05-07,CHI,P063,1,45.0
V009391,T009391,2025-05-07,CHI,P086,3,650.0
V009392,T009392,2025-05-07,CHI,P042,2,28.0
V009393,T009392,2025-05-07,CHI,P043,2,18.0
V009394,T009392,2025-05-07,CHI,P065,2,30.0
V009395,T009395,2025-05-07,CHI,P044,3,22.0
V009396,T009395,2025-05-07,CHI,P013,1,45.0
V009397,T009397,2025-05-07,CHI,P107,2,165.0
V009398,T009398,2025-05-07,CDMX,P021,1,85.0
V009399,T009398,2025-05-07,CDMX,P023,1,40.0
V009400,T009398,2025-05-07,CDMX,P009,1,85.0
V009401,T009401,2025-05-07,CDMX,P086,1,650.0
V009402,T009402,2025-05-07,CDMX,P024,2,6.0
V009403,T009402,2025-05-07,CDMX,P084,1,18.0
V009404,T009404,2025-05-07,CDMX,P041,2,35.0
V009405,T009404,2025-05-07,CDMX,P043,2,18.0
V009406,T009404,2025-05-07,CDMX,P030,1,180.0
V009407,T009407,2025-05-07,CDMX,P048,2,180.0
V009408,T009407,2025-05-07,CDMX,P106,2,55.0
V009409,T009409,2025-05-07,CDMX,P001,3,145.0
V009410,T009409,2025-05-07,CDMX,P086,3,650.0
V009411,T009411,2025-05-07,CDMX,P042,2,28.0
V009412,T009411,2025-05-07,CDMX,P043,1,18.0
V009413,T009413,2025-05-07,CDMX,P063,1,45.0
V009414,T009413,2025-05-07,CDMX,P060,2,850.0
V009415,T009415,2025-05-07,CDMX,P004,1,6.0
V009416,T009415,2025-05-07,CDMX,P012,2,980.0
V009417,T009417,2025-05-07,CDMX,P001,1,145.0
V009418,T009417,2025-05-07,CDMX,P085,1,980.0
V009419,T009419,2025-05-07,CDMX,P063,1,45.0
V009420,T009419,2025-05-07,CDMX,P060,2,850.0
V009421,T009419,2025-05-07,CDMX,P007,3,95.0
V009422,T009422,2025-05-07,CDMX,P085,2,980.0
V009423,T009423,2025-05-07,CDMX,P020,3,55.0
V009424,T009424,2025-05-07,CDMX,P080,3,280.0
V009425,T009425,2025-05-07,MTY,P021,1,85.0
V009426,T009425,2025-05-07,MTY,P023,1,40.0
V009427,T009425,2025-05-07,MTY,P005,1,65.0
V009428,T009428,2025-05-07,MTY,P062,1,320.0
V009429,T009429,2025-05-07,MTY,P021,2,85.0
V009430,T009429,2025-05-07,MTY,P023,1,40.0
V009431,T009429,2025-05-07,MTY,P061,2,165.0
V009432,T009432,2025-05-07,MTY,P100,3,1250.0
V009433,T009432,2025-05-07,MTY,P102,1,45.0
V009434,T009432,2025-05-07,MTY,P003,1,8.5
V009435,T009435,2025-05-07,MTY,P060,2,850.0
V009436,T009436,2025-05-07,MTY,P021,2,85.0
V009437,T009436,2025-05-07,MTY,P023,1,40.0
V009438,T009436,2025-05-07,MTY,P084,1,18.0
V009439,T009439,2025-05-07,MTY,P020,3,55.0
V009440,T009439,2025-05-07,MTY,P023,1,40.0
V009441,T009439,2025-05-07,MTY,P040,2,1450.0
V009442,T009442,2025-05-07,MTY,P060,3,850.0
V009443,T009443,2025-05-08,CUN,P021,2,85.0
V009444,T009443,2025-05-08,CUN,P023,2,40.0
V009445,T009443,2025-05-08,CUN,P008,2,180.0
V009446,T009446,2025-05-08,CUN,P060,1,850.0
V009447,T009447,2025-05-08,CUN,P100,2,1250.0
V009448,T009447,2025-05-08,CUN,P101,2,35.0
V009449,T009449,2025-05-08,CUN,P007,1,95.0
V009450,T009449,2025-05-08,CUN,P005,3,65.0
V009451,T009451,2025-05-08,CUN,P020,1,55.0
V009452,T009451,2025-05-08,CUN,P023,1,40.0
V009453,T009451,2025-05-08,CUN,P106,1,55.0
V009454,T009454,2025-05-08,CUN,P100,1,1250.0
V009455,T009454,2025-05-08,CUN,P102,2,45.0
V009456,T009454,2025-05-08,CUN,P027,3,320.0
V009457,T009457,2025-05-08,CUN,P063,1,45.0
V009458,T009457,2025-05-08,CUN,P060,2,850.0
V009459,T009457,2025-05-08,CUN,P105,3,145.0
V009460,T009460,2025-05-08,CUN,P101,1,35.0
V009461,T009461,2025-05-08,CUN,P064,1,38.0
V009462,T009461,2025-05-08,CUN,P061,2,165.0
V009463,T009463,2025-05-08,CUN,P084,1,18.0
V009464,T009463,2025-05-08,CUN,P046,3,280.0
V009465,T009465,2025-05-08,CUN,P042,2,28.0
V009466,T009465,2025-05-08,CUN,P043,2,18.0
V009467,T009467,2025-05-08,CUN,P020,1,55.0
V009468,T009467,2025-05-08,CUN,P085,1,980.0
V009469,T009469,2025-05-08,CUN,P100,2,1250.0
V009470,T009469,2025-05-08,CUN,P102,1,45.0
V009471,T009469,2025-05-08,CUN,P012,2,980.0
V009472,T009472,2025-05-08,CUN,P043,3,18.0
V009473,T009473,2025-05-08,CUN,P063,3,45.0
V009474,T009473,2025-05-08,CUN,P060,3,850.0
V009475,T009473,2025-05-08,CUN,P027,1,320.0
V009476,T009476,2025-05-08,CUN,P022,1,150.0
V009477,T009476,2025-05-08,CUN,P023,1,40.0
V009478,T009478,2025-05-08,CUN,P022,1,150.0
V009479,T009478,2025-05-08,CUN,P046,1,280.0
V009480,T009480,2025-05-08,CUN,P063,1,45.0
V009481,T009481,2025-05-08,CUN,P106,1,55.0
V009482,T009481,2025-05-08,CUN,P040,2,1450.0
V009483,T009483,2025-05-08,MID,P011,2,210.0
V009484,T009484,2025-05-08,MID,P100,1,1250.0
V009485,T009485,2025-05-08,MID,P100,3,1250.0
V009486,T009485,2025-05-08,MID,P102,3,45.0
V009487,T009485,2025-05-08,MID,P027,2,320.0
V009488,T009488,2025-05-08,MID,P040,1,1450.0
V009489,T009488,2025-05-08,MID,P080,1,280.0
V009490,T009490,2025-05-08,MID,P006,1,12.0
V009491,T009490,2025-05-08,MID,P004,3,6.0
V009492,T009492,2025-05-08,MID,P010,2,120.0
V009493,T009492,2025-05-08,MID,P061,1,165.0
V009494,T009494,2025-05-08,MID,P004,3,6.0
V009495,T009494,2025-05-08,MID,P060,3,850.0
V009496,T009496,2025-05-08,MID,P046,3,280.0
V009497,T009496,2025-05-08,MID,P047,2,95.0
V009498,T009498,2025-05-08,MID,P083,3,65.0
V009499,T009499,2025-05-08,MID,P040,1,1450.0
V009500,T009499,2025-05-08,MID,P046,2,280.0
V009501,T009501,2025-05-08,MID,P024,3,6.0
V009502,T009501,2025-05-08,MID,P046,3,280.0
V009503,T009503,2025-05-08,MID,P007,1,95.0
V009504,T009503,2025-05-08,MID,P023,2,40.0
V009505,T009505,2025-05-08,MID,P010,1,120.0
V009506,T009505,2025-05-08,MID,P084,1,18.0
V009507,T009507,2025-05-08,MID,P040,1,1450.0
V009508,T009508,2025-05-08,MID,P100,3,1250.0
V009509,T009508,2025-05-08,MID,P101,1,35.0
V009510,T009510,2025-05-08,MID,P021,1,85.0
V009511,T009510,2025-05-08,MID,P023,1,40.0
V009512,T009512,2025-05-08,MID,P085,3,980.0
V009513,T009512,2025-05-08,MID,P002,1,180.0
V009514,T009514,2025-05-08,MID,P022,1,150.0
V009515,T009514,2025-05-08,MID,P066,2,55.0
V009516,T009516,2025-05-08,MID,P064,1,38.0
V009517,T009516,2025-05-08,MID,P101,1,35.0
V009518,T009518,2025-05-08,MID,P007,1,95.0
V009519,T009518,2025-05-08,MID,P028,2,180.0
V009520,T009520,2025-05-08,MID,P100,2,1250.0
V009521,T009520,2025-05-08,MID,P102,2,45.0
V009522,T009520,2025-05-08,MID,P030,3,180.0
V009523,T009523,2025-05-08,CHI,P107,2,165.0
V009524,T009523,2025-05-08,CHI,P026,2,65.0
V009525,T009525,2025-05-08,CHI,P020,2,55.0
V009526,T009525,2025-05-08,CHI,P024,3,6.0
V009527,T009527,2025-05-08,CHI,P100,2,1250.0
V009528,T009527,2025-05-08,CHI,P101,1,35.0
V009529,T009529,2025-05-08,CHI,P064,1,38.0
V009530,T009529,2025-05-08,CHI,P061,2,165.0
V009531,T009529,2025-05-08,CHI,P006,1,12.0
V009532,T009532,2025-05-08,CHI,P085,2,980.0
V009533,T009533,2025-05-08,CHI,P040,3,1450.0
V009534,T009534,2025-05-08,CHI,P104,1,95.0
V009535,T009534,2025-05-08,CHI,P101,2,35.0
V009536,T009536,2025-05-08,CHI,P105,2,145.0
V009537,T009537,2025-05-08,CHI,P005,2,65.0
V009538,T009537,2025-05-08,CHI,P026,1,65.0
V009539,T009539,2025-05-08,CHI,P047,1,95.0
V009540,T009540,2025-05-08,CHI,P020,3,55.0
V009541,T009540,2025-05-08,CHI,P023,3,40.0
V009542,T009542,2025-05-08,CDMX,P100,1,1250.0
V009543,T009542,2025-05-08,CDMX,P102,3,45.0
V009544,T009542,2025-05-08,CDMX,P004,3,6.0
V009545,T009545,2025-05-08,CDMX,P005,1,65.0
V009546,T009545,2025-05-08,CDMX,P002,1,180.0
V009547,T009547,2025-05-08,CDMX,P022,3,150.0
V009548,T009547,2025-05-08,CDMX,P023,1,40.0
V009549,T009547,2025-05-08,CDMX,P007,3,95.0
V009550,T009550,2025-05-08,CDMX,P041,1,35.0
V009551,T009550,2025-05-08,CDMX,P043,2,18.0
V009552,T009552,2025-05-08,CDMX,P020,1,55.0
V009553,T009552,2025-05-08,CDMX,P065,1,30.0
V009554,T009554,2025-05-08,CDMX,P020,1,55.0
V009555,T009554,2025-05-08,CDMX,P023,2,40.0
V009556,T009554,2025-05-08,CDMX,P003,2,8.5
V009557,T009557,2025-05-08,CDMX,P005,2,65.0
V009558,T009558,2025-05-08,CDMX,P020,1,55.0
V009559,T009558,2025-05-08,CDMX,P023,2,40.0
V009560,T009560,2025-05-08,CDMX,P012,1,980.0
V009561,T009561,2025-05-08,CDMX,P042,2,28.0
V009562,T009561,2025-05-08,CDMX,P043,1,18.0
V009563,T009561,2025-05-08,CDMX,P045,2,45.0
V009564,T009564,2025-05-08,CDMX,P066,1,55.0
V009565,T009565,2025-05-08,CDMX,P085,2,980.0
V009566,T009565,2025-05-08,CDMX,P029,1,95.0
V009567,T009567,2025-05-08,CDMX,P064,3,38.0
V009568,T009567,2025-05-08,CDMX,P061,1,165.0
V009569,T009567,2025-05-08,CDMX,P044,2,22.0
V009570,T009570,2025-05-08,CDMX,P006,3,12.0
V009571,T009570,2025-05-08,CDMX,P009,2,85.0
V009572,T009572,2025-05-08,CDMX,P029,2,95.0
V009573,T009573,2025-05-08,CDMX,P100,1,1250.0
V009574,T009573,2025-05-08,CDMX,P101,2,35.0
V009575,T009575,2025-05-08,CDMX,P029,1,95.0
V009576,T009576,2025-05-08,CDMX,P021,2,85.0
V009577,T009576,2025-05-08,CDMX,P023,1,40.0
V009578,T009576,2025-05-08,CDMX,P028,3,180.0
V009579,T009579,2025-05-08,MTY,P001,2,145.0
V009580,T009580,2025-05-08,MTY,P013,2,45.0
V009581,T009581,2025-05-08,MTY,P009,1,85.0
V009582,T009581,2025-05-08,MTY,P047,3,95.0
V009583,T009583,2025-05-08,MTY,P064,2,38.0
V009584,T009583,2025-05-08,MTY,P061,2,165.0
V009585,T009585,2025-05-08,MTY,P029,3,95.0
V009586,T009586,2025-05-08,MTY,P100,1,1250.0
V009587,T009586,2025-05-08,MTY,P101,2,35.0
V009588,T009586,2025-05-08,MTY,P064,2,38.0
V009589,T009589,2025-05-08,MTY,P009,2,85.0
V009590,T009590,2025-05-08,MTY,P020,2,55.0
V009591,T009591,2025-05-08,MTY,P082,1,25.0
V009592,T009592,2025-05-08,MTY,P064,3,38.0
V009593,T009592,2025-05-08,MTY,P061,1,165.0
V009594,T009594,2025-05-08,MTY,P041,2,35.0
V009595,T009594,2025-05-08,MTY,P010,2,120.0
V009596,T009596,2025-05-08,MTY,P048,2,180.0
V009597,T009597,2025-05-08,MTY,P041,2,35.0
V009598,T009597,2025-05-08,MTY,P043,1,18.0
V009599,T009597,2025-05-08,MTY,P028,1,180.0
V009600,T009600,2025-05-08,MTY,P100,1,1250.0
V009601,T009600,2025-05-08,MTY,P102,2,45.0
V009602,T009602,2025-05-08,MTY,P041,2,35.0
V009603,T009602,2025-05-08,MTY,P043,2,18.0
V009604,T009604,2025-05-08,MTY,P063,2,45.0
V009605,T009604,2025-05-08,MTY,P060,1,850.0
V009606,T009604,2025-05-08,MTY,P040,2,1450.0
V009607,T009607,2025-05-08,MTY,P100,1,1250.0
V009608,T009607,2025-05-08,MTY,P101,2,35.0
V009609,T009607,2025-05-08,MTY,P002,1,180.0
V009610,T009610,2025-05-08,MTY,P061,1,165.0
V009611,T009610,2025-05-08,MTY,P002,3,180.0
V009612,T009612,2025-05-08,MTY,P025,2,35.0
V009613,T009612,2025-05-08,MTY,P029,1,95.0
V009614,T009614,2025-05-08,MTY,P064,1,38.0
V009615,T009614,2025-05-08,MTY,P005,2,65.0
V009616,T009616,2025-05-09,CUN,P082,2,25.0
V009617,T009617,2025-05-09,CUN,P006,1,12.0
V009618,T009618,2025-05-09,CUN,P003,1,8.5
V009619,T009618,2025-05-09,CUN,P060,1,850.0
V009620,T009620,2025-05-09,CUN,P012,3,980.0
V009621,T009620,2025-05-09,CUN,P046,1,280.0
V009622,T009622,2025-05-09,CUN,P044,2,22.0
V009623,T009623,2025-05-09,CUN,P100,3,1250.0
V009624,T009623,2025-05-09,CUN,P101,1,35.0
V009625,T009625,2025-05-09,CUN,P102,1,45.0
V009626,T009625,2025-05-09,CUN,P022,1,150.0
V009627,T009627,2025-05-09,CUN,P010,3,120.0
V009628,T009627,2025-05-09,CUN,P001,2,145.0
V009629,T009629,2025-05-09,CUN,P005,1,65.0
V009630,T009629,2025-05-09,CUN,P046,2,280.0
V009631,T009631,2025-05-09,CUN,P065,1,30.0
V009632,T009631,2025-05-09,CUN,P107,1,165.0
V009633,T009633,2025-05-09,CUN,P042,1,28.0
V009634,T009634,2025-05-09,CUN,P002,1,180.0
V009635,T009634,2025-05-09,CUN,P100,2,1250.0
V009636,T009636,2025-05-09,CUN,P002,1,180.0
V009637,T009637,2025-05-09,CUN,P040,2,1450.0
V009638,T009638,2025-05-09,CUN,P100,3,1250.0
V009639,T009638,2025-05-09,CUN,P101,3,35.0
V009640,T009638,2025-05-09,CUN,P041,1,35.0
V009641,T009641,2025-05-09,CUN,P084,2,18.0
V009642,T009642,2025-05-09,CUN,P084,1,18.0
V009643,T009642,2025-05-09,CUN,P048,1,180.0
V009644,T009644,2025-05-09,CUN,P060,2,850.0
V009645,T009645,2025-05-09,CUN,P064,2,38.0
V009646,T009645,2025-05-09,CUN,P061,1,165.0
V009647,T009647,2025-05-09,CUN,P013,1,45.0
V009648,T009648,2025-05-09,CUN,P021,2,85.0
V009649,T009648,2025-05-09,CUN,P023,2,40.0
V009650,T009648,2025-05-09,CUN,P060,3,850.0
V009651,T009651,2025-05-09,MID,P006,1,12.0
V009652,T009652,2025-05-09,MID,P107,1,165.0
V009653,T009652,2025-05-09,MID,P104,3,95.0
V009654,T009654,2025-05-09,MID,P043,2,18.0
V009655,T009655,2025-05-09,MID,P020,1,55.0
V009656,T009655,2025-05-09,MID,P027,2,320.0
V009657,T009657,2025-05-09,MID,P022,2,150.0
V009658,T009657,2025-05-09,MID,P023,2,40.0
V009659,T009657,2025-05-09,MID,P060,1,850.0
V009660,T009660,2025-05-09,MID,P001,2,145.0
V009661,T009661,2025-05-09,MID,P022,3,150.0
V009662,T009661,2025-05-09,MID,P023,2,40.0
V009663,T009663,2025-05-09,MID,P066,3,55.0
V009664,T009664,2025-05-09,MID,P023,3,40.0
V009665,T009664,2025-05-09,MID,P085,2,980.0
V009666,T009666,2025-05-09,MID,P084,1,18.0
V009667,T009666,2025-05-09,MID,P046,1,280.0
V009668,T009668,2025-05-09,MID,P103,1,120.0
V009669,T009668,2025-05-09,MID,P082,3,25.0
V009670,T009670,2025-05-09,MID,P022,2,150.0
V009671,T009670,2025-05-09,MID,P023,2,40.0
V009672,T009672,2025-05-09,MID,P020,1,55.0
V009673,T009672,2025-05-09,MID,P023,2,40.0
V009674,T009672,2025-05-09,MID,P022,1,150.0
V009675,T009675,2025-05-09,MID,P084,3,18.0
V009676,T009675,2025-05-09,MID,P022,2,150.0
V009677,T009677,2025-05-09,MID,P107,1,165.0
V009678,T009678,2025-05-09,MID,P063,3,45.0
V009679,T009678,2025-05-09,MID,P060,1,850.0
V009680,T009680,2025-05-09,MID,P020,2,55.0
V009681,T009680,2025-05-09,MID,P023,1,40.0
V009682,T009680,2025-05-09,MID,P010,1,120.0
V009683,T009683,2025-05-09,MID,P002,3,180.0
V009684,T009683,2025-05-09,MID,P027,1,320.0
V009685,T009685,2025-05-09,MID,P007,1,95.0
V009686,T009685,2025-05-09,MID,P027,1,320.0
V009687,T009687,2025-05-09,MID,P065,3,30.0
V009688,T009687,2025-05-09,MID,P062,3,320.0
V009689,T009689,2025-05-09,MID,P041,2,35.0
V009690,T009689,2025-05-09,MID,P043,1,18.0
V009691,T009691,2025-05-09,CHI,P021,1,85.0
V009692,T009691,2025-05-09,CHI,P023,2,40.0
V009693,T009691,2025-05-09,CHI,P020,1,55.0
V009694,T009694,2025-05-09,CHI,P022,2,150.0
V009695,T009694,2025-05-09,CHI,P023,1,40.0
V009696,T009694,2025-05-09,CHI,P012,1,980.0
V009697,T009697,2025-05-09,CHI,P106,1,55.0
V009698,T009698,2025-05-09,CHI,P029,1,95.0
V009699,T009698,2025-05-09,CHI,P004,2,6.0
V009700,T009700,2025-05-09,CHI,P041,3,35.0
V009701,T009700,2025-05-09,CHI,P043,1,18.0
V009702,T009702,2025-05-09,CHI,P063,1,45.0
V009703,T009702,2025-05-09,CHI,P060,3,850.0
V009704,T009704,2025-05-09,CHI,P003,3,8.5
V009705,T009705,2025-05-09,CHI,P041,3,35.0
V009706,T009705,2025-05-09,CHI,P043,1,18.0
V009707,T009705,2025-05-09,CHI,P005,1,65.0
V009708,T009708,2025-05-09,CHI,P027,1,320.0
V009709,T009709,2025-05-09,CHI,P084,1,18.0
V009710,T009709,2025-05-09,CHI,P080,2,280.0
V009711,T009711,2025-05-09,CHI,P021,2,85.0
V009712,T009711,2025-05-09,CHI,P023,1,40.0
V009713,T009711,2025-05-09,CHI,P013,2,45.0
V009714,T009714,2025-05-09,CDMX,P009,3,85.0
V009715,T009715,2025-05-09,CDMX,P100,3,1250.0
V009716,T009715,2025-05-09,CDMX,P101,3,35.0
V009717,T009715,2025-05-09,CDMX,P029,1,95.0
V009718,T009718,2025-05-09,CDMX,P023,1,40.0
V009719,T009719,2025-05-09,CDMX,P002,2,180.0
V009720,T009720,2025-05-09,CDMX,P100,2,1250.0
V009721,T009720,2025-05-09,CDMX,P101,1,35.0
V009722,T009720,2025-05-09,CDMX,P001,2,145.0
V009723,T009723,2025-05-09,CDMX,P006,2,12.0
V009724,T009724,2025-05-09,CDMX,P041,2,35.0
V009725,T009724,2025-05-09,CDMX,P043,1,18.0
V009726,T009726,2025-05-09,CDMX,P043,1,18.0
V009727,T009727,2025-05-09,CDMX,P020,3,55.0
V009728,T009727,2025-05-09,CDMX,P023,2,40.0
V009729,T009729,2025-05-09,MTY,P010,1,120.0
V009730,T009730,2025-05-09,MTY,P085,2,980.0
V009731,T009731,2025-05-09,MTY,P021,1,85.0
V009732,T009731,2025-05-09,MTY,P023,1,40.0
V009733,T009733,2025-05-09,MTY,P105,2,145.0
V009734,T009734,2025-05-09,MTY,P003,1,8.5
V009735,T009734,2025-05-09,MTY,P028,3,180.0
V009736,T009736,2025-05-09,MTY,P022,1,150.0
V009737,T009736,2025-05-09,MTY,P023,2,40.0
V009738,T009736,2025-05-09,MTY,P028,1,180.0
V009739,T009739,2025-05-09,MTY,P002,1,180.0
V009740,T009740,2025-05-09,MTY,P042,1,28.0
V009741,T009740,2025-05-09,MTY,P043,2,18.0
V009742,T009740,2025-05-09,MTY,P028,2,180.0
V009743,T009743,2025-05-09,MTY,P065,1,30.0
V009744,T009744,2025-05-09,MTY,P025,3,35.0
V009745,T009745,2025-05-09,MTY,P042,3,28.0
V009746,T009745,2025-05-09,MTY,P043,1,18.0
V009747,T009745,2025-05-09,MTY,P006,3,12.0
V009748,T009748,2025-05-09,MTY,P064,1,38.0
V009749,T009748,2025-05-09,MTY,P061,1,165.0
V009750,T009750,2025-05-09,MTY,P006,3,12.0
V009751,T009751,2025-05-09,MTY,P011,2,210.0
V009752,T009752,2025-05-09,MTY,P008,1,180.0
V009753,T009753,2025-05-09,MTY,P064,3,38.0
V009754,T009753,2025-05-09,MTY,P061,2,165.0
V009755,T009753,2025-05-09,MTY,P047,2,95.0
V009756,T009756,2025-05-09,MTY,P063,2,45.0
V009757,T009756,2025-05-09,MTY,P060,1,850.0
V009758,T009758,2025-05-09,MTY,P048,3,180.0
V009759,T009758,2025-05-09,MTY,P029,2,95.0
V009760,T009760,2025-05-09,MTY,P020,2,55.0
V009761,T009760,2025-05-09,MTY,P023,1,40.0
V009762,T009762,2025-05-09,MTY,P010,1,120.0
V009763,T009762,2025-05-09,MTY,P048,2,180.0
V009764,T009764,2025-05-09,MTY,P005,2,65.0
V009765,T009765,2025-05-10,CUN,P043,1,18.0
V009766,T009766,2025-05-10,CUN,P029,2,95.0
V009767,T009766,2025-05-10,CUN,P044,2,22.0
V009768,T009768,2025-05-10,CUN,P042,2,28.0
V009769,T009768,2025-05-10,CUN,P043,3,18.0
V009770,T009768,2025-05-10,CUN,P046,1,280.0
V009771,T009771,2025-05-10,CUN,P007,1,95.0
V009772,T009771,2025-05-10,CUN,P027,1,320.0
V009773,T009773,2025-05-10,CUN,P064,2,38.0
V009774,T009773,2025-05-10,CUN,P061,1,165.0
V009775,T009775,2025-05-10,CUN,P062,1,320.0
V009776,T009776,2025-05-10,CUN,P026,1,65.0
V009777,T009777,2025-05-10,CUN,P063,2,45.0
V009778,T009777,2025-05-10,CUN,P060,2,850.0
V009779,T009779,2025-05-10,CUN,P020,3,55.0
V009780,T009779,2025-05-10,CUN,P023,1,40.0
V009781,T009779,2025-05-10,CUN,P046,1,280.0
V009782,T009782,2025-05-10,CUN,P024,3,6.0
V009783,T009782,2025-05-10,CUN,P006,3,12.0
V009784,T009784,2025-05-10,CUN,P064,1,38.0
V009785,T009784,2025-05-10,CUN,P061,1,165.0
V009786,T009786,2025-05-10,MID,P106,1,55.0
V009787,T009787,2025-05-10,MID,P005,1,65.0
V009788,T009787,2025-05-10,MID,P065,1,30.0
V009789,T009789,2025-05-10,MID,P064,1,38.0
V009790,T009789,2025-05-10,MID,P061,1,165.0
V009791,T009789,2025-05-10,MID,P046,1,280.0
V009792,T009792,2025-05-10,MID,P100,1,1250.0
V009793,T009792,2025-05-10,MID,P102,1,45.0
V009794,T009794,2025-05-10,MID,P012,1,980.0
V009795,T009794,2025-05-10,MID,P046,3,280.0
V009796,T009796,2025-05-10,MID,P101,2,35.0
V009797,T009797,2025-05-10,MID,P064,1,38.0
V009798,T009797,2025-05-10,MID,P061,2,165.0
V009799,T009797,2025-05-10,MID,P085,2,980.0
V009800,T009800,2025-05-10,MID,P083,2,65.0
V009801,T009800,2025-05-10,MID,P104,1,95.0
V009802,T009802,2025-05-10,MID,P065,2,30.0
V009803,T009803,2025-05-10,CHI,P100,1,1250.0
V009804,T009803,2025-05-10,CHI,P101,1,35.0
V009805,T009803,2025-05-10,CHI,P012,1,980.0
V009806,T009806,2025-05-10,CHI,P042,1,28.0
V009807,T009806,2025-05-10,CHI,P043,1,18.0
V009808,T009808,2025-05-10,CHI,P001,1,145.0
V009809,T009808,2025-05-10,CHI,P029,2,95.0
V009810,T009810,2025-05-10,CHI,P005,1,65.0
V009811,T009810,2025-05-10,CHI,P020,2,55.0
V009812,T009812,2025-05-10,CHI,P001,3,145.0
V009813,T009813,2025-05-10,CHI,P042,2,28.0
V009814,T009813,2025-05-10,CHI,P043,2,18.0
V009815,T009815,2025-05-10,CHI,P066,1,55.0
V009816,T009815,2025-05-10,CHI,P027,2,320.0
V009817,T009817,2025-05-10,CHI,P064,2,38.0
V009818,T009817,2025-05-10,CHI,P061,3,165.0
V009819,T009817,2025-05-10,CHI,P020,3,55.0
V009820,T009820,2025-05-10,CHI,P084,2,18.0
V009821,T009821,2025-05-10,CHI,P101,2,35.0
V009822,T009821,2025-05-10,CHI,P029,1,95.0
V009823,T009823,2025-05-10,CHI,P005,2,65.0
V009824,T009824,2025-05-10,CHI,P044,1,22.0
V009825,T009825,2025-05-10,CHI,P085,2,980.0
V009826,T009825,2025-05-10,CHI,P012,2,980.0
V009827,T009827,2025-05-10,CHI,P105,1,145.0
V009828,T009828,2025-05-10,CHI,P020,3,55.0
V009829,T009829,2025-05-10,CHI,P025,1,35.0
V009830,T009830,2025-05-10,CHI,P064,1,38.0
V009831,T009830,2025-05-10,CHI,P061,2,165.0
V009832,T009832,2025-05-10,CHI,P086,3,650.0
V009833,T009832,2025-05-10,CHI,P024,1,6.0
V009834,T009834,2025-05-10,CHI,P100,1,1250.0
V009835,T009834,2025-05-10,CHI,P101,1,35.0
V009836,T009834,2025-05-10,CHI,P006,3,12.0
V009837,T009837,2025-05-10,CDMX,P022,2,150.0
V009838,T009837,2025-05-10,CDMX,P023,2,40.0
V009839,T009837,2025-05-10,CDMX,P020,2,55.0
V009840,T009840,2025-05-10,CDMX,P020,2,55.0
V009841,T009841,2025-05-10,CDMX,P020,2,55.0
V009842,T009841,2025-05-10,CDMX,P023,1,40.0
V009843,T009843,2025-05-10,CDMX,P082,1,25.0
V009844,T009844,2025-05-10,CDMX,P007,2,95.0
V009845,T009844,2025-05-10,CDMX,P045,3,45.0
V009846,T009846,2025-05-10,CDMX,P081,3,65.0
V009847,T009846,2025-05-10,CDMX,P065,1,30.0
V009848,T009848,2025-05-10,CDMX,P063,3,45.0
V009849,T009849,2025-05-10,CDMX,P102,2,45.0
V009850,T009850,2025-05-10,CDMX,P022,1,150.0
V009851,T009850,2025-05-10,CDMX,P023,2,40.0
V009852,T009850,2025-05-10,CDMX,P004,1,6.0
V009853,T009853,2025-05-10,CDMX,P020,1,55.0
V009854,T009853,2025-05-10,CDMX,P023,2,40.0
V009855,T009855,2025-05-10,CDMX,P083,2,65.0
V009856,T009855,2025-05-10,CDMX,P006,2,12.0
V009857,T009857,2025-05-10,CDMX,P100,2,1250.0
V009858,T009857,2025-05-10,CDMX,P102,1,45.0
V009859,T009857,2025-05-10,CDMX,P041,1,35.0
V009860,T009860,2025-05-10,CDMX,P021,2,85.0
V009861,T009860,2025-05-10,CDMX,P023,3,40.0
V009862,T009860,2025-05-10,CDMX,P047,1,95.0
V009863,T009863,2025-05-10,CDMX,P046,2,280.0
V009864,T009863,2025-05-10,CDMX,P029,3,95.0
V009865,T009865,2025-05-10,CDMX,P086,1,650.0
V009866,T009866,2025-05-10,CDMX,P046,2,280.0
V009867,T009867,2025-05-10,CDMX,P066,1,55.0
V009868,T009868,2025-05-10,CDMX,P022,1,150.0
V009869,T009868,2025-05-10,CDMX,P023,2,40.0
V009870,T009868,2025-05-10,CDMX,P007,2,95.0
V009871,T009871,2025-05-10,MTY,P064,2,38.0
V009872,T009871,2025-05-10,MTY,P061,2,165.0
V009873,T009871,2025-05-10,MTY,P066,2,55.0
V009874,T009874,2025-05-10,MTY,P001,3,145.0
V009875,T009874,2025-05-10,MTY,P041,3,35.0
V009876,T009876,2025-05-10,MTY,P085,1,980.0
V009877,T009876,2025-05-10,MTY,P100,2,1250.0
V009878,T009878,2025-05-10,MTY,P021,1,85.0
V009879,T009878,2025-05-10,MTY,P023,1,40.0
V009880,T009878,2025-05-10,MTY,P040,2,1450.0
V009881,T009881,2025-05-10,MTY,P100,2,1250.0
V009882,T009882,2025-05-10,MTY,P042,1,28.0
V009883,T009882,2025-05-10,MTY,P043,2,18.0
V009884,T009884,2025-05-10,MTY,P048,1,180.0
V009885,T009884,2025-05-10,MTY,P047,2,95.0
V009886,T009886,2025-05-10,MTY,P085,2,980.0
V009887,T009887,2025-05-10,MTY,P004,1,6.0
V009888,T009887,2025-05-10,MTY,P106,3,55.0
V009889,T009889,2025-05-10,MTY,P041,1,35.0
V009890,T009889,2025-05-10,MTY,P043,2,18.0
V009891,T009891,2025-05-10,MTY,P100,3,1250.0
V009892,T009891,2025-05-10,MTY,P101,1,35.0
V009893,T009891,2025-05-10,MTY,P082,1,25.0
V009894,T009894,2025-05-10,MTY,P006,1,12.0
V009895,T009895,2025-05-10,MTY,P100,1,1250.0
V009896,T009895,2025-05-10,MTY,P102,1,45.0
V009897,T009895,2025-05-10,MTY,P047,3,95.0
V009898,T009898,2025-05-10,MTY,P004,2,6.0
V009899,T009898,2025-05-10,MTY,P063,1,45.0
V009900,T009900,2025-05-10,MTY,P030,1,180.0
V009901,T009901,2025-05-10,MTY,P028,1,180.0
V009902,T009902,2025-05-10,MTY,P064,1,38.0
V009903,T009903,2025-05-10,MTY,P042,1,28.0
V009904,T009903,2025-05-10,MTY,P043,2,18.0
V009905,T009905,2025-05-10,MTY,P010,1,120.0
V009906,T009906,2025-05-10,MTY,P042,3,28.0
V009907,T009906,2025-05-10,MTY,P043,1,18.0
V009908,T009906,2025-05-10,MTY,P048,1,180.0
V009909,T009909,2025-05-11,CUN,P005,1,65.0
V009910,T009910,2025-05-11,CUN,P042,1,28.0
V009911,T009911,2025-05-11,CUN,P012,2,980.0
V009912,T009912,2025-05-11,CUN,P008,2,180.0
V009913,T009913,2025-05-11,CUN,P042,1,28.0
V009914,T009913,2025-05-11,CUN,P043,3,18.0
V009915,T009913,2025-05-11,CUN,P007,2,95.0
V009916,T009916,2025-05-11,CUN,P041,1,35.0
V009917,T009916,2025-05-11,CUN,P043,2,18.0
V009918,T009916,2025-05-11,CUN,P027,1,320.0
V009919,T009919,2025-05-11,CUN,P100,2,1250.0
V009920,T009919,2025-05-11,CUN,P101,3,35.0
V009921,T009921,2025-05-11,CUN,P102,1,45.0
V009922,T009922,2025-05-11,CUN,P043,1,18.0
V009923,T009923,2025-05-11,CUN,P085,3,980.0
V009924,T009924,2025-05-11,CUN,P022,2,150.0
V009925,T009924,2025-05-11,CUN,P023,2,40.0
V009926,T009926,2025-05-11,CUN,P013,1,45.0
V009927,T009926,2025-05-11,CUN,P104,2,95.0
V009928,T009928,2025-05-11,CUN,P001,1,145.0
V009929,T009929,2025-05-11,CUN,P046,1,280.0
V009930,T009929,2025-05-11,CUN,P030,2,180.0
V009931,T009931,2025-05-11,CUN,P008,1,180.0
V009932,T009931,2025-05-11,CUN,P022,1,150.0
V009933,T009933,2025-05-11,CUN,P012,3,980.0
V009934,T009933,2025-05-11,CUN,P060,1,850.0
V009935,T009935,2025-05-11,MID,P024,3,6.0
V009936,T009935,2025-05-11,MID,P047,1,95.0
V009937,T009937,2025-05-11,MID,P004,1,6.0
V009938,T009937,2025-05-11,MID,P102,3,45.0
V009939,T009939,2025-05-11,MID,P063,2,45.0
V009940,T009939,2025-05-11,MID,P060,1,850.0
V009941,T009939,2025-05-11,MID,P001,3,145.0
V009942,T009942,2025-05-11,MID,P025,2,35.0
V009943,T009943,2025-05-11,MID,P024,1,6.0
V009944,T009943,2025-05-11,MID,P107,1,165.0
V009945,T009945,2025-05-11,MID,P022,1,150.0
V009946,T009946,2025-05-11,MID,P042,1,28.0
V009947,T009946,2025-05-11,MID,P043,1,18.0
V009948,T009946,2025-05-11,MID,P027,3,320.0
V009949,T009949,2025-05-11,MID,P043,1,18.0
V009950,T009950,2025-05-11,MID,P012,2,980.0
V009951,T009951,2025-05-11,MID,P042,2,28.0
V009952,T009951,2025-05-11,MID,P043,2,18.0
V009953,T009951,2025-05-11,MID,P021,3,85.0
V009954,T009954,2025-05-11,MID,P041,3,35.0
V009955,T009954,2025-05-11,MID,P043,1,18.0
V009956,T009954,2025-05-11,MID,P027,1,320.0
V009957,T009957,2025-05-11,MID,P006,2,12.0
V009958,T009958,2025-05-11,MID,P022,1,150.0
V009959,T009958,2025-05-11,MID,P023,1,40.0
V009960,T009958,2025-05-11,MID,P006,3,12.0
V009961,T009961,2025-05-11,MID,P064,3,38.0
V009962,T009961,2025-05-11,MID,P061,2,165.0
V009963,T009961,2025-05-11,MID,P023,2,40.0
V009964,T009964,2025-05-11,MID,P003,1,8.5
V009965,T009965,2025-05-11,MID,P064,2,38.0
V009966,T009965,2025-05-11,MID,P061,2,165.0
V009967,T009967,2025-05-11,MID,P043,1,18.0
V009968,T009968,2025-05-11,MID,P021,2,85.0
V009969,T009968,2025-05-11,MID,P027,1,320.0
V009970,T009970,2025-05-11,MID,P021,2,85.0
V009971,T009970,2025-05-11,MID,P023,1,40.0
V009972,T009972,2025-05-11,CHI,P106,1,55.0
V009973,T009973,2025-05-11,CHI,P026,1,65.0
V009974,T009973,2025-05-11,CHI,P062,1,320.0
V009975,T009975,2025-05-11,CHI,P064,2,38.0
V009976,T009975,2025-05-11,CHI,P061,3,165.0
V009977,T009977,2025-05-11,CHI,P064,3,38.0
V009978,T009977,2025-05-11,CHI,P061,2,165.0
V009979,T009977,2025-05-11,CHI,P083,2,65.0
V009980,T009980,2025-05-11,CHI,P022,1,150.0
V009981,T009980,2025-05-11,CHI,P040,3,1450.0
V009982,T009982,2025-05-11,CHI,P043,1,18.0
V009983,T009983,2025-05-11,CHI,P048,1,180.0
V009984,T009983,2025-05-11,CHI,P083,1,65.0
V009985,T009985,2025-05-11,CHI,P100,1,1250.0
V009986,T009985,2025-05-11,CHI,P102,2,45.0
V009987,T009985,2025-05-11,CHI,P105,1,145.0
V009988,T009988,2025-05-11,CHI,P100,1,1250.0
V009989,T009988,2025-05-11,CHI,P101,2,35.0
V009990,T009988,2025-05-11,CHI,P027,1,320.0
V009991,T009991,2025-05-11,CHI,P100,2,1250.0
V009992,T009991,2025-05-11,CHI,P102,2,45.0
V009993,T009993,2025-05-11,CHI,P065,2,30.0
V009994,T009993,2025-05-11,CHI,P107,3,165.0
V009995,T009995,2025-05-11,CHI,P022,2,150.0
V009996,T009996,2025-05-11,CHI,P043,2,18.0
V009997,T009996,2025-05-11,CHI,P020,1,55.0
V009998,T009998,2025-05-11,CHI,P046,2,280.0
V009999,T009998,2025-05-11,CHI,P003,1,8.5
V010000,T010000,2025-05-11,CHI,P060,2,850.0
V010001,T010000,2025-05-11,CHI,P003,2,8.5
V010002,T010002,2025-05-11,CHI,P022,2,150.0
V010003,T010002,2025-05-11,CHI,P023,1,40.0
V010004,T010004,2025-05-11,CHI,P025,2,35.0
V010005,T010005,2025-05-11,CDMX,P082,2,25.0
V010006,T010005,2025-05-11,CDMX,P048,2,180.0
V010007,T010007,2025-05-11,CDMX,P020,3,55.0
V010008,T010007,2025-05-11,CDMX,P023,3,40.0
V010009,T010007,2025-05-11,CDMX,P007,1,95.0
V010010,T010010,2025-05-11,CDMX,P107,1,165.0
V010011,T010010,2025-05-11,CDMX,P004,2,6.0
V010012,T010012,2025-05-11,CDMX,P006,1,12.0
V010013,T010012,2025-05-11,CDMX,P106,2,55.0
V010014,T010014,2025-05-11,CDMX,P100,1,1250.0
V010015,T010014,2025-05-11,CDMX,P101,2,35.0
V010016,T010014,2025-05-11,CDMX,P028,2,180.0
V010017,T010017,2025-05-11,CDMX,P001,1,145.0
V010018,T010018,2025-05-11,CDMX,P048,1,180.0
V010019,T010018,2025-05-11,CDMX,P001,2,145.0
V010020,T010020,2025-05-11,CDMX,P025,3,35.0
V010021,T010020,2025-05-11,CDMX,P101,1,35.0
V010022,T010022,2025-05-11,CDMX,P041,1,35.0
V010023,T010022,2025-05-11,CDMX,P043,2,18.0
V010024,T010024,2025-05-11,CDMX,P043,1,18.0
V010025,T010025,2025-05-11,CDMX,P042,3,28.0
V010026,T010025,2025-05-11,CDMX,P043,1,18.0
V010027,T010025,2025-05-11,CDMX,P102,2,45.0
V010028,T010028,2025-05-11,CDMX,P006,3,12.0
V010029,T010028,2025-05-11,CDMX,P004,3,6.0
V010030,T010030,2025-05-11,CDMX,P012,2,980.0
V010031,T010031,2025-05-11,CDMX,P100,1,1250.0
V010032,T010031,2025-05-11,CDMX,P102,2,45.0
V010033,T010033,2025-05-11,CDMX,P020,1,55.0
V010034,T010033,2025-05-11,CDMX,P023,1,40.0
V010035,T010035,2025-05-11,CDMX,P083,2,65.0
V010036,T010036,2025-05-11,CDMX,P100,2,1250.0
V010037,T010036,2025-05-11,CDMX,P101,1,35.0
V010038,T010036,2025-05-11,CDMX,P011,2,210.0
V010039,T010039,2025-05-11,CDMX,P005,1,65.0
V010040,T010040,2025-05-11,MTY,P063,2,45.0
V010041,T010040,2025-05-11,MTY,P066,1,55.0
V010042,T010042,2025-05-11,MTY,P013,1,45.0
V010043,T010042,2025-05-11,MTY,P028,3,180.0
V010044,T010044,2025-05-11,MTY,P002,1,180.0
V010045,T010045,2025-05-11,MTY,P063,2,45.0
V010046,T010045,2025-05-11,MTY,P026,3,65.0
V010047,T010047,2025-05-11,MTY,P042,2,28.0
V010048,T010047,2025-05-11,MTY,P043,1,18.0
V010049,T010049,2025-05-11,MTY,P100,2,1250.0
V010050,T010049,2025-05-11,MTY,P101,1,35.0
V010051,T010049,2025-05-11,MTY,P044,1,22.0
V010052,T010052,2025-05-11,MTY,P080,2,280.0
V010053,T010052,2025-05-11,MTY,P012,1,980.0
V010054,T010054,2025-05-11,MTY,P042,2,28.0
V010055,T010054,2025-05-11,MTY,P043,2,18.0
V010056,T010054,2025-05-11,MTY,P048,2,180.0
V010057,T010057,2025-05-11,MTY,P007,1,95.0
V010058,T010057,2025-05-11,MTY,P005,1,65.0
V010059,T010059,2025-05-11,MTY,P100,1,1250.0
V010060,T010059,2025-05-11,MTY,P101,2,35.0
V010061,T010061,2025-05-11,MTY,P100,2,1250.0
V010062,T010062,2025-05-11,MTY,P106,1,55.0
V010063,T010062,2025-05-11,MTY,P029,1,95.0
V010064,T010064,2025-05-11,MTY,P043,1,18.0
V010065,T010064,2025-05-11,MTY,P029,2,95.0
V010066,T010066,2025-05-11,MTY,P064,1,38.0
V010067,T010066,2025-05-11,MTY,P061,2,165.0
V010068,T010066,2025-05-11,MTY,P025,2,35.0
V010069,T010069,2025-05-11,MTY,P062,2,320.0
V010070,T010070,2025-05-11,MTY,P047,1,95.0
V010071,T010070,2025-05-11,MTY,P042,2,28.0
V010072,T010072,2025-05-12,CUN,P081,2,65.0
V010073,T010072,2025-05-12,CUN,P024,3,6.0
V010074,T010074,2025-05-12,CUN,P063,2,45.0
V010075,T010074,2025-05-12,CUN,P060,3,850.0
V010076,T010076,2025-05-12,CUN,P023,1,40.0
V010077,T010077,2025-05-12,CUN,P103,2,120.0
V010078,T010077,2025-05-12,CUN,P027,2,320.0
V010079,T010079,2025-05-12,CUN,P002,2,180.0
V010080,T010079,2025-05-12,CUN,P011,2,210.0
V010081,T010081,2025-05-12,CUN,P006,1,12.0
V010082,T010081,2025-05-12,CUN,P040,1,1450.0
V010083,T010083,2025-05-12,CUN,P063,1,45.0
V010084,T010083,2025-05-12,CUN,P060,3,850.0
V010085,T010085,2025-05-12,CUN,P004,1,6.0
V010086,T010086,2025-05-12,CUN,P081,2,65.0
V010087,T010087,2025-05-12,CUN,P100,2,1250.0
V010088,T010087,2025-05-12,CUN,P030,1,180.0
V010089,T010089,2025-05-12,CUN,P010,1,120.0
V010090,T010089,2025-05-12,CUN,P025,1,35.0
V010091,T010091,2025-05-12,CUN,P063,2,45.0
V010092,T010091,2025-05-12,CUN,P060,1,850.0
V010093,T010093,2025-05-12,MID,P022,3,150.0
V010094,T010093,2025-05-12,MID,P023,1,40.0
V010095,T010095,2025-05-12,MID,P043,3,18.0
V010096,T010096,2025-05-12,MID,P082,1,25.0
V010097,T010097,2025-05-12,MID,P020,2,55.0
V010098,T010097,2025-05-12,MID,P023,3,40.0
V010099,T010099,2025-05-12,MID,P020,1,55.0
V010100,T010099,2025-05-12,MID,P023,2,40.0
V010101,T010101,2025-05-12,MID,P082,1,25.0
V010102,T010101,2025-05-12,MID,P030,2,180.0
V010103,T010103,2025-05-12,MID,P065,2,30.0
V010104,T010104,2025-05-12,MID,P106,2,55.0
V010105,T010104,2025-05-12,MID,P006,1,12.0
V010106,T010106,2025-05-12,MID,P027,3,320.0
V010107,T010107,2025-05-12,MID,P103,2,120.0
V010108,T010108,2025-05-12,MID,P026,2,65.0
V010109,T010109,2025-05-12,CHI,P006,3,12.0
V010110,T010110,2025-05-12,CHI,P085,2,980.0
V010111,T010110,2025-05-12,CHI,P040,2,1450.0
V010112,T010112,2025-05-12,CHI,P080,1,280.0
V010113,T010113,2025-05-12,CHI,P085,2,980.0
V010114,T010113,2025-05-12,CHI,P028,2,180.0
V010115,T010115,2025-05-12,CHI,P006,3,12.0
V010116,T010116,2025-05-12,CHI,P041,3,35.0
V010117,T010116,2025-05-12,CHI,P043,1,18.0
V010118,T010116,2025-05-12,CHI,P012,2,980.0
V010119,T010119,2025-05-12,CHI,P025,1,35.0
V010120,T010120,2025-05-12,CHI,P100,2,1250.0
V010121,T010120,2025-05-12,CHI,P101,2,35.0
V010122,T010122,2025-05-12,CHI,P010,1,120.0
V010123,T010122,2025-05-12,CHI,P004,1,6.0
V010124,T010124,2025-05-12,CHI,P061,2,165.0
V010125,T010124,2025-05-12,CHI,P003,1,8.5
V010126,T010126,2025-05-12,CHI,P022,1,150.0
V010127,T010126,2025-05-12,CHI,P048,1,180.0
V010128,T010128,2025-05-12,CHI,P100,1,1250.0
V010129,T010129,2025-05-12,CHI,P042,1,28.0
V010130,T010129,2025-05-12,CHI,P043,1,18.0
V010131,T010131,2025-05-12,CHI,P042,3,28.0
V010132,T010131,2025-05-12,CHI,P043,3,18.0
V010133,T010131,2025-05-12,CHI,P001,1,145.0
V010134,T010134,2025-05-12,CHI,P021,2,85.0
V010135,T010135,2025-05-12,CDMX,P063,2,45.0
V010136,T010135,2025-05-12,CDMX,P060,3,850.0
V010137,T010137,2025-05-12,CDMX,P101,2,35.0
V010138,T010138,2025-05-12,CDMX,P100,1,1250.0
V010139,T010138,2025-05-12,CDMX,P101,1,35.0
V010140,T010138,2025-05-12,CDMX,P006,1,12.0
V010141,T010141,2025-05-12,CDMX,P041,1,35.0
V010142,T010141,2025-05-12,CDMX,P043,1,18.0
V010143,T010141,2025-05-12,CDMX,P028,1,180.0
V010144,T010144,2025-05-12,CDMX,P042,2,28.0
V010145,T010145,2025-05-12,CDMX,P029,2,95.0
V010146,T010145,2025-05-12,CDMX,P060,2,850.0
V010147,T010147,2025-05-12,CDMX,P002,1,180.0
V010148,T010147,2025-05-12,CDMX,P048,2,180.0
V010149,T010149,2025-05-12,CDMX,P004,2,6.0
V010150,T010150,2025-05-12,CDMX,P021,2,85.0
V010151,T010150,2025-05-12,CDMX,P023,2,40.0
V010152,T010152,2025-05-12,CDMX,P100,1,1250.0
V010153,T010152,2025-05-12,CDMX,P102,2,45.0
V010154,T010154,2025-05-12,CDMX,P101,1,35.0
V010155,T010155,2025-05-12,CDMX,P107,2,165.0
V010156,T010155,2025-05-12,CDMX,P020,2,55.0
V010157,T010157,2025-05-12,CDMX,P020,1,55.0
V010158,T010157,2025-05-12,CDMX,P023,2,40.0
V010159,T010159,2025-05-12,CDMX,P042,1,28.0
V010160,T010159,2025-05-12,CDMX,P043,1,18.0
V010161,T010161,2025-05-12,CDMX,P022,3,150.0
V010162,T010161,2025-05-12,CDMX,P023,2,40.0
V010163,T010161,2025-05-12,CDMX,P010,1,120.0
V010164,T010164,2025-05-12,CDMX,P100,1,1250.0
V010165,T010165,2025-05-12,CDMX,P100,1,1250.0
V010166,T010166,2025-05-12,CDMX,P063,1,45.0
V010167,T010166,2025-05-12,CDMX,P060,1,850.0
V010168,T010166,2025-05-12,CDMX,P102,1,45.0
V010169,T010169,2025-05-12,MTY,P006,3,12.0
V010170,T010170,2025-05-12,MTY,P007,1,95.0
V010171,T010171,2025-05-12,MTY,P041,1,35.0
V010172,T010171,2025-05-12,MTY,P043,2,18.0
V010173,T010171,2025-05-12,MTY,P025,2,35.0
V010174,T010174,2025-05-12,MTY,P082,1,25.0
V010175,T010175,2025-05-12,MTY,P100,1,1250.0
V010176,T010175,2025-05-12,MTY,P060,3,850.0
V010177,T010177,2025-05-12,MTY,P027,3,320.0
V010178,T010177,2025-05-12,MTY,P066,2,55.0
V010179,T010179,2025-05-12,MTY,P042,1,28.0
V010180,T010179,2025-05-12,MTY,P043,2,18.0
V010181,T010179,2025-05-12,MTY,P101,3,35.0
V010182,T010182,2025-05-12,MTY,P065,1,30.0
V010183,T010183,2025-05-12,MTY,P013,3,45.0
V010184,T010183,2025-05-12,MTY,P029,1,95.0
V010185,T010185,2025-05-12,MTY,P086,1,650.0
V010186,T010186,2025-05-12,MTY,P006,2,12.0
V010187,T010187,2025-05-12,MTY,P006,3,12.0
V010188,T010187,2025-05-12,MTY,P101,3,35.0
V010189,T010189,2025-05-13,CUN,P011,1,210.0
V010190,T010190,2025-05-13,CUN,P008,2,180.0
V010191,T010190,2025-05-13,CUN,P011,1,210.0
V010192,T010192,2025-05-13,CUN,P021,2,85.0
V010193,T010192,2025-05-13,CUN,P023,1,40.0
V010194,T010194,2025-05-13,CUN,P041,2,35.0
V010195,T010194,2025-05-13,CUN,P080,2,280.0
V010196,T010196,2025-05-13,CUN,P010,1,120.0
V010197,T010196,2025-05-13,CUN,P021,2,85.0
V010198,T010198,2025-05-13,CUN,P085,1,980.0
V010199,T010198,2025-05-13,CUN,P001,2,145.0
V010200,T010200,2025-05-13,CUN,P063,2,45.0
V010201,T010200,2025-05-13,CUN,P060,3,850.0
V010202,T010200,2025-05-13,CUN,P066,2,55.0
V010203,T010203,2025-05-13,CUN,P041,3,35.0
V010204,T010203,2025-05-13,CUN,P043,3,18.0
V010205,T010203,2025-05-13,CUN,P003,2,8.5
V010206,T010206,2025-05-13,CUN,P024,2,6.0
V010207,T010207,2025-05-13,CUN,P009,2,85.0
V010208,T010207,2025-05-13,CUN,P021,1,85.0
V010209,T010209,2025-05-13,CUN,P063,3,45.0
V010210,T010209,2025-05-13,CUN,P060,1,850.0
V010211,T010209,2025-05-13,CUN,P027,1,320.0
V010212,T010212,2025-05-13,CUN,P048,3,180.0
V010213,T010213,2025-05-13,CUN,P022,2,150.0
V010214,T010213,2025-05-13,CUN,P023,2,40.0
V010215,T010215,2025-05-13,CUN,P064,1,38.0
V010216,T010215,2025-05-13,CUN,P061,1,165.0
V010217,T010215,2025-05-13,CUN,P046,1,280.0
V010218,T010218,2025-05-13,CUN,P063,2,45.0
V010219,T010218,2025-05-13,CUN,P060,1,850.0
V010220,T010220,2025-05-13,CUN,P104,1,95.0
V010221,T010220,2025-05-13,CUN,P106,1,55.0
V010222,T010222,2025-05-13,MID,P023,3,40.0
V010223,T010223,2025-05-13,MID,P086,1,650.0
V010224,T010224,2025-05-13,MID,P084,2,18.0
V010225,T010224,2025-05-13,MID,P003,1,8.5
V010226,T010226,2025-05-13,MID,P029,2,95.0
V010227,T010226,2025-05-13,MID,P010,2,120.0
V010228,T010228,2025-05-13,MID,P048,2,180.0
V010229,T010229,2025-05-13,MID,P040,2,1450.0
V010230,T010229,2025-05-13,MID,P062,2,320.0
V010231,T010231,2025-05-13,MID,P005,1,65.0
V010232,T010231,2025-05-13,MID,P060,2,850.0
V010233,T010233,2025-05-13,MID,P009,1,85.0
V010234,T010234,2025-05-13,MID,P007,1,95.0
V010235,T010235,2025-05-13,MID,P001,2,145.0
V010236,T010236,2025-05-13,MID,P024,2,6.0
V010237,T010237,2025-05-13,MID,P006,2,12.0
V010238,T010238,2025-05-13,MID,P100,3,1250.0
V010239,T010238,2025-05-13,MID,P102,3,45.0
V010240,T010238,2025-05-13,MID,P027,1,320.0
V010241,T010241,2025-05-13,MID,P060,1,850.0
V010242,T010242,2025-05-13,MID,P062,1,320.0
V010243,T010242,2025-05-13,MID,P064,1,38.0
V010244,T010244,2025-05-13,MID,P021,3,85.0
V010245,T010244,2025-05-13,MID,P023,1,40.0
V010246,T010244,2025-05-13,MID,P082,1,25.0
V010247,T010247,2025-05-13,MID,P100,1,1250.0
V010248,T010247,2025-05-13,MID,P101,1,35.0
V010249,T010247,2025-05-13,MID,P022,3,150.0
V010250,T010250,2025-05-13,MID,P007,1,95.0
V010251,T010251,2025-05-13,MID,P009,2,85.0
V010252,T010252,2025-05-13,CHI,P100,2,1250.0
V010253,T010252,2025-05-13,CHI,P102,2,45.0
V010254,T010252,2025-05-13,CHI,P043,3,18.0
V010255,T010255,2025-05-13,CHI,P102,2,45.0
V010256,T010255,2025-05-13,CHI,P083,3,65.0
V010257,T010257,2025-05-13,CHI,P064,1,38.0
V010258,T010258,2025-05-13,CHI,P082,1,25.0
V010259,T010259,2025-05-13,CHI,P011,1,210.0
V010260,T010260,2025-05-13,CHI,P001,1,145.0
V010261,T010261,2025-05-13,CHI,P010,2,120.0
V010262,T010261,2025-05-13,CHI,P020,2,55.0
V010263,T010263,2025-05-13,CHI,P043,1,18.0
V010264,T010264,2025-05-13,CHI,P106,3,55.0
V010265,T010264,2025-05-13,CHI,P102,2,45.0
V010266,T010266,2025-05-13,CHI,P066,1,55.0
V010267,T010267,2025-05-13,CHI,P100,3,1250.0
V010268,T010267,2025-05-13,CHI,P102,1,45.0
V010269,T010267,2025-05-13,CHI,P106,2,55.0
V010270,T010270,2025-05-13,CHI,P100,1,1250.0
V010271,T010270,2025-05-13,CHI,P101,3,35.0
V010272,T010270,2025-05-13,CHI,P005,1,65.0
V010273,T010273,2025-05-13,CHI,P100,3,1250.0
V010274,T010273,2025-05-13,CHI,P101,1,35.0
V010275,T010273,2025-05-13,CHI,P028,2,180.0
V010276,T010276,2025-05-13,CHI,P048,2,180.0
V010277,T010277,2025-05-13,CHI,P100,1,1250.0
V010278,T010277,2025-05-13,CHI,P101,3,35.0
V010279,T010279,2025-05-13,CDMX,P025,2,35.0
V010280,T010280,2025-05-13,CDMX,P011,1,210.0
V010281,T010280,2025-05-13,CDMX,P025,3,35.0
V010282,T010282,2025-05-13,CDMX,P103,2,120.0
V010283,T010283,2025-05-13,CDMX,P028,1,180.0
V010284,T010283,2025-05-13,CDMX,P060,1,850.0
V010285,T010285,2025-05-13,CDMX,P063,2,45.0
V010286,T010285,2025-05-13,CDMX,P060,1,850.0
V010287,T010287,2025-05-13,CDMX,P066,2,55.0
V010288,T010287,2025-05-13,CDMX,P044,1,22.0
V010289,T010289,2025-05-13,CDMX,P001,1,145.0
V010290,T010290,2025-05-13,CDMX,P020,1,55.0
V010291,T010290,2025-05-13,CDMX,P042,1,28.0
V010292,T010292,2025-05-13,CDMX,P041,1,35.0
V010293,T010293,2025-05-13,MTY,P027,3,320.0
V010294,T010294,2025-05-13,MTY,P012,1,980.0
V010295,T010295,2025-05-13,MTY,P042,3,28.0
V010296,T010295,2025-05-13,MTY,P043,1,18.0
V010297,T010297,2025-05-13,MTY,P022,1,150.0
V010298,T010297,2025-05-13,MTY,P023,2,40.0
V010299,T010297,2025-05-13,MTY,P029,3,95.0
V010300,T010300,2025-05-13,MTY,P023,1,40.0
V010301,T010300,2025-05-13,MTY,P064,3,38.0
V010302,T010302,2025-05-13,MTY,P003,1,8.5
V010303,T010302,2025-05-13,MTY,P082,1,25.0
V010304,T010304,2025-05-13,MTY,P005,1,65.0
V010305,T010305,2025-05-13,MTY,P044,1,22.0
V010306,T010306,2025-05-13,MTY,P060,2,850.0
V010307,T010306,2025-05-13,MTY,P107,1,165.0
V010308,T010308,2025-05-14,CUN,P042,1,28.0
V010309,T010308,2025-05-14,CUN,P043,1,18.0
V010310,T010308,2025-05-14,CUN,P086,2,650.0
V010311,T010311,2025-05-14,CUN,P064,2,38.0
V010312,T010311,2025-05-14,CUN,P061,1,165.0
V010313,T010311,2025-05-14,CUN,P100,3,1250.0
V010314,T010314,2025-05-14,CUN,P041,1,35.0
V010315,T010315,2025-05-14,CUN,P004,3,6.0
V010316,T010316,2025-05-14,CUN,P042,1,28.0
V010317,T010316,2025-05-14,CUN,P043,1,18.0
V010318,T010318,2025-05-14,CUN,P010,1,120.0
V010319,T010319,2025-05-14,CUN,P005,1,65.0
V010320,T010320,2025-05-14,CUN,P029,3,95.0
V010321,T010321,2025-05-14,CUN,P103,3,120.0
V010322,T010322,2025-05-14,CUN,P041,3,35.0
V010323,T010322,2025-05-14,CUN,P043,2,18.0
V010324,T010324,2025-05-14,CUN,P027,1,320.0
V010325,T010325,2025-05-14,CUN,P040,2,1450.0
V010326,T010325,2025-05-14,CUN,P023,1,40.0
V010327,T010327,2025-05-14,CUN,P013,1,45.0
V010328,T010328,2025-05-14,CUN,P066,1,55.0
V010329,T010329,2025-05-14,CUN,P106,2,55.0
V010330,T010329,2025-05-14,CUN,P060,3,850.0
V010331,T010331,2025-05-14,CUN,P007,1,95.0
V010332,T010332,2025-05-14,CUN,P030,3,180.0
V010333,T010332,2025-05-14,CUN,P012,3,980.0
V010334,T010334,2025-05-14,CUN,P021,2,85.0
V010335,T010334,2025-05-14,CUN,P023,1,40.0
V010336,T010336,2025-05-14,CUN,P021,2,85.0
V010337,T010336,2025-05-14,CUN,P023,1,40.0
V010338,T010336,2025-05-14,CUN,P024,2,6.0
V010339,T010339,2025-05-14,CUN,P101,1,35.0
V010340,T010339,2025-05-14,CUN,P080,3,280.0
V010341,T010341,2025-05-14,CUN,P024,2,6.0
V010342,T010341,2025-05-14,CUN,P030,1,180.0
V010343,T010343,2025-05-14,CUN,P003,1,8.5
V010344,T010343,2025-05-14,CUN,P027,3,320.0
V010345,T010345,2025-05-14,MID,P041,1,35.0
V010346,T010345,2025-05-14,MID,P043,1,18.0
V010347,T010347,2025-05-14,MID,P043,3,18.0
V010348,T010348,2025-05-14,MID,P028,2,180.0
V010349,T010349,2025-05-14,MID,P022,2,150.0
V010350,T010349,2025-05-14,MID,P023,1,40.0
V010351,T010351,2025-05-14,MID,P107,2,165.0
V010352,T010352,2025-05-14,MID,P006,1,12.0
V010353,T010353,2025-05-14,MID,P100,3,1250.0
V010354,T010353,2025-05-14,MID,P101,1,35.0
V010355,T010353,2025-05-14,MID,P107,1,165.0
V010356,T010356,2025-05-14,MID,P063,2,45.0
V010357,T010356,2025-05-14,MID,P060,2,850.0
V010358,T010358,2025-05-14,MID,P102,1,45.0
V010359,T010358,2025-05-14,MID,P105,3,145.0
V010360,T010360,2025-05-14,MID,P042,2,28.0
V010361,T010360,2025-05-14,MID,P043,1,18.0
V010362,T010362,2025-05-14,MID,P063,2,45.0
V010363,T010362,2025-05-14,MID,P060,1,850.0
V010364,T010362,2025-05-14,MID,P044,1,22.0
V010365,T010365,2025-05-14,MID,P042,3,28.0
V010366,T010365,2025-05-14,MID,P043,3,18.0
V010367,T010367,2025-05-14,MID,P007,3,95.0
V010368,T010367,2025-05-14,MID,P027,1,320.0
V010369,T010369,2025-05-14,MID,P066,1,55.0
V010370,T010370,2025-05-14,MID,P022,1,150.0
V010371,T010370,2025-05-14,MID,P023,1,40.0
V010372,T010372,2025-05-14,MID,P106,3,55.0
V010373,T010373,2025-05-14,MID,P106,1,55.0
V010374,T010373,2025-05-14,MID,P065,2,30.0
V010375,T010375,2025-05-14,CHI,P007,2,95.0
V010376,T010376,2025-05-14,CHI,P100,1,1250.0
V010377,T010376,2025-05-14,CHI,P102,3,45.0
V010378,T010378,2025-05-14,CHI,P102,1,45.0
V010379,T010378,2025-05-14,CHI,P011,3,210.0
V010380,T010380,2025-05-14,CHI,P103,1,120.0
V010381,T010381,2025-05-14,CHI,P026,2,65.0
V010382,T010381,2025-05-14,CHI,P007,2,95.0
V010383,T010383,2025-05-14,CHI,P044,1,22.0
V010384,T010384,2025-05-14,CHI,P100,2,1250.0
V010385,T010384,2025-05-14,CHI,P101,3,35.0
V010386,T010386,2025-05-14,CHI,P105,1,145.0
V010387,T010387,2025-05-14,CHI,P063,2,45.0
V010388,T010387,2025-05-14,CHI,P060,1,850.0
V010389,T010389,2025-05-14,CHI,P060,2,850.0
V010390,T010390,2025-05-14,CHI,P030,2,180.0
V010391,T010391,2025-05-14,CHI,P100,2,1250.0
V010392,T010391,2025-05-14,CHI,P101,1,35.0
V010393,T010391,2025-05-14,CHI,P060,1,850.0
V010394,T010394,2025-05-14,CHI,P063,1,45.0
V010395,T010394,2025-05-14,CHI,P060,3,850.0
V010396,T010396,2025-05-14,CDMX,P021,2,85.0
V010397,T010396,2025-05-14,CDMX,P023,2,40.0
V010398,T010396,2025-05-14,CDMX,P003,2,8.5
V010399,T010399,2025-05-14,CDMX,P024,2,6.0
V010400,T010400,2025-05-14,CDMX,P084,2,18.0
V010401,T010401,2025-05-14,CDMX,P021,1,85.0
V010402,T010401,2025-05-14,CDMX,P023,3,40.0
V010403,T010401,2025-05-14,CDMX,P064,1,38.0
V010404,T010404,2025-05-14,CDMX,P102,2,45.0
V010405,T010404,2025-05-14,CDMX,P045,2,45.0
V010406,T010406,2025-05-14,CDMX,P083,2,65.0
V010407,T010406,2025-05-14,CDMX,P107,2,165.0
V010408,T010408,2025-05-14,CDMX,P030,1,180.0
V010409,T010409,2025-05-14,CDMX,P065,2,30.0
V010410,T010409,2025-05-14,CDMX,P041,1,35.0
V010411,T010411,2025-05-14,CDMX,P100,1,1250.0
V010412,T010411,2025-05-14,CDMX,P102,1,45.0
V010413,T010411,2025-05-14,CDMX,P081,1,65.0
V010414,T010414,2025-05-14,CDMX,P101,1,35.0
V010415,T010414,2025-05-14,CDMX,P001,1,145.0
V010416,T010416,2025-05-14,CDMX,P100,1,1250.0
V010417,T010416,2025-05-14,CDMX,P101,1,35.0
V010418,T010418,2025-05-14,CDMX,P026,1,65.0
V010419,T010419,2025-05-14,CDMX,P107,1,165.0
V010420,T010420,2025-05-14,CDMX,P064,1,38.0
V010421,T010420,2025-05-14,CDMX,P061,3,165.0
V010422,T010420,2025-05-14,CDMX,P084,1,18.0
V010423,T010423,2025-05-14,CDMX,P002,3,180.0
V010424,T010423,2025-05-14,CDMX,P080,1,280.0
V010425,T010425,2025-05-14,CDMX,P045,1,45.0
V010426,T010426,2025-05-14,CDMX,P102,1,45.0
V010427,T010427,2025-05-14,CDMX,P010,1,120.0
V010428,T010427,2025-05-14,CDMX,P002,1,180.0
V010429,T010429,2025-05-14,CDMX,P064,2,38.0
V010430,T010429,2025-05-14,CDMX,P061,1,165.0
V010431,T010429,2025-05-14,CDMX,P065,3,30.0
V010432,T010432,2025-05-14,CDMX,P005,2,65.0
V010433,T010432,2025-05-14,CDMX,P043,2,18.0
V010434,T010434,2025-05-14,CDMX,P064,3,38.0
V010435,T010434,2025-05-14,CDMX,P083,1,65.0
V010436,T010436,2025-05-14,MTY,P011,1,210.0
V010437,T010436,2025-05-14,MTY,P060,1,850.0
V010438,T010438,2025-05-14,MTY,P104,2,95.0
V010439,T010438,2025-05-14,MTY,P103,2,120.0
V010440,T010440,2025-05-14,MTY,P061,1,165.0
V010441,T010441,2025-05-14,MTY,P104,1,95.0
V010442,T010442,2025-05-14,MTY,P060,3,850.0
V010443,T010443,2025-05-14,MTY,P040,3,1450.0
V010444,T010444,2025-05-14,MTY,P063,1,45.0
V010445,T010444,2025-05-14,MTY,P060,1,850.0
V010446,T010446,2025-05-14,MTY,P021,3,85.0
V010447,T010446,2025-05-14,MTY,P023,2,40.0
V010448,T010446,2025-05-14,MTY,P006,3,12.0
V010449,T010449,2025-05-14,MTY,P084,2,18.0
V010450,T010449,2025-05-14,MTY,P020,1,55.0
V010451,T010451,2025-05-14,MTY,P002,1,180.0
V010452,T010452,2025-05-14,MTY,P100,3,1250.0
V010453,T010452,2025-05-14,MTY,P102,2,45.0
V010454,T010454,2025-05-15,CUN,P020,2,55.0
V010455,T010454,2025-05-15,CUN,P105,2,145.0
V010456,T010456,2025-05-15,CUN,P021,1,85.0
V010457,T010456,2025-05-15,CUN,P023,2,40.0
V010458,T010458,2025-05-15,CUN,P023,1,40.0
V010459,T010458,2025-05-15,CUN,P010,1,120.0
V010460,T010460,2025-05-15,CUN,P100,1,1250.0
V010461,T010460,2025-05-15,CUN,P102,1,45.0
V010462,T010460,2025-05-15,CUN,P022,1,150.0
V010463,T010463,2025-05-15,CUN,P100,2,1250.0
V010464,T010463,2025-05-15,CUN,P101,1,35.0
V010465,T010463,2025-05-15,CUN,P022,1,150.0
V010466,T010466,2025-05-15,CUN,P100,2,1250.0
V010467,T010466,2025-05-15,CUN,P101,1,35.0
V010468,T010468,2025-05-15,CUN,P046,2,280.0
V010469,T010469,2025-05-15,CUN,P046,1,280.0
V010470,T010469,2025-05-15,CUN,P106,2,55.0
V010471,T010471,2025-05-15,CUN,P062,3,320.0
V010472,T010471,2025-05-15,CUN,P060,1,850.0
V010473,T010473,2025-05-15,MID,P006,2,12.0
V010474,T010473,2025-05-15,MID,P024,2,6.0
V010475,T010475,2025-05-15,MID,P005,2,65.0
V010476,T010475,2025-05-15,MID,P027,1,320.0
V010477,T010477,2025-05-15,MID,P022,1,150.0
V010478,T010477,2025-05-15,MID,P023,2,40.0
V010479,T010477,2025-05-15,MID,P025,1,35.0
V010480,T010480,2025-05-15,MID,P045,1,45.0
V010481,T010480,2025-05-15,MID,P046,2,280.0
V010482,T010482,2025-05-15,MID,P041,1,35.0
V010483,T010482,2025-05-15,MID,P043,2,18.0
V010484,T010484,2025-05-15,MID,P023,2,40.0
V010485,T010485,2025-05-15,MID,P100,1,1250.0
V010486,T010485,2025-05-15,MID,P101,1,35.0
V010487,T010487,2025-05-15,MID,P021,2,85.0
V010488,T010487,2025-05-15,MID,P023,2,40.0
V010489,T010489,2025-05-15,MID,P008,3,180.0
V010490,T010490,2025-05-15,MID,P062,1,320.0
V010491,T010491,2025-05-15,MID,P005,1,65.0
V010492,T010491,2025-05-15,MID,P001,1,145.0
V010493,T010493,2025-05-15,MID,P063,1,45.0
V010494,T010493,2025-05-15,MID,P060,2,850.0
V010495,T010495,2025-05-15,MID,P064,1,38.0
V010496,T010495,2025-05-15,MID,P061,1,165.0
V010497,T010497,2025-05-15,MID,P001,3,145.0
V010498,T010497,2025-05-15,MID,P030,1,180.0
V010499,T010499,2025-05-15,MID,P048,2,180.0
V010500,T010499,2025-05-15,MID,P081,1,65.0
V010501,T010501,2025-05-15,MID,P041,2,35.0
V010502,T010501,2025-05-15,MID,P043,1,18.0
V010503,T010501,2025-05-15,MID,P107,2,165.0
V010504,T010504,2025-05-15,MID,P013,2,45.0
V010505,T010505,2025-05-15,MID,P001,1,145.0
V010506,T010505,2025-05-15,MID,P040,1,1450.0
V010507,T010507,2025-05-15,CHI,P042,3,28.0
V010508,T010507,2025-05-15,CHI,P043,3,18.0
V010509,T010507,2025-05-15,CHI,P020,1,55.0
V010510,T010510,2025-05-15,CHI,P022,1,150.0
V010511,T010510,2025-05-15,CHI,P023,1,40.0
V010512,T010512,2025-05-15,CHI,P101,1,35.0
V010513,T010512,2025-05-15,CHI,P102,1,45.0
V010514,T010514,2025-05-15,CHI,P063,2,45.0
V010515,T010514,2025-05-15,CHI,P060,3,850.0
V010516,T010514,2025-05-15,CHI,P105,2,145.0
V010517,T010517,2025-05-15,CHI,P001,1,145.0
V010518,T010518,2025-05-15,CHI,P065,2,30.0
V010519,T010518,2025-05-15,CHI,P041,1,35.0
V010520,T010520,2025-05-15,CHI,P084,2,18.0
V010521,T010520,2025-05-15,CHI,P003,2,8.5
V010522,T010522,2025-05-15,CHI,P004,1,6.0
V010523,T010523,2025-05-15,CHI,P042,3,28.0
V010524,T010523,2025-05-15,CHI,P043,2,18.0
V010525,T010525,2025-05-15,CHI,P021,1,85.0
V010526,T010525,2025-05-15,CHI,P023,2,40.0
V010527,T010527,2025-05-15,CHI,P101,2,35.0
V010528,T010528,2025-05-15,CHI,P020,1,55.0
V010529,T010528,2025-05-15,CHI,P028,1,180.0
V010530,T010530,2025-05-15,CHI,P045,2,45.0
V010531,T010531,2025-05-15,CHI,P082,2,25.0
V010532,T010531,2025-05-15,CHI,P005,1,65.0
V010533,T010533,2025-05-15,CHI,P063,3,45.0
V010534,T010533,2025-05-15,CHI,P060,3,850.0
V010535,T010535,2025-05-15,CDMX,P085,1,980.0
V010536,T010535,2025-05-15,CDMX,P061,1,165.0
V010537,T010537,2025-05-15,CDMX,P046,1,280.0
V010538,T010538,2025-05-15,CDMX,P022,3,150.0
V010539,T010538,2025-05-15,CDMX,P023,3,40.0
V010540,T010538,2025-05-15,CDMX,P082,3,25.0
V010541,T010541,2025-05-15,CDMX,P101,1,35.0
V010542,T010542,2025-05-15,CDMX,P028,2,180.0
V010543,T010542,2025-05-15,CDMX,P001,1,145.0
V010544,T010544,2025-05-15,CDMX,P107,2,165.0
V010545,T010544,2025-05-15,CDMX,P024,3,6.0
V010546,T010546,2025-05-15,CDMX,P106,1,55.0
V010547,T010546,2025-05-15,CDMX,P006,2,12.0
V010548,T010548,2025-05-15,CDMX,P063,1,45.0
V010549,T010548,2025-05-15,CDMX,P060,2,850.0
V010550,T010550,2025-05-15,CDMX,P063,3,45.0
V010551,T010550,2025-05-15,CDMX,P060,1,850.0
V010552,T010552,2025-05-15,CDMX,P042,1,28.0
V010553,T010553,2025-05-15,CDMX,P100,2,1250.0
V010554,T010553,2025-05-15,CDMX,P101,2,35.0
V010555,T010555,2025-05-15,CDMX,P024,2,6.0
V010556,T010555,2025-05-15,CDMX,P066,1,55.0
V010557,T010557,2025-05-15,CDMX,P048,2,180.0
V010558,T010558,2025-05-15,CDMX,P064,1,38.0
V010559,T010558,2025-05-15,CDMX,P061,1,165.0
V010560,T010560,2025-05-15,CDMX,P024,3,6.0
V010561,T010561,2025-05-15,CDMX,P041,2,35.0
V010562,T010561,2025-05-15,CDMX,P043,2,18.0
V010563,T010563,2025-05-15,CDMX,P064,1,38.0
V010564,T010563,2025-05-15,CDMX,P061,3,165.0
V010565,T010565,2025-05-15,CDMX,P082,3,25.0
V010566,T010566,2025-05-15,CDMX,P081,2,65.0
V010567,T010567,2025-05-15,CDMX,P100,2,1250.0
V010568,T010567,2025-05-15,CDMX,P102,2,45.0
V010569,T010567,2025-05-15,CDMX,P029,1,95.0
V010570,T010570,2025-05-15,CDMX,P044,2,22.0
V010571,T010571,2025-05-15,CDMX,P030,1,180.0
V010572,T010571,2025-05-15,CDMX,P080,2,280.0
V010573,T010573,2025-05-15,MTY,P042,2,28.0
V010574,T010573,2025-05-15,MTY,P020,2,55.0
V010575,T010575,2025-05-15,MTY,P100,1,1250.0
V010576,T010575,2025-05-15,MTY,P101,2,35.0
V010577,T010575,2025-05-15,MTY,P082,1,25.0
V010578,T010578,2025-05-15,MTY,P008,1,180.0
V010579,T010578,2025-05-15,MTY,P048,1,180.0
V010580,T010580,2025-05-15,MTY,P003,3,8.5
V010581,T010580,2025-05-15,MTY,P106,1,55.0
V010582,T010582,2025-05-15,MTY,P022,1,150.0
V010583,T010582,2025-05-15,MTY,P023,1,40.0
V010584,T010582,2025-05-15,MTY,P063,1,45.0
V010585,T010585,2025-05-15,MTY,P041,2,35.0
V010586,T010585,2025-05-15,MTY,P043,3,18.0
V010587,T010585,2025-05-15,MTY,P028,1,180.0
V010588,T010588,2025-05-15,MTY,P040,1,1450.0
V010589,T010589,2025-05-15,MTY,P083,2,65.0
V010590,T010590,2025-05-15,MTY,P081,2,65.0
V010591,T010590,2025-05-15,MTY,P027,2,320.0
V010592,T010592,2025-05-15,MTY,P022,1,150.0
V010593,T010592,2025-05-15,MTY,P023,1,40.0
V010594,T010594,2025-05-15,MTY,P022,1,150.0
V010595,T010594,2025-05-15,MTY,P086,2,650.0
V010596,T010596,2025-05-15,MTY,P023,2,40.0
V010597,T010596,2025-05-15,MTY,P101,1,35.0
V010598,T010598,2025-05-15,MTY,P100,1,1250.0
V010599,T010598,2025-05-15,MTY,P101,1,35.0
V010600,T010600,2025-05-15,MTY,P100,1,1250.0
V010601,T010600,2025-05-15,MTY,P102,1,45.0
V010602,T010602,2025-05-15,MTY,P012,1,980.0
V010603,T010603,2025-05-15,MTY,P100,1,1250.0
V010604,T010603,2025-05-15,MTY,P101,1,35.0
V010605,T010603,2025-05-15,MTY,P107,1,165.0
V010606,T010606,2025-05-15,MTY,P046,2,280.0
V010607,T010607,2025-05-16,CUN,P044,1,22.0
V010608,T010608,2025-05-16,CUN,P003,1,8.5
V010609,T010608,2025-05-16,CUN,P046,1,280.0
V010610,T010610,2025-05-16,CUN,P021,1,85.0
V010611,T010610,2025-05-16,CUN,P023,1,40.0
V010612,T010612,2025-05-16,CUN,P085,2,980.0
V010613,T010613,2025-05-16,CUN,P080,2,280.0
V010614,T010614,2025-05-16,CUN,P061,2,165.0
V010615,T010615,2025-05-16,CUN,P046,2,280.0
V010616,T010615,2025-05-16,CUN,P100,1,1250.0
V010617,T010617,2025-05-16,CUN,P084,1,18.0
V010618,T010617,2025-05-16,CUN,P082,2,25.0
V010619,T010619,2025-05-16,CUN,P080,1,280.0
V010620,T010620,2025-05-16,CUN,P082,1,25.0
V010621,T010621,2025-05-16,CUN,P064,1,38.0
V010622,T010621,2025-05-16,CUN,P061,2,165.0
V010623,T010621,2025-05-16,CUN,P021,2,85.0
V010624,T010624,2025-05-16,CUN,P046,3,280.0
V010625,T010624,2025-05-16,CUN,P027,1,320.0
V010626,T010626,2025-05-16,CUN,P100,1,1250.0
V010627,T010626,2025-05-16,CUN,P101,1,35.0
V010628,T010626,2025-05-16,CUN,P062,1,320.0
V010629,T010629,2025-05-16,CUN,P086,1,650.0
V010630,T010630,2025-05-16,CUN,P100,1,1250.0
V010631,T010630,2025-05-16,CUN,P101,1,35.0
V010632,T010630,2025-05-16,CUN,P027,2,320.0
V010633,T010633,2025-05-16,CUN,P100,3,1250.0
V010634,T010633,2025-05-16,CUN,P101,3,35.0
V010635,T010635,2025-05-16,MID,P042,2,28.0
V010636,T010635,2025-05-16,MID,P043,1,18.0
V010637,T010635,2025-05-16,MID,P010,3,120.0
V010638,T010638,2025-05-16,MID,P102,3,45.0
V010639,T010638,2025-05-16,MID,P013,3,45.0
V010640,T010640,2025-05-16,MID,P023,1,40.0
V010641,T010640,2025-05-16,MID,P084,3,18.0
V010642,T010642,2025-05-16,MID,P024,1,6.0
V010643,T010642,2025-05-16,MID,P046,1,280.0
V010644,T010644,2025-05-16,MID,P063,2,45.0
V010645,T010644,2025-05-16,MID,P060,1,850.0
V010646,T010646,2025-05-16,MID,P084,2,18.0
V010647,T010647,2025-05-16,MID,P081,1,65.0
V010648,T010647,2025-05-16,MID,P004,1,6.0
V010649,T010649,2025-05-16,MID,P022,1,150.0
V010650,T010649,2025-05-16,MID,P023,1,40.0
V010651,T010649,2025-05-16,MID,P030,3,180.0
V010652,T010652,2025-05-16,MID,P028,1,180.0
V010653,T010653,2025-05-16,CHI,P001,1,145.0
V010654,T010653,2025-05-16,CHI,P003,2,8.5
V010655,T010655,2025-05-16,CHI,P065,2,30.0
V010656,T010656,2025-05-16,CHI,P002,1,180.0
V010657,T010657,2025-05-16,CHI,P022,1,150.0
V010658,T010657,2025-05-16,CHI,P023,2,40.0
V010659,T010657,2025-05-16,CHI,P086,3,650.0
V010660,T010660,2025-05-16,CHI,P009,2,85.0
V010661,T010660,2025-05-16,CHI,P064,2,38.0
V010662,T010662,2025-05-16,CHI,P106,1,55.0
V010663,T010662,2025-05-16,CHI,P062,2,320.0
V010664,T010664,2025-05-16,CHI,P048,1,180.0
V010665,T010664,2025-05-16,CHI,P102,2,45.0
V010666,T010666,2025-05-16,CHI,P080,1,280.0
V010667,T010667,2025-05-16,CHI,P005,2,65.0
V010668,T010667,2025-05-16,CHI,P020,3,55.0
V010669,T010669,2025-05-16,CHI,P025,1,35.0
V010670,T010670,2025-05-16,CHI,P045,1,45.0
V010671,T010670,2025-05-16,CHI,P104,3,95.0
V010672,T010672,2025-05-16,CHI,P103,1,120.0
V010673,T010673,2025-05-16,CHI,P100,2,1250.0
V010674,T010673,2025-05-16,CHI,P101,2,35.0
V010675,T010675,2025-05-16,CHI,P022,2,150.0
V010676,T010675,2025-05-16,CHI,P023,1,40.0
V010677,T010675,2025-05-16,CHI,P005,3,65.0
V010678,T010678,2025-05-16,CHI,P042,2,28.0
V010679,T010678,2025-05-16,CHI,P043,3,18.0
V010680,T010680,2025-05-16,CHI,P101,2,35.0
V010681,T010681,2025-05-16,CHI,P045,1,45.0
V010682,T010681,2025-05-16,CHI,P101,1,35.0
V010683,T010683,2025-05-16,CDMX,P013,1,45.0
V010684,T010684,2025-05-16,CDMX,P066,2,55.0
V010685,T010685,2025-05-16,CDMX,P065,2,30.0
V010686,T010686,2025-05-16,CDMX,P006,3,12.0
V010687,T010687,2025-05-16,CDMX,P021,3,85.0
V010688,T010688,2025-05-16,CDMX,P106,1,55.0
V010689,T010688,2025-05-16,CDMX,P103,1,120.0
V010690,T010690,2025-05-16,CDMX,P100,3,1250.0
V010691,T010690,2025-05-16,CDMX,P102,1,45.0
V010692,T010692,2025-05-16,CDMX,P100,2,1250.0
V010693,T010692,2025-05-16,CDMX,P101,1,35.0
V010694,T010694,2025-05-16,CDMX,P086,2,650.0
V010695,T010694,2025-05-16,CDMX,P024,1,6.0
V010696,T010696,2025-05-16,CDMX,P060,1,850.0
V010697,T010696,2025-05-16,CDMX,P029,1,95.0
V010698,T010698,2025-05-16,CDMX,P002,1,180.0
V010699,T010698,2025-05-16,CDMX,P048,1,180.0
V010700,T010700,2025-05-16,MTY,P021,3,85.0
V010701,T010700,2025-05-16,MTY,P080,1,280.0
V010702,T010702,2025-05-16,MTY,P080,1,280.0
V010703,T010703,2025-05-16,MTY,P010,3,120.0
V010704,T010703,2025-05-16,MTY,P007,1,95.0
V010705,T010705,2025-05-16,MTY,P012,2,980.0
V010706,T010706,2025-05-16,MTY,P021,1,85.0
V010707,T010706,2025-05-16,MTY,P023,2,40.0
V010708,T010706,2025-05-16,MTY,P106,2,55.0
V010709,T010709,2025-05-16,MTY,P001,3,145.0
V010710,T010710,2025-05-16,MTY,P042,1,28.0
V010711,T010710,2025-05-16,MTY,P043,1,18.0
V010712,T010710,2025-05-16,MTY,P060,1,850.0
V010713,T010713,2025-05-16,MTY,P100,1,1250.0
V010714,T010713,2025-05-16,MTY,P083,1,65.0
V010715,T010715,2025-05-16,MTY,P080,3,280.0
V010716,T010715,2025-05-16,MTY,P082,1,25.0
V010717,T010717,2025-05-16,MTY,P083,2,65.0
V010718,T010717,2025-05-16,MTY,P064,1,38.0
V010719,T010719,2025-05-16,MTY,P022,1,150.0
V010720,T010720,2025-05-16,MTY,P011,3,210.0
V010721,T010720,2025-05-16,MTY,P103,1,120.0
V010722,T010722,2025-05-16,MTY,P102,1,45.0
V010723,T010722,2025-05-16,MTY,P025,3,35.0
V010724,T010724,2025-05-16,MTY,P020,3,55.0
V010725,T010724,2025-05-16,MTY,P023,3,40.0
V010726,T010726,2025-05-17,CUN,P106,3,55.0
V010727,T010726,2025-05-17,CUN,P005,1,65.0
V010728,T010728,2025-05-17,CUN,P100,1,1250.0
V010729,T010728,2025-05-17,CUN,P101,3,35.0
V010730,T010730,2025-05-17,CUN,P027,3,320.0
V010731,T010730,2025-05-17,CUN,P104,1,95.0
V010732,T010732,2025-05-17,CUN,P041,2,35.0
V010733,T010732,2025-05-17,CUN,P043,1,18.0
V010734,T010732,2025-05-17,CUN,P047,3,95.0
V010735,T010735,2025-05-17,CUN,P004,2,6.0
V010736,T010736,2025-05-17,CUN,P104,2,95.0
V010737,T010737,2025-05-17,CUN,P041,2,35.0
V010738,T010737,2025-05-17,CUN,P043,2,18.0
V010739,T010737,2025-05-17,CUN,P022,2,150.0
V010740,T010740,2025-05-17,CUN,P063,3,45.0
V010741,T010740,2025-05-17,CUN,P060,3,850.0
V010742,T010742,2025-05-17,MID,P103,1,120.0
V010743,T010743,2025-05-17,MID,P100,1,1250.0
V010744,T010743,2025-05-17,MID,P101,1,35.0
V010745,T010745,2025-05-17,MID,P022,2,150.0
V010746,T010746,2025-05-17,MID,P041,1,35.0
V010747,T010746,2025-05-17,MID,P043,1,18.0
V010748,T010746,2025-05-17,MID,P103,1,120.0
V010749,T010749,2025-05-17,MID,P041,2,35.0
V010750,T010749,2025-05-17,MID,P043,1,18.0
V010751,T010749,2025-05-17,MID,P107,1,165.0
V010752,T010752,2025-05-17,MID,P010,1,120.0
V010753,T010752,2025-05-17,MID,P041,1,35.0
V010754,T010754,2025-05-17,MID,P061,2,165.0
V010755,T010754,2025-05-17,MID,P063,1,45.0
V010756,T010756,2025-05-17,MID,P041,1,35.0
V010757,T010756,2025-05-17,MID,P043,2,18.0
V010758,T010756,2025-05-17,MID,P027,1,320.0
V010759,T010759,2025-05-17,MID,P022,2,150.0
V010760,T010759,2025-05-17,MID,P023,3,40.0
V010761,T010759,2025-05-17,MID,P083,1,65.0
V010762,T010762,2025-05-17,MID,P060,2,850.0
V010763,T010763,2025-05-17,MID,P042,3,28.0
V010764,T010763,2025-05-17,MID,P043,1,18.0
V010765,T010765,2025-05-17,MID,P022,3,150.0
V010766,T010765,2025-05-17,MID,P023,3,40.0
V010767,T010767,2025-05-17,MID,P063,2,45.0
V010768,T010767,2025-05-17,MID,P060,2,850.0
V010769,T010767,2025-05-17,MID,P006,1,12.0
V010770,T010770,2025-05-17,MID,P062,1,320.0
V010771,T010770,2025-05-17,MID,P022,2,150.0
V010772,T010772,2025-05-17,MID,P005,1,65.0
V010773,T010773,2025-05-17,MID,P086,1,650.0
V010774,T010774,2025-05-17,MID,P029,1,95.0
V010775,T010775,2025-05-17,CHI,P066,1,55.0
V010776,T010776,2025-05-17,CHI,P046,1,280.0
V010777,T010776,2025-05-17,CHI,P064,1,38.0
V010778,T010778,2025-05-17,CHI,P008,2,180.0
V010779,T010779,2025-05-17,CHI,P021,3,85.0
V010780,T010779,2025-05-17,CHI,P043,1,18.0
V010781,T010781,2025-05-17,CHI,P042,2,28.0
V010782,T010781,2025-05-17,CHI,P086,1,650.0
V010783,T010783,2025-05-17,CHI,P009,1,85.0
V010784,T010784,2025-05-17,CHI,P061,3,165.0
V010785,T010785,2025-05-17,CHI,P027,1,320.0
V010786,T010785,2025-05-17,CHI,P100,2,1250.0
V010787,T010787,2025-05-17,CHI,P005,1,65.0
V010788,T010787,2025-05-17,CHI,P024,1,6.0
V010789,T010789,2025-05-17,CHI,P082,3,25.0
V010790,T010789,2025-05-17,CHI,P083,3,65.0
V010791,T010791,2025-05-17,CHI,P044,1,22.0
V010792,T010791,2025-05-17,CHI,P005,3,65.0
V010793,T010793,2025-05-17,CHI,P064,1,38.0
V010794,T010793,2025-05-17,CHI,P061,3,165.0
V010795,T010793,2025-05-17,CHI,P104,2,95.0
V010796,T010796,2025-05-17,CHI,P020,2,55.0
V010797,T010796,2025-05-17,CHI,P023,3,40.0
V010798,T010796,2025-05-17,CHI,P024,1,6.0
V010799,T010799,2025-05-17,CHI,P086,2,650.0
V010800,T010799,2025-05-17,CHI,P009,2,85.0
V010801,T010801,2025-05-17,CHI,P007,1,95.0
V010802,T010802,2025-05-17,CHI,P064,2,38.0
V010803,T010802,2025-05-17,CHI,P061,1,165.0
V010804,T010804,2025-05-17,CHI,P008,3,180.0
V010805,T010804,2025-05-17,CHI,P043,2,18.0
V010806,T010806,2025-05-17,CHI,P006,3,12.0
V010807,T010807,2025-05-17,CHI,P080,3,280.0
V010808,T010808,2025-05-17,CDMX,P040,2,1450.0
V010809,T010808,2025-05-17,CDMX,P028,2,180.0
V010810,T010810,2025-05-17,CDMX,P040,1,1450.0
V010811,T010810,2025-05-17,CDMX,P044,2,22.0
V010812,T010812,2025-05-17,CDMX,P085,3,980.0
V010813,T010813,2025-05-17,CDMX,P062,1,320.0
V010814,T010813,2025-05-17,CDMX,P063,2,45.0
V010815,T010815,2025-05-17,CDMX,P041,1,35.0
V010816,T010815,2025-05-17,CDMX,P043,1,18.0
V010817,T010815,2025-05-17,CDMX,P028,2,180.0
V010818,T010818,2025-05-17,CDMX,P086,1,650.0
V010819,T010819,2025-05-17,CDMX,P021,2,85.0
V010820,T010819,2025-05-17,CDMX,P028,2,180.0
V010821,T010821,2025-05-17,CDMX,P064,2,38.0
V010822,T010822,2025-05-17,MTY,P042,2,28.0
V010823,T010822,2025-05-17,MTY,P043,1,18.0
V010824,T010822,2025-05-17,MTY,P023,2,40.0
V010825,T010825,2025-05-17,MTY,P006,2,12.0
V010826,T010825,2025-05-17,MTY,P041,1,35.0
V010827,T010827,2025-05-17,MTY,P040,3,1450.0
V010828,T010828,2025-05-17,MTY,P062,1,320.0
V010829,T010829,2025-05-17,MTY,P007,2,95.0
V010830,T010829,2025-05-17,MTY,P025,1,35.0
V010831,T010831,2025-05-17,MTY,P060,1,850.0
V010832,T010831,2025-05-17,MTY,P024,2,6.0
V010833,T010833,2025-05-17,MTY,P100,1,1250.0
V010834,T010833,2025-05-17,MTY,P101,3,35.0
V010835,T010833,2025-05-17,MTY,P104,1,95.0
V010836,T010836,2025-05-17,MTY,P100,1,1250.0
V010837,T010836,2025-05-17,MTY,P102,2,45.0
V010838,T010838,2025-05-17,MTY,P041,2,35.0
V010839,T010838,2025-05-17,MTY,P043,2,18.0
V010840,T010838,2025-05-17,MTY,P040,1,1450.0
V010841,T010841,2025-05-17,MTY,P041,2,35.0
V010842,T010841,2025-05-17,MTY,P043,2,18.0
V010843,T010841,2025-05-17,MTY,P042,1,28.0
V010844,T010844,2025-05-17,MTY,P011,1,210.0
V010845,T010845,2025-05-17,MTY,P085,1,980.0
V010846,T010845,2025-05-17,MTY,P007,3,95.0
V010847,T010847,2025-05-17,MTY,P063,1,45.0
V010848,T010847,2025-05-17,MTY,P060,1,850.0
V010849,T010849,2025-05-18,CUN,P020,1,55.0
V010850,T010849,2025-05-18,CUN,P023,2,40.0
V010851,T010851,2025-05-18,CUN,P048,3,180.0
V010852,T010852,2025-05-18,CUN,P100,2,1250.0
V010853,T010852,2025-05-18,CUN,P102,2,45.0
V010854,T010854,2025-05-18,CUN,P085,2,980.0
V010855,T010855,2025-05-18,CUN,P064,1,38.0
V010856,T010855,2025-05-18,CUN,P061,1,165.0
V010857,T010855,2025-05-18,CUN,P022,1,150.0
V010858,T010858,2025-05-18,CUN,P102,1,45.0
V010859,T010859,2025-05-18,CUN,P021,2,85.0
V010860,T010859,2025-05-18,CUN,P023,1,40.0
V010861,T010859,2025-05-18,CUN,P026,2,65.0
V010862,T010862,2025-05-18,CUN,P002,1,180.0
V010863,T010862,2025-05-18,CUN,P106,1,55.0
V010864,T010864,2025-05-18,CUN,P063,3,45.0
V010865,T010865,2025-05-18,CUN,P013,1,45.0
V010866,T010866,2025-05-18,CUN,P047,1,95.0
V010867,T010867,2025-05-18,CUN,P064,2,38.0
V010868,T010867,2025-05-18,CUN,P061,1,165.0
V010869,T010867,2025-05-18,CUN,P027,3,320.0
V010870,T010870,2025-05-18,CUN,P001,1,145.0
V010871,T010870,2025-05-18,CUN,P003,1,8.5
V010872,T010872,2025-05-18,MID,P024,1,6.0
V010873,T010873,2025-05-18,MID,P021,2,85.0
V010874,T010873,2025-05-18,MID,P023,2,40.0
V010875,T010875,2025-05-18,MID,P105,3,145.0
V010876,T010875,2025-05-18,MID,P102,1,45.0
V010877,T010877,2025-05-18,MID,P048,1,180.0
V010878,T010878,2025-05-18,MID,P064,2,38.0
V010879,T010878,2025-05-18,MID,P061,1,165.0
V010880,T010878,2025-05-18,MID,P004,1,6.0
V010881,T010881,2025-05-18,MID,P022,1,150.0
V010882,T010881,2025-05-18,MID,P023,2,40.0
V010883,T010881,2025-05-18,MID,P046,3,280.0
V010884,T010884,2025-05-18,MID,P064,1,38.0
V010885,T010885,2025-05-18,MID,P062,2,320.0
V010886,T010885,2025-05-18,MID,P046,1,280.0
V010887,T010887,2025-05-18,CHI,P020,1,55.0
V010888,T010887,2025-05-18,CHI,P023,3,40.0
V010889,T010887,2025-05-18,CHI,P083,2,65.0
V010890,T010890,2025-05-18,CHI,P100,2,1250.0
V010891,T010890,2025-05-18,CHI,P102,1,45.0
V010892,T010892,2025-05-18,CHI,P022,1,150.0
V010893,T010893,2025-05-18,CHI,P026,1,65.0
V010894,T010893,2025-05-18,CHI,P020,1,55.0
V010895,T010895,2025-05-18,CHI,P003,2,8.5
V010896,T010896,2025-05-18,CHI,P080,1,280.0
V010897,T010897,2025-05-18,CHI,P103,3,120.0
V010898,T010897,2025-05-18,CHI,P080,2,280.0
V010899,T010899,2025-05-18,CHI,P080,1,280.0
V010900,T010899,2025-05-18,CHI,P040,2,1450.0
V010901,T010901,2025-05-18,CHI,P100,2,1250.0
V010902,T010901,2025-05-18,CHI,P007,2,95.0
V010903,T010903,2025-05-18,CHI,P063,2,45.0
V010904,T010903,2025-05-18,CHI,P060,3,850.0
V010905,T010905,2025-05-18,CHI,P010,3,120.0
V010906,T010906,2025-05-18,CHI,P062,1,320.0
V010907,T010907,2025-05-18,CDMX,P020,1,55.0
V010908,T010907,2025-05-18,CDMX,P023,1,40.0
V010909,T010907,2025-05-18,CDMX,P005,1,65.0
V010910,T010910,2025-05-18,CDMX,P008,2,180.0
V010911,T010911,2025-05-18,CDMX,P026,1,65.0
V010912,T010911,2025-05-18,CDMX,P107,3,165.0
V010913,T010913,2025-05-18,CDMX,P011,2,210.0
V010914,T010913,2025-05-18,CDMX,P007,3,95.0
V010915,T010915,2025-05-18,CDMX,P042,2,28.0
V010916,T010915,2025-05-18,CDMX,P043,1,18.0
V010917,T010917,2025-05-18,CDMX,P024,2,6.0
V010918,T010918,2025-05-18,CDMX,P025,2,35.0
V010919,T010919,2025-05-18,CDMX,P020,1,55.0
V010920,T010919,2025-05-18,CDMX,P013,1,45.0
V010921,T010921,2025-05-18,CDMX,P040,1,1450.0
V010922,T010922,2025-05-18,CDMX,P082,2,25.0
V010923,T010923,2025-05-18,CDMX,P020,1,55.0
V010924,T010923,2025-05-18,CDMX,P023,1,40.0
V010925,T010923,2025-05-18,CDMX,P022,2,150.0
V010926,T010926,2025-05-18,CDMX,P100,1,1250.0
V010927,T010926,2025-05-18,CDMX,P102,1,45.0
V010928,T010926,2025-05-18,CDMX,P048,2,180.0
V010929,T010929,2025-05-18,MTY,P041,2,35.0
V010930,T010930,2025-05-18,MTY,P022,2,150.0
V010931,T010930,2025-05-18,MTY,P023,1,40.0
V010932,T010932,2025-05-18,MTY,P064,2,38.0
V010933,T010932,2025-05-18,MTY,P061,1,165.0
V010934,T010932,2025-05-18,MTY,P011,1,210.0
V010935,T010935,2025-05-18,MTY,P084,1,18.0
V010936,T010936,2025-05-18,MTY,P064,1,38.0
V010937,T010936,2025-05-18,MTY,P061,1,165.0
V010938,T010936,2025-05-18,MTY,P063,1,45.0
V010939,T010939,2025-05-18,MTY,P065,2,30.0
V010940,T010939,2025-05-18,MTY,P026,1,65.0
V010941,T010941,2025-05-18,MTY,P041,1,35.0
V010942,T010941,2025-05-18,MTY,P043,1,18.0
V010943,T010941,2025-05-18,MTY,P028,1,180.0
V010944,T010944,2025-05-18,MTY,P042,2,28.0
V010945,T010944,2025-05-18,MTY,P043,2,18.0
V010946,T010946,2025-05-18,MTY,P062,2,320.0
V010947,T010946,2025-05-18,MTY,P061,2,165.0
V010948,T010948,2025-05-19,CUN,P042,2,28.0
V010949,T010948,2025-05-19,CUN,P043,1,18.0
V010950,T010950,2025-05-19,CUN,P022,1,150.0
V010951,T010950,2025-05-19,CUN,P007,2,95.0
V010952,T010952,2025-05-19,CUN,P001,2,145.0
V010953,T010953,2025-05-19,CUN,P101,3,35.0
V010954,T010954,2025-05-19,CUN,P063,2,45.0
V010955,T010955,2025-05-19,CUN,P041,1,35.0
V010956,T010955,2025-05-19,CUN,P043,2,18.0
V010957,T010957,2025-05-19,CUN,P008,1,180.0
V010958,T010958,2025-05-19,CUN,P063,2,45.0
V010959,T010959,2025-05-19,CUN,P003,1,8.5
V010960,T010959,2025-05-19,CUN,P002,1,180.0
V010961,T010961,2025-05-19,CUN,P021,1,85.0
V010962,T010961,2025-05-19,CUN,P023,1,40.0
V010963,T010963,2025-05-19,CUN,P043,1,18.0
V010964,T010963,2025-05-19,CUN,P022,3,150.0
V010965,T010965,2025-05-19,CUN,P026,3,65.0
V010966,T010966,2025-05-19,CUN,P060,1,850.0
V010967,T010967,2025-05-19,CUN,P007,1,95.0
V010968,T010967,2025-05-19,CUN,P061,3,165.0
V010969,T010969,2025-05-19,CUN,P041,1,35.0
V010970,T010969,2025-05-19,CUN,P043,1,18.0
V010971,T010971,2025-05-19,CUN,P104,1,95.0
V010972,T010972,2025-05-19,CUN,P082,1,25.0
V010973,T010972,2025-05-19,CUN,P027,3,320.0
V010974,T010974,2025-05-19,MID,P106,2,55.0
V010975,T010974,2025-05-19,MID,P007,1,95.0
V010976,T010976,2025-05-19,MID,P026,3,65.0
V010977,T010977,2025-05-19,MID,P024,3,6.0
V010978,T010978,2025-05-19,MID,P013,2,45.0
V010979,T010979,2025-05-19,MID,P107,1,165.0
V010980,T010980,2025-05-19,MID,P022,1,150.0
V010981,T010981,2025-05-19,MID,P082,2,25.0
V010982,T010982,2025-05-19,MID,P006,1,12.0
V010983,T010983,2025-05-19,MID,P041,2,35.0
V010984,T010983,2025-05-19,MID,P043,2,18.0
V010985,T010985,2025-05-19,MID,P005,3,65.0
V010986,T010985,2025-05-19,MID,P027,1,320.0
V010987,T010987,2025-05-19,MID,P021,2,85.0
V010988,T010988,2025-05-19,MID,P008,1,180.0
V010989,T010989,2025-05-19,MID,P062,2,320.0
V010990,T010989,2025-05-19,MID,P083,2,65.0
V010991,T010991,2025-05-19,MID,P063,2,45.0
V010992,T010991,2025-05-19,MID,P060,1,850.0
V010993,T010993,2025-05-19,MID,P085,3,980.0
V010994,T010993,2025-05-19,MID,P025,3,35.0
V010995,T010995,2025-05-19,MID,P100,2,1250.0
V010996,T010995,2025-05-19,MID,P101,3,35.0
V010997,T010995,2025-05-19,MID,P085,1,980.0
V010998,T010998,2025-05-19,MID,P022,1,150.0
V010999,T010998,2025-05-19,MID,P023,3,40.0
V011000,T010998,2025-05-19,MID,P085,2,980.0
V011001,T011001,2025-05-19,CHI,P005,3,65.0
V011002,T011001,2025-05-19,CHI,P048,1,180.0
V011003,T011003,2025-05-19,CHI,P022,1,150.0
V011004,T011003,2025-05-19,CHI,P023,3,40.0
V011005,T011003,2025-05-19,CHI,P004,1,6.0
V011006,T011006,2025-05-19,CHI,P103,3,120.0
V011007,T011007,2025-05-19,CHI,P004,1,6.0
V011008,T011007,2025-05-19,CHI,P026,2,65.0
V011009,T011009,2025-05-19,CHI,P100,1,1250.0
V011010,T011009,2025-05-19,CHI,P101,3,35.0
V011011,T011009,2025-05-19,CHI,P021,2,85.0
V011012,T011012,2025-05-19,CHI,P006,1,12.0
V011013,T011013,2025-05-19,CHI,P100,3,1250.0
V011014,T011013,2025-05-19,CHI,P102,1,45.0
V011015,T011015,2025-05-19,CHI,P026,2,65.0
V011016,T011016,2025-05-19,CHI,P066,3,55.0
V011017,T011016,2025-05-19,CHI,P063,2,45.0
V011018,T011018,2025-05-19,CHI,P046,1,280.0
V011019,T011018,2025-05-19,CHI,P063,1,45.0
V011020,T011020,2025-05-19,CHI,P042,2,28.0
V011021,T011020,2025-05-19,CHI,P043,3,18.0
V011022,T011022,2025-05-19,CHI,P045,1,45.0
V011023,T011023,2025-05-19,CHI,P042,1,28.0
V011024,T011024,2025-05-19,CHI,P086,1,650.0
V011025,T011024,2025-05-19,CHI,P060,1,850.0
V011026,T011026,2025-05-19,CDMX,P062,2,320.0
V011027,T011026,2025-05-19,CDMX,P009,1,85.0
V011028,T011028,2025-05-19,CDMX,P060,2,850.0
V011029,T011029,2025-05-19,CDMX,P008,3,180.0
V011030,T011029,2025-05-19,CDMX,P005,3,65.0
V011031,T011031,2025-05-19,CDMX,P021,1,85.0
V011032,T011032,2025-05-19,CDMX,P042,3,28.0
V011033,T011032,2025-05-19,CDMX,P043,3,18.0
V011034,T011034,2025-05-19,CDMX,P022,3,150.0
V011035,T011034,2025-05-19,CDMX,P012,2,980.0
V011036,T011036,2025-05-19,CDMX,P042,2,28.0
V011037,T011037,2025-05-19,CDMX,P041,3,35.0
V011038,T011037,2025-05-19,CDMX,P043,1,18.0
V011039,T011037,2025-05-19,CDMX,P081,3,65.0
V011040,T011040,2025-05-19,CDMX,P021,1,85.0
V011041,T011041,2025-05-19,CDMX,P100,2,1250.0
V011042,T011041,2025-05-19,CDMX,P102,2,45.0
V011043,T011041,2025-05-19,CDMX,P101,1,35.0
V011044,T011044,2025-05-19,CDMX,P041,2,35.0
V011045,T011044,2025-05-19,CDMX,P043,2,18.0
V011046,T011044,2025-05-19,CDMX,P021,1,85.0
V011047,T011047,2025-05-19,CDMX,P011,1,210.0
V011048,T011048,2025-05-19,CDMX,P064,1,38.0
V011049,T011048,2025-05-19,CDMX,P061,1,165.0
V011050,T011050,2025-05-19,CDMX,P024,1,6.0
V011051,T011051,2025-05-19,CDMX,P100,3,1250.0
V011052,T011052,2025-05-19,CDMX,P043,1,18.0
V011053,T011053,2025-05-19,CDMX,P041,1,35.0
V011054,T011053,2025-05-19,CDMX,P043,2,18.0
V011055,T011053,2025-05-19,CDMX,P029,3,95.0
V011056,T011056,2025-05-19,CDMX,P027,2,320.0
V011057,T011057,2025-05-19,CDMX,P063,3,45.0
V011058,T011057,2025-05-19,CDMX,P060,3,850.0
V011059,T011057,2025-05-19,CDMX,P028,3,180.0
V011060,T011060,2025-05-19,CDMX,P064,1,38.0
V011061,T011060,2025-05-19,CDMX,P061,2,165.0
V011062,T011062,2025-05-19,MTY,P066,2,55.0
V011063,T011062,2025-05-19,MTY,P103,1,120.0
V011064,T011064,2025-05-19,MTY,P002,1,180.0
V011065,T011065,2025-05-19,MTY,P022,1,150.0
V011066,T011065,2025-05-19,MTY,P007,3,95.0
V011067,T011067,2025-05-19,MTY,P041,1,35.0
V011068,T011068,2025-05-19,MTY,P063,1,45.0
V011069,T011068,2025-05-19,MTY,P060,2,850.0
V011070,T011070,2025-05-19,MTY,P012,1,980.0
V011071,T011071,2025-05-19,MTY,P064,2,38.0
V011072,T011072,2025-05-19,MTY,P021,2,85.0
V011073,T011073,2025-05-19,MTY,P063,2,45.0
V011074,T011073,2025-05-19,MTY,P060,1,850.0
V011075,T011075,2025-05-19,MTY,P005,3,65.0
V011076,T011076,2025-05-19,MTY,P023,1,40.0
V011077,T011077,2025-05-19,MTY,P005,2,65.0
V011078,T011077,2025-05-19,MTY,P063,2,45.0
V011079,T011079,2025-05-19,MTY,P100,2,1250.0
V011080,T011079,2025-05-19,MTY,P102,3,45.0
V011081,T011079,2025-05-19,MTY,P106,2,55.0
V011082,T011082,2025-05-19,MTY,P007,2,95.0
V011083,T011082,2025-05-19,MTY,P028,1,180.0
V011084,T011084,2025-05-19,MTY,P011,1,210.0
V011085,T011084,2025-05-19,MTY,P002,2,180.0
V011086,T011086,2025-05-19,MTY,P064,1,38.0
V011087,T011086,2025-05-19,MTY,P061,3,165.0
V011088,T011088,2025-05-20,CUN,P063,3,45.0
V011089,T011089,2025-05-20,CUN,P100,1,1250.0
V011090,T011089,2025-05-20,CUN,P102,1,45.0
V011091,T011089,2025-05-20,CUN,P041,1,35.0
V011092,T011092,2025-05-20,CUN,P083,2,65.0
V011093,T011093,2025-05-20,CUN,P022,1,150.0
V011094,T011093,2025-05-20,CUN,P023,3,40.0
V011095,T011095,2025-05-20,CUN,P029,1,95.0
V011096,T011096,2025-05-20,CUN,P010,1,120.0
V011097,T011096,2025-05-20,CUN,P041,1,35.0
V011098,T011098,2025-05-20,CUN,P107,2,165.0
V011099,T011098,2025-05-20,CUN,P025,2,35.0
V011100,T011100,2025-05-20,CUN,P021,2,85.0
V011101,T011100,2025-05-20,CUN,P023,2,40.0
V011102,T011100,2025-05-20,CUN,P063,3,45.0
V011103,T011103,2025-05-20,CUN,P020,1,55.0
V011104,T011104,2025-05-20,CUN,P063,3,45.0
V011105,T011104,2025-05-20,CUN,P060,1,850.0
V011106,T011104,2025-05-20,CUN,P007,1,95.0
V011107,T011107,2025-05-20,CUN,P006,1,12.0
V011108,T011107,2025-05-20,CUN,P008,3,180.0
V011109,T011109,2025-05-20,CUN,P023,1,40.0
V011110,T011110,2025-05-20,CUN,P012,1,980.0
V011111,T011110,2025-05-20,CUN,P004,2,6.0
V011112,T011112,2025-05-20,CUN,P100,1,1250.0
V011113,T011112,2025-05-20,CUN,P101,1,35.0
V011114,T011112,2025-05-20,CUN,P022,3,150.0
V011115,T011115,2025-05-20,CUN,P021,3,85.0
V011116,T011115,2025-05-20,CUN,P101,1,35.0
V011117,T011117,2025-05-20,CUN,P105,1,145.0
V011118,T011118,2025-05-20,MID,P041,2,35.0
V011119,T011118,2025-05-20,MID,P043,2,18.0
V011120,T011120,2025-05-20,MID,P100,2,1250.0
V011121,T011120,2025-05-20,MID,P102,3,45.0
V011122,T011120,2025-05-20,MID,P046,2,280.0
V011123,T011123,2025-05-20,MID,P064,2,38.0
V011124,T011123,2025-05-20,MID,P061,2,165.0
V011125,T011125,2025-05-20,MID,P024,1,6.0
V011126,T011125,2025-05-20,MID,P022,1,150.0
V011127,T011127,2025-05-20,MID,P012,2,980.0
V011128,T011128,2025-05-20,MID,P064,1,38.0
V011129,T011128,2025-05-20,MID,P061,3,165.0
V011130,T011128,2025-05-20,MID,P040,2,1450.0
V011131,T011131,2025-05-20,MID,P063,1,45.0
V011132,T011131,2025-05-20,MID,P060,1,850.0
V011133,T011133,2025-05-20,MID,P007,2,95.0
V011134,T011133,2025-05-20,MID,P025,2,35.0
V011135,T011135,2025-05-20,MID,P011,2,210.0
V011136,T011136,2025-05-20,MID,P021,1,85.0
V011137,T011136,2025-05-20,MID,P023,3,40.0
V011138,T011136,2025-05-20,MID,P001,2,145.0
V011139,T011139,2025-05-20,MID,P042,3,28.0
V011140,T011140,2025-05-20,MID,P007,1,95.0
V011141,T011140,2025-05-20,MID,P012,1,980.0
V011142,T011142,2025-05-20,MID,P041,1,35.0
V011143,T011142,2025-05-20,MID,P043,3,18.0
V011144,T011144,2025-05-20,MID,P062,1,320.0
V011145,T011145,2025-05-20,MID,P062,2,320.0
V011146,T011145,2025-05-20,MID,P040,3,1450.0
V011147,T011147,2025-05-20,CHI,P042,3,28.0
V011148,T011147,2025-05-20,CHI,P043,3,18.0
V011149,T011149,2025-05-20,CHI,P064,3,38.0
V011150,T011149,2025-05-20,CHI,P061,1,165.0
V011151,T011149,2025-05-20,CHI,P027,2,320.0
V011152,T011152,2025-05-20,CHI,P001,1,145.0
V011153,T011152,2025-05-20,CHI,P026,1,65.0
V011154,T011154,2025-05-20,CHI,P064,2,38.0
V011155,T011154,2025-05-20,CHI,P061,2,165.0
V011156,T011156,2025-05-20,CHI,P062,2,320.0
V011157,T011157,2025-05-20,CHI,P021,1,85.0
V011158,T011157,2025-05-20,CHI,P023,2,40.0
V011159,T011159,2025-05-20,CHI,P022,1,150.0
V011160,T011159,2025-05-20,CHI,P102,2,45.0
V011161,T011161,2025-05-20,CHI,P048,2,180.0
V011162,T011161,2025-05-20,CHI,P080,1,280.0
V011163,T011163,2025-05-20,CHI,P043,1,18.0
V011164,T011163,2025-05-20,CHI,P101,1,35.0
V011165,T011165,2025-05-20,CHI,P041,3,35.0
V011166,T011165,2025-05-20,CHI,P043,1,18.0
V011167,T011165,2025-05-20,CHI,P064,3,38.0
V011168,T011168,2025-05-20,CHI,P065,1,30.0
V011169,T011169,2025-05-20,CHI,P063,2,45.0
V011170,T011169,2025-05-20,CHI,P060,1,850.0
V011171,T011171,2025-05-20,CDMX,P065,1,30.0
V011172,T011172,2025-05-20,CDMX,P041,2,35.0
V011173,T011172,2025-05-20,CDMX,P043,2,18.0
V011174,T011174,2025-05-20,CDMX,P042,2,28.0
V011175,T011174,2025-05-20,CDMX,P043,2,18.0
V011176,T011176,2025-05-20,CDMX,P044,1,22.0
V011177,T011177,2025-05-20,CDMX,P083,1,65.0
V011178,T011177,2025-05-20,CDMX,P107,2,165.0
V011179,T011179,2025-05-20,CDMX,P107,2,165.0
V011180,T011179,2025-05-20,CDMX,P044,1,22.0
V011181,T011181,2025-05-20,CDMX,P007,3,95.0
V011182,T011182,2025-05-20,CDMX,P011,1,210.0
V011183,T011182,2025-05-20,CDMX,P081,2,65.0
V011184,T011184,2025-05-20,CDMX,P065,1,30.0
V011185,T011185,2025-05-20,CDMX,P100,3,1250.0
V011186,T011185,2025-05-20,CDMX,P102,3,45.0
V011187,T011185,2025-05-20,CDMX,P040,1,1450.0
V011188,T011188,2025-05-20,CDMX,P100,2,1250.0
V011189,T011188,2025-05-20,CDMX,P102,2,45.0
V011190,T011190,2025-05-20,CDMX,P021,2,85.0
V011191,T011190,2025-05-20,CDMX,P107,1,165.0
V011192,T011192,2025-05-20,CDMX,P001,3,145.0
V011193,T011193,2025-05-20,CDMX,P065,2,30.0
V011194,T011194,2025-05-20,CDMX,P107,2,165.0
V011195,T011195,2025-05-20,MTY,P028,1,180.0
V011196,T011196,2025-05-20,MTY,P107,1,165.0
V011197,T011197,2025-05-20,MTY,P047,2,95.0
V011198,T011198,2025-05-20,MTY,P106,3,55.0
V011199,T011198,2025-05-20,MTY,P028,2,180.0
V011200,T011200,2025-05-20,MTY,P048,2,180.0
V011201,T011200,2025-05-20,MTY,P062,1,320.0
V011202,T011202,2025-05-20,MTY,P063,1,45.0
V011203,T011202,2025-05-20,MTY,P064,3,38.0
V011204,T011204,2025-05-20,MTY,P063,1,45.0
V011205,T011204,2025-05-20,MTY,P001,2,145.0
V011206,T011206,2025-05-20,MTY,P066,2,55.0
V011207,T011207,2025-05-20,MTY,P086,1,650.0
V011208,T011208,2025-05-21,CUN,P100,3,1250.0
V011209,T011208,2025-05-21,CUN,P101,3,35.0
V011210,T011210,2025-05-21,CUN,P042,1,28.0
V011211,T011210,2025-05-21,CUN,P043,2,18.0
V011212,T011210,2025-05-21,CUN,P085,2,980.0
V011213,T011213,2025-05-21,CUN,P106,2,55.0
V011214,T011213,2025-05-21,CUN,P030,3,180.0
V011215,T011215,2025-05-21,CUN,P028,2,180.0
V011216,T011215,2025-05-21,CUN,P022,1,150.0
V011217,T011217,2025-05-21,CUN,P007,1,95.0
V011218,T011218,2025-05-21,CUN,P086,3,650.0
V011219,T011218,2025-05-21,CUN,P027,2,320.0
V011220,T011220,2025-05-21,CUN,P100,3,1250.0
V011221,T011220,2025-05-21,CUN,P102,2,45.0
V011222,T011220,2025-05-21,CUN,P047,3,95.0
V011223,T011223,2025-05-21,CUN,P064,2,38.0
V011224,T011223,2025-05-21,CUN,P061,2,165.0
V011225,T011223,2025-05-21,CUN,P085,1,980.0
V011226,T011226,2025-05-21,CUN,P047,2,95.0
V011227,T011226,2025-05-21,CUN,P060,1,850.0
V011228,T011228,2025-05-21,CUN,P012,3,980.0
V011229,T011229,2025-05-21,CUN,P041,3,35.0
V011230,T011229,2025-05-21,CUN,P043,1,18.0
V011231,T011229,2025-05-21,CUN,P030,3,180.0
V011232,T011232,2025-05-21,CUN,P045,1,45.0
V011233,T011233,2025-05-21,CUN,P083,1,65.0
V011234,T011234,2025-05-21,CUN,P020,1,55.0
V011235,T011234,2025-05-21,CUN,P023,2,40.0
V011236,T011236,2025-05-21,CUN,P020,1,55.0
V011237,T011236,2025-05-21,CUN,P012,1,980.0
V011238,T011238,2025-05-21,CUN,P048,1,180.0
V011239,T011238,2025-05-21,CUN,P001,2,145.0
V011240,T011240,2025-05-21,CUN,P065,1,30.0
V011241,T011240,2025-05-21,CUN,P105,3,145.0
V011242,T011242,2025-05-21,CUN,P086,1,650.0
V011243,T011242,2025-05-21,CUN,P007,3,95.0
V011244,T011244,2025-05-21,CUN,P027,1,320.0
V011245,T011244,2025-05-21,CUN,P040,3,1450.0
V011246,T011246,2025-05-21,CUN,P028,1,180.0
V011247,T011247,2025-05-21,MID,P023,1,40.0
V011248,T011248,2025-05-21,MID,P022,1,150.0
V011249,T011248,2025-05-21,MID,P023,1,40.0
V011250,T011248,2025-05-21,MID,P042,2,28.0
V011251,T011251,2025-05-21,MID,P028,2,180.0
V011252,T011252,2025-05-21,MID,P063,2,45.0
V011253,T011252,2025-05-21,MID,P060,1,850.0
V011254,T011252,2025-05-21,MID,P027,1,320.0
V011255,T011255,2025-05-21,MID,P064,1,38.0
V011256,T011255,2025-05-21,MID,P061,2,165.0
V011257,T011255,2025-05-21,MID,P022,1,150.0
V011258,T011258,2025-05-21,MID,P063,2,45.0
V011259,T011258,2025-05-21,MID,P060,2,850.0
V011260,T011260,2025-05-21,MID,P022,3,150.0
V011261,T011260,2025-05-21,MID,P023,2,40.0
V011262,T011260,2025-05-21,MID,P046,1,280.0
V011263,T011263,2025-05-21,MID,P010,1,120.0
V011264,T011263,2025-05-21,MID,P064,2,38.0
V011265,T011265,2025-05-21,MID,P100,1,1250.0
V011266,T011265,2025-05-21,MID,P101,1,35.0
V011267,T011267,2025-05-21,MID,P022,2,150.0
V011268,T011267,2025-05-21,MID,P023,3,40.0
V011269,T011269,2025-05-21,MID,P020,2,55.0
V011270,T011269,2025-05-21,MID,P023,2,40.0
V011271,T011269,2025-05-21,MID,P025,3,35.0
V011272,T011272,2025-05-21,MID,P005,1,65.0
V011273,T011272,2025-05-21,MID,P027,2,320.0
V011274,T011274,2025-05-21,MID,P022,1,150.0
V011275,T011274,2025-05-21,MID,P023,3,40.0
V011276,T011276,2025-05-21,MID,P020,2,55.0
V011277,T011276,2025-05-21,MID,P023,2,40.0
V011278,T011276,2025-05-21,MID,P042,3,28.0
V011279,T011279,2025-05-21,MID,P041,2,35.0
V011280,T011279,2025-05-21,MID,P043,1,18.0
V011281,T011279,2025-05-21,MID,P010,2,120.0
V011282,T011282,2025-05-21,MID,P004,1,6.0
V011283,T011282,2025-05-21,MID,P084,1,18.0
V011284,T011284,2025-05-21,MID,P084,1,18.0
V011285,T011285,2025-05-21,CHI,P086,1,650.0
V011286,T011286,2025-05-21,CHI,P043,2,18.0
V011287,T011287,2025-05-21,CHI,P022,1,150.0
V011288,T011287,2025-05-21,CHI,P023,1,40.0
V011289,T011287,2025-05-21,CHI,P046,3,280.0
V011290,T011290,2025-05-21,CHI,P021,2,85.0
V011291,T011290,2025-05-21,CHI,P023,3,40.0
V011292,T011290,2025-05-21,CHI,P060,2,850.0
V011293,T011293,2025-05-21,CHI,P021,3,85.0
V011294,T011293,2025-05-21,CHI,P023,1,40.0
V011295,T011295,2025-05-21,CHI,P020,1,55.0
V011296,T011295,2025-05-21,CHI,P023,1,40.0
V011297,T011295,2025-05-21,CHI,P086,2,650.0
V011298,T011298,2025-05-21,CHI,P064,1,38.0
V011299,T011298,2025-05-21,CHI,P061,1,165.0
V011300,T011300,2025-05-21,CHI,P001,3,145.0
V011301,T011301,2025-05-21,CHI,P064,1,38.0
V011302,T011302,2025-05-21,CHI,P011,2,210.0
V011303,T011303,2025-05-21,CHI,P066,1,55.0
V011304,T011303,2025-05-21,CHI,P001,1,145.0
V011305,T011305,2025-05-21,CHI,P021,1,85.0
V011306,T011305,2025-05-21,CHI,P023,1,40.0
V011307,T011305,2025-05-21,CHI,P103,2,120.0
V011308,T011308,2025-05-21,CHI,P022,3,150.0
V011309,T011308,2025-05-21,CHI,P023,2,40.0
V011310,T011310,2025-05-21,CHI,P024,1,6.0
V011311,T011310,2025-05-21,CHI,P081,1,65.0
V011312,T011312,2025-05-21,CDMX,P047,2,95.0
V011313,T011313,2025-05-21,CDMX,P103,1,120.0
V011314,T011313,2025-05-21,CDMX,P045,1,45.0
V011315,T011315,2025-05-21,CDMX,P002,2,180.0
V011316,T011316,2025-05-21,CDMX,P100,1,1250.0
V011317,T011317,2025-05-21,CDMX,P011,1,210.0
V011318,T011317,2025-05-21,CDMX,P047,1,95.0
V011319,T011319,2025-05-21,CDMX,P064,1,38.0
V011320,T011319,2025-05-21,CDMX,P061,3,165.0
V011321,T011319,2025-05-21,CDMX,P047,1,95.0
V011322,T011322,2025-05-21,CDMX,P001,2,145.0
V011323,T011323,2025-05-21,CDMX,P105,1,145.0
V011324,T011323,2025-05-21,CDMX,P029,2,95.0
V011325,T011325,2025-05-21,CDMX,P042,1,28.0
V011326,T011325,2025-05-21,CDMX,P043,1,18.0
V011327,T011327,2025-05-21,CDMX,P006,3,12.0
V011328,T011328,2025-05-21,CDMX,P100,2,1250.0
V011329,T011328,2025-05-21,CDMX,P101,1,35.0
V011330,T011330,2025-05-21,CDMX,P020,3,55.0
V011331,T011330,2025-05-21,CDMX,P023,2,40.0
V011332,T011332,2025-05-21,CDMX,P063,1,45.0
V011333,T011332,2025-05-21,CDMX,P060,2,850.0
V011334,T011332,2025-05-21,CDMX,P040,1,1450.0
V011335,T011335,2025-05-21,CDMX,P100,2,1250.0
V011336,T011335,2025-05-21,CDMX,P102,1,45.0
V011337,T011337,2025-05-21,CDMX,P010,2,120.0
V011338,T011337,2025-05-21,CDMX,P005,1,65.0
V011339,T011339,2025-05-21,CDMX,P010,3,120.0
V011340,T011340,2025-05-21,CDMX,P085,2,980.0
V011341,T011341,2025-05-21,MTY,P020,2,55.0
V011342,T011341,2025-05-21,MTY,P023,1,40.0
V011343,T011341,2025-05-21,MTY,P012,3,980.0
V011344,T011344,2025-05-21,MTY,P043,3,18.0
V011345,T011344,2025-05-21,MTY,P028,2,180.0
V011346,T011346,2025-05-21,MTY,P001,1,145.0
V011347,T011347,2025-05-21,MTY,P081,2,65.0
V011348,T011347,2025-05-21,MTY,P025,2,35.0
V011349,T011349,2025-05-21,MTY,P080,2,280.0
V011350,T011349,2025-05-21,MTY,P040,1,1450.0
V011351,T011351,2025-05-21,MTY,P012,1,980.0
V011352,T011352,2025-05-21,MTY,P063,3,45.0
V011353,T011352,2025-05-21,MTY,P060,1,850.0
V011354,T011352,2025-05-21,MTY,P028,1,180.0
V011355,T011355,2025-05-21,MTY,P103,1,120.0
V011356,T011355,2025-05-21,MTY,P047,2,95.0
V011357,T011357,2025-05-21,MTY,P023,2,40.0
V011358,T011358,2025-05-21,MTY,P084,2,18.0
V011359,T011358,2025-05-21,MTY,P001,3,145.0
V011360,T011360,2025-05-21,MTY,P047,1,95.0
V011361,T011361,2025-05-21,MTY,P005,1,65.0
V011362,T011361,2025-05-21,MTY,P007,2,95.0
V011363,T011363,2025-05-22,CUN,P042,2,28.0
V011364,T011363,2025-05-22,CUN,P043,2,18.0
V011365,T011363,2025-05-22,CUN,P030,1,180.0
V011366,T011366,2025-05-22,CUN,P065,3,30.0
V011367,T011366,2025-05-22,CUN,P063,1,45.0
V011368,T011368,2025-05-22,CUN,P005,1,65.0
V011369,T011369,2025-05-22,CUN,P020,1,55.0
V011370,T011369,2025-05-22,CUN,P023,2,40.0
V011371,T011369,2025-05-22,CUN,P041,2,35.0
V011372,T011372,2025-05-22,CUN,P002,1,180.0
V011373,T011373,2025-05-22,CUN,P005,2,65.0
V011374,T011374,2025-05-22,CUN,P083,3,65.0
V011375,T011375,2025-05-22,CUN,P022,3,150.0
V011376,T011375,2025-05-22,CUN,P023,1,40.0
V011377,T011375,2025-05-22,CUN,P001,2,145.0
V011378,T011378,2025-05-22,CUN,P046,2,280.0
V011379,T011378,2025-05-22,CUN,P047,2,95.0
V011380,T011380,2025-05-22,CUN,P100,3,1250.0
V011381,T011380,2025-05-22,CUN,P101,3,35.0
V011382,T011382,2025-05-22,CUN,P028,2,180.0
V011383,T011383,2025-05-22,CUN,P065,2,30.0
V011384,T011384,2025-05-22,CUN,P023,1,40.0
V011385,T011385,2025-05-22,CUN,P064,3,38.0
V011386,T011385,2025-05-22,CUN,P061,2,165.0
V011387,T011387,2025-05-22,CUN,P023,1,40.0
V011388,T011388,2025-05-22,CUN,P021,3,85.0
V011389,T011388,2025-05-22,CUN,P023,1,40.0
V011390,T011388,2025-05-22,CUN,P008,2,180.0
V011391,T011391,2025-05-22,CUN,P063,1,45.0
V011392,T011391,2025-05-22,CUN,P060,1,850.0
V011393,T011391,2025-05-22,CUN,P101,2,35.0
V011394,T011394,2025-05-22,CUN,P066,2,55.0
V011395,T011395,2025-05-22,CUN,P103,3,120.0
V011396,T011396,2025-05-22,CUN,P103,2,120.0
V011397,T011397,2025-05-22,CUN,P006,1,12.0
V011398,T011398,2025-05-22,MID,P028,2,180.0
V011399,T011398,2025-05-22,MID,P007,1,95.0
V011400,T011400,2025-05-22,MID,P003,2,8.5
V011401,T011401,2025-05-22,MID,P064,1,38.0
V011402,T011401,2025-05-22,MID,P061,1,165.0
V011403,T011403,2025-05-22,MID,P020,1,55.0
V011404,T011403,2025-05-22,MID,P023,1,40.0
V011405,T011405,2025-05-22,MID,P011,1,210.0
V011406,T011405,2025-05-22,MID,P004,2,6.0
V011407,T011407,2025-05-22,MID,P063,2,45.0
V011408,T011407,2025-05-22,MID,P060,2,850.0
V011409,T011407,2025-05-22,MID,P047,1,95.0
V011410,T011410,2025-05-22,MID,P063,1,45.0
V011411,T011410,2025-05-22,MID,P060,1,850.0
V011412,T011412,2025-05-22,MID,P100,1,1250.0
V011413,T011413,2025-05-22,MID,P006,1,12.0
V011414,T011414,2025-05-22,MID,P060,1,850.0
V011415,T011414,2025-05-22,MID,P062,2,320.0
V011416,T011416,2025-05-22,MID,P064,2,38.0
V011417,T011416,2025-05-22,MID,P061,2,165.0
V011418,T011418,2025-05-22,MID,P086,1,650.0
V011419,T011418,2025-05-22,MID,P022,1,150.0
V011420,T011420,2025-05-22,MID,P064,1,38.0
V011421,T011420,2025-05-22,MID,P061,3,165.0
V011422,T011420,2025-05-22,MID,P060,2,850.0
V011423,T011423,2025-05-22,MID,P013,3,45.0
V011424,T011424,2025-05-22,MID,P061,1,165.0
V011425,T011424,2025-05-22,MID,P066,1,55.0
V011426,T011426,2025-05-22,MID,P042,2,28.0
V011427,T011426,2025-05-22,MID,P027,3,320.0
V011428,T011428,2025-05-22,MID,P001,2,145.0
V011429,T011428,2025-05-22,MID,P027,1,320.0
V011430,T011430,2025-05-22,MID,P060,2,850.0
V011431,T011431,2025-05-22,MID,P062,3,320.0
V011432,T011432,2025-05-22,MID,P005,1,65.0
V011433,T011433,2025-05-22,MID,P083,1,65.0
V011434,T011433,2025-05-22,MID,P064,2,38.0
V011435,T011435,2025-05-22,CHI,P012,2,980.0
V011436,T011436,2025-05-22,CHI,P046,1,280.0
V011437,T011437,2025-05-22,CHI,P103,1,120.0
V011438,T011438,2025-05-22,CHI,P021,2,85.0
V011439,T011438,2025-05-22,CHI,P023,1,40.0
V011440,T011438,2025-05-22,CHI,P042,1,28.0
V011441,T011441,2025-05-22,CHI,P022,1,150.0
V011442,T011441,2025-05-22,CHI,P023,2,40.0
V011443,T011443,2025-05-22,CHI,P106,2,55.0
V011444,T011443,2025-05-22,CHI,P103,3,120.0
V011445,T011445,2025-05-22,CHI,P064,2,38.0
V011446,T011446,2025-05-22,CHI,P046,2,280.0
V011447,T011446,2025-05-22,CHI,P023,1,40.0
V011448,T011448,2025-05-22,CHI,P101,1,35.0
V011449,T011448,2025-05-22,CHI,P005,1,65.0
V011450,T011450,2025-05-22,CHI,P022,2,150.0
V011451,T011450,2025-05-22,CHI,P023,3,40.0
V011452,T011452,2025-05-22,CHI,P042,1,28.0
V011453,T011453,2025-05-22,CHI,P065,1,30.0
V011454,T011453,2025-05-22,CHI,P064,3,38.0
V011455,T011455,2025-05-22,CDMX,P064,1,38.0
V011456,T011455,2025-05-22,CDMX,P028,2,180.0
V011457,T011457,2025-05-22,CDMX,P008,2,180.0
V011458,T011457,2025-05-22,CDMX,P023,1,40.0
V011459,T011459,2025-05-22,CDMX,P046,2,280.0
V011460,T011460,2025-05-22,CDMX,P082,1,25.0
V011461,T011460,2025-05-22,CDMX,P007,1,95.0
V011462,T011462,2025-05-22,CDMX,P080,3,280.0
V011463,T011463,2025-05-22,CDMX,P004,2,6.0
V011464,T011464,2025-05-22,CDMX,P064,1,38.0
V011465,T011464,2025-05-22,CDMX,P061,1,165.0
V011466,T011464,2025-05-22,CDMX,P021,1,85.0
V011467,T011467,2025-05-22,CDMX,P020,3,55.0
V011468,T011467,2025-05-22,CDMX,P023,1,40.0
V011469,T011467,2025-05-22,CDMX,P008,1,180.0
V011470,T011470,2025-05-22,CDMX,P041,3,35.0
V011471,T011470,2025-05-22,CDMX,P043,1,18.0
V011472,T011472,2025-05-22,MTY,P081,2,65.0
V011473,T011473,2025-05-22,MTY,P064,1,38.0
V011474,T011473,2025-05-22,MTY,P061,1,165.0
V011475,T011475,2025-05-22,MTY,P063,1,45.0
V011476,T011475,2025-05-22,MTY,P060,1,850.0
V011477,T011475,2025-05-22,MTY,P100,3,1250.0
V011478,T011478,2025-05-22,MTY,P100,2,1250.0
V011479,T011478,2025-05-22,MTY,P102,2,45.0
V011480,T011480,2025-05-22,MTY,P062,2,320.0
V011481,T011481,2025-05-22,MTY,P004,2,6.0
V011482,T011482,2025-05-22,MTY,P042,1,28.0
V011483,T011482,2025-05-22,MTY,P043,2,18.0
V011484,T011482,2025-05-22,MTY,P100,2,1250.0
V011485,T011485,2025-05-22,MTY,P060,1,850.0
V011486,T011485,2025-05-22,MTY,P086,2,650.0
V011487,T011487,2025-05-22,MTY,P011,2,210.0
V011488,T011488,2025-05-22,MTY,P012,1,980.0
V011489,T011488,2025-05-22,MTY,P005,3,65.0
V011490,T011490,2025-05-22,MTY,P061,1,165.0
V011491,T011490,2025-05-22,MTY,P047,2,95.0
V011492,T011492,2025-05-22,MTY,P100,1,1250.0
V011493,T011492,2025-05-22,MTY,P102,2,45.0
V011494,T011494,2025-05-22,MTY,P011,2,210.0
V011495,T011495,2025-05-22,MTY,P044,1,22.0
V011496,T011496,2025-05-22,MTY,P041,3,35.0
V011497,T011496,2025-05-22,MTY,P043,1,18.0
V011498,T011496,2025-05-22,MTY,P020,2,55.0
V011499,T011499,2025-05-22,MTY,P045,1,45.0
V011500,T011499,2025-05-22,MTY,P066,1,55.0
V011501,T011501,2025-05-22,MTY,P002,2,180.0
V011502,T011501,2025-05-22,MTY,P029,2,95.0
V011503,T011503,2025-05-22,MTY,P025,3,35.0
V011504,T011503,2025-05-22,MTY,P029,2,95.0
V011505,T011505,2025-05-22,MTY,P009,3,85.0
V011506,T011505,2025-05-22,MTY,P045,1,45.0
V011507,T011507,2025-05-22,MTY,P022,3,150.0
V011508,T011507,2025-05-22,MTY,P023,2,40.0
V011509,T011509,2025-05-23,CUN,P010,2,120.0
V011510,T011509,2025-05-23,CUN,P107,2,165.0
V011511,T011511,2025-05-23,CUN,P106,3,55.0
V011512,T011512,2025-05-23,CUN,P022,1,150.0
V011513,T011512,2025-05-23,CUN,P023,1,40.0
V011514,T011514,2025-05-23,CUN,P063,3,45.0
V011515,T011514,2025-05-23,CUN,P060,3,850.0
V011516,T011516,2025-05-23,CUN,P006,1,12.0
V011517,T011517,2025-05-23,CUN,P022,2,150.0
V011518,T011517,2025-05-23,CUN,P023,2,40.0
V011519,T011519,2025-05-23,CUN,P102,1,45.0
V011520,T011519,2025-05-23,CUN,P022,1,150.0
V011521,T011521,2025-05-23,CUN,P085,1,980.0
V011522,T011522,2025-05-23,MID,P102,3,45.0
V011523,T011522,2025-05-23,MID,P065,1,30.0
V011524,T011524,2025-05-23,MID,P063,2,45.0
V011525,T011524,2025-05-23,MID,P060,1,850.0
V011526,T011526,2025-05-23,MID,P022,1,150.0
V011527,T011526,2025-05-23,MID,P023,3,40.0
V011528,T011528,2025-05-23,MID,P028,2,180.0
V011529,T011528,2025-05-23,MID,P025,2,35.0
V011530,T011530,2025-05-23,MID,P103,1,120.0
V011531,T011531,2025-05-23,MID,P103,2,120.0
V011532,T011531,2025-05-23,MID,P102,3,45.0
V011533,T011533,2025-05-23,MID,P021,2,85.0
V011534,T011533,2025-05-23,MID,P023,2,40.0
V011535,T011533,2025-05-23,MID,P041,1,35.0
V011536,T011536,2025-05-23,MID,P082,1,25.0
V011537,T011536,2025-05-23,MID,P048,2,180.0
V011538,T011538,2025-05-23,CHI,P028,1,180.0
V011539,T011538,2025-05-23,CHI,P001,2,145.0
V011540,T011540,2025-05-23,CHI,P023,2,40.0
V011541,T011541,2025-05-23,CHI,P021,2,85.0
V011542,T011541,2025-05-23,CHI,P065,1,30.0
V011543,T011543,2025-05-23,CHI,P011,1,210.0
V011544,T011543,2025-05-23,CHI,P048,2,180.0
V011545,T011545,2025-05-23,CHI,P084,2,18.0
V011546,T011545,2025-05-23,CHI,P001,1,145.0
V011547,T011547,2025-05-23,CHI,P042,2,28.0
V011548,T011547,2025-05-23,CHI,P043,2,18.0
V011549,T011549,2025-05-23,CHI,P024,2,6.0
V011550,T011550,2025-05-23,CHI,P100,2,1250.0
V011551,T011550,2025-05-23,CHI,P101,1,35.0
V011552,T011550,2025-05-23,CHI,P061,1,165.0
V011553,T011553,2025-05-23,CHI,P022,1,150.0
V011554,T011553,2025-05-23,CHI,P023,1,40.0
V011555,T011555,2025-05-23,CHI,P022,1,150.0
V011556,T011556,2025-05-23,CHI,P022,2,150.0
V011557,T011557,2025-05-23,CHI,P101,1,35.0
V011558,T011557,2025-05-23,CHI,P045,1,45.0
V011559,T011559,2025-05-23,CHI,P066,2,55.0
V011560,T011559,2025-05-23,CHI,P101,1,35.0
V011561,T011561,2025-05-23,CHI,P020,1,55.0
V011562,T011561,2025-05-23,CHI,P023,1,40.0
V011563,T011563,2025-05-23,CDMX,P106,1,55.0
V011564,T011564,2025-05-23,CDMX,P001,2,145.0
V011565,T011565,2025-05-23,CDMX,P048,1,180.0
V011566,T011566,2025-05-23,CDMX,P040,2,1450.0
V011567,T011566,2025-05-23,CDMX,P029,1,95.0
V011568,T011568,2025-05-23,CDMX,P064,1,38.0
V011569,T011569,2025-05-23,CDMX,P024,2,6.0
V011570,T011570,2025-05-23,CDMX,P030,3,180.0
V011571,T011570,2025-05-23,CDMX,P028,1,180.0
V011572,T011572,2025-05-23,CDMX,P040,1,1450.0
V011573,T011572,2025-05-23,CDMX,P065,2,30.0
V011574,T011574,2025-05-23,CDMX,P100,1,1250.0
V011575,T011574,2025-05-23,CDMX,P102,1,45.0
V011576,T011574,2025-05-23,CDMX,P101,2,35.0
V011577,T011577,2025-05-23,CDMX,P063,3,45.0
V011578,T011577,2025-05-23,CDMX,P060,1,850.0
V011579,T011579,2025-05-23,CDMX,P063,2,45.0
V011580,T011579,2025-05-23,CDMX,P060,3,850.0
V011581,T011579,2025-05-23,CDMX,P104,2,95.0
V011582,T011582,2025-05-23,MTY,P011,1,210.0
V011583,T011583,2025-05-23,MTY,P062,2,320.0
V011584,T011584,2025-05-23,MTY,P012,1,980.0
V011585,T011584,2025-05-23,MTY,P086,2,650.0
V011586,T011586,2025-05-23,MTY,P042,1,28.0
V011587,T011586,2025-05-23,MTY,P043,1,18.0
V011588,T011586,2025-05-23,MTY,P005,3,65.0
V011589,T011589,2025-05-23,MTY,P064,1,38.0
V011590,T011589,2025-05-23,MTY,P061,2,165.0
V011591,T011591,2025-05-23,MTY,P100,2,1250.0
V011592,T011591,2025-05-23,MTY,P102,1,45.0
V011593,T011593,2025-05-23,MTY,P020,3,55.0
V011594,T011593,2025-05-23,MTY,P023,1,40.0
V011595,T011593,2025-05-23,MTY,P065,1,30.0
V011596,T011596,2025-05-23,MTY,P006,3,12.0
V011597,T011597,2025-05-23,MTY,P025,2,35.0
V011598,T011597,2025-05-23,MTY,P064,1,38.0
V011599,T011599,2025-05-23,MTY,P043,1,18.0
V011600,T011599,2025-05-23,MTY,P061,2,165.0
V011601,T011601,2025-05-23,MTY,P022,1,150.0
V011602,T011601,2025-05-23,MTY,P023,2,40.0
V011603,T011603,2025-05-23,MTY,P030,3,180.0
V011604,T011604,2025-05-23,MTY,P100,2,1250.0
V011605,T011604,2025-05-23,MTY,P101,2,35.0
V011606,T011606,2025-05-23,MTY,P020,2,55.0
V011607,T011606,2025-05-23,MTY,P023,1,40.0
V011608,T011606,2025-05-23,MTY,P084,1,18.0
V011609,T011609,2025-05-23,MTY,P041,1,35.0
V011610,T011609,2025-05-23,MTY,P043,1,18.0
V011611,T011611,2025-05-23,MTY,P001,1,145.0
V011612,T011612,2025-05-23,MTY,P042,3,28.0
V011613,T011612,2025-05-23,MTY,P043,1,18.0
V011614,T011614,2025-05-23,MTY,P100,2,1250.0
V011615,T011614,2025-05-23,MTY,P102,1,45.0
V011616,T011616,2025-05-24,CUN,P064,2,38.0
V011617,T011616,2025-05-24,CUN,P061,2,165.0
V011618,T011618,2025-05-24,CUN,P006,1,12.0
V011619,T011618,2025-05-24,CUN,P022,1,150.0
V011620,T011620,2025-05-24,CUN,P010,1,120.0
V011621,T011620,2025-05-24,CUN,P012,3,980.0
V011622,T011622,2025-05-24,CUN,P048,1,180.0
V011623,T011622,2025-05-24,CUN,P022,1,150.0
V011624,T011624,2025-05-24,CUN,P026,1,65.0
V011625,T011625,2025-05-24,CUN,P065,2,30.0
V011626,T011625,2025-05-24,CUN,P046,3,280.0
V011627,T011627,2025-05-24,CUN,P064,1,38.0
V011628,T011627,2025-05-24,CUN,P061,1,165.0
V011629,T011629,2025-05-24,CUN,P021,1,85.0
V011630,T011629,2025-05-24,CUN,P023,3,40.0
V011631,T011631,2025-05-24,CUN,P064,3,38.0
V011632,T011631,2025-05-24,CUN,P012,1,980.0
V011633,T011633,2025-05-24,CUN,P064,3,38.0
V011634,T011633,2025-05-24,CUN,P061,3,165.0
V011635,T011635,2025-05-24,CUN,P100,1,1250.0
V011636,T011635,2025-05-24,CUN,P101,2,35.0
V011637,T011637,2025-05-24,MID,P041,3,35.0
V011638,T011637,2025-05-24,MID,P107,3,165.0
V011639,T011639,2025-05-24,MID,P046,1,280.0
V011640,T011639,2025-05-24,MID,P085,3,980.0
V011641,T011641,2025-05-24,MID,P063,2,45.0
V011642,T011641,2025-05-24,MID,P008,2,180.0
V011643,T011643,2025-05-24,MID,P063,1,45.0
V011644,T011643,2025-05-24,MID,P060,1,850.0
V011645,T011645,2025-05-24,MID,P041,1,35.0
V011646,T011645,2025-05-24,MID,P043,1,18.0
V011647,T011647,2025-05-24,MID,P042,2,28.0
V011648,T011647,2025-05-24,MID,P043,1,18.0
V011649,T011649,2025-05-24,MID,P005,2,65.0
V011650,T011649,2025-05-24,MID,P045,1,45.0
V011651,T011651,2025-05-24,MID,P100,1,1250.0
V011652,T011651,2025-05-24,MID,P101,1,35.0
V011653,T011651,2025-05-24,MID,P065,3,30.0
V011654,T011654,2025-05-24,MID,P045,2,45.0
V011655,T011654,2025-05-24,MID,P006,3,12.0
V011656,T011656,2025-05-24,MID,P064,2,38.0
V011657,T011656,2025-05-24,MID,P061,3,165.0
V011658,T011656,2025-05-24,MID,P021,2,85.0
V011659,T011659,2025-05-24,MID,P006,3,12.0
V011660,T011660,2025-05-24,MID,P102,3,45.0
V011661,T011660,2025-05-24,MID,P080,2,280.0
V011662,T011662,2025-05-24,MID,P002,2,180.0
V011663,T011663,2025-05-24,MID,P102,2,45.0
V011664,T011663,2025-05-24,MID,P030,1,180.0
V011665,T011665,2025-05-24,MID,P042,2,28.0
V011666,T011665,2025-05-24,MID,P043,2,18.0
V011667,T011665,2025-05-24,MID,P046,3,280.0
V011668,T011668,2025-05-24,MID,P085,1,980.0
V011669,T011668,2025-05-24,MID,P066,3,55.0
V011670,T011670,2025-05-24,MID,P002,1,180.0
V011671,T011670,2025-05-24,MID,P065,2,30.0
V011672,T011672,2025-05-24,MID,P103,1,120.0
V011673,T011672,2025-05-24,MID,P043,1,18.0
V011674,T011674,2025-05-24,MID,P062,1,320.0
V011675,T011674,2025-05-24,MID,P022,1,150.0
V011676,T011676,2025-05-24,MID,P020,2,55.0
V011677,T011676,2025-05-24,MID,P023,1,40.0
V011678,T011678,2025-05-24,MID,P102,3,45.0
V011679,T011678,2025-05-24,MID,P024,2,6.0
V011680,T011680,2025-05-24,MID,P062,1,320.0
V011681,T011680,2025-05-24,MID,P085,1,980.0
V011682,T011682,2025-05-24,CHI,P020,2,55.0
V011683,T011682,2025-05-24,CHI,P023,1,40.0
V011684,T011684,2025-05-24,CHI,P063,3,45.0
V011685,T011684,2025-05-24,CHI,P060,1,850.0
V011686,T011686,2025-05-24,CHI,P062,3,320.0
V011687,T011687,2025-05-24,CHI,P063,1,45.0
V011688,T011687,2025-05-24,CHI,P060,1,850.0
V011689,T011689,2025-05-24,CHI,P008,2,180.0
V011690,T011690,2025-05-24,CHI,P020,2,55.0
V011691,T011691,2025-05-24,CHI,P102,2,45.0
V011692,T011692,2025-05-24,CHI,P062,2,320.0
V011693,T011693,2025-05-24,CHI,P013,3,45.0
V011694,T011693,2025-05-24,CHI,P046,1,280.0
V011695,T011695,2025-05-24,CHI,P041,1,35.0
V011696,T011695,2025-05-24,CHI,P043,1,18.0
V011697,T011697,2025-05-24,CHI,P042,1,28.0
V011698,T011697,2025-05-24,CHI,P028,2,180.0
V011699,T011699,2025-05-24,CHI,P104,2,95.0
V011700,T011699,2025-05-24,CHI,P029,3,95.0
V011701,T011701,2025-05-24,CHI,P064,1,38.0
V011702,T011701,2025-05-24,CHI,P061,1,165.0
V011703,T011701,2025-05-24,CHI,P080,2,280.0
V011704,T011704,2025-05-24,CHI,P100,2,1250.0
V011705,T011704,2025-05-24,CHI,P101,2,35.0
V011706,T011706,2025-05-24,CHI,P003,1,8.5
V011707,T011706,2025-05-24,CHI,P028,1,180.0
V011708,T011708,2025-05-24,CDMX,P042,2,28.0
V011709,T011708,2025-05-24,CDMX,P043,1,18.0
V011710,T011708,2025-05-24,CDMX,P005,2,65.0
V011711,T011711,2025-05-24,CDMX,P042,3,28.0
V011712,T011711,2025-05-24,CDMX,P043,2,18.0
V011713,T011713,2025-05-24,CDMX,P005,1,65.0
V011714,T011713,2025-05-24,CDMX,P028,1,180.0
V011715,T011715,2025-05-24,CDMX,P001,1,145.0
V011716,T011716,2025-05-24,CDMX,P022,1,150.0
V011717,T011716,2025-05-24,CDMX,P023,1,40.0
V011718,T011716,2025-05-24,CDMX,P066,1,55.0
V011719,T011719,2025-05-24,CDMX,P024,1,6.0
V011720,T011719,2025-05-24,CDMX,P028,1,180.0
V011721,T011721,2025-05-24,CDMX,P048,2,180.0
V011722,T011722,2025-05-24,CDMX,P023,1,40.0
V011723,T011723,2025-05-24,CDMX,P006,1,12.0
V011724,T011724,2025-05-24,CDMX,P042,1,28.0
V011725,T011724,2025-05-24,CDMX,P043,1,18.0
V011726,T011726,2025-05-24,CDMX,P107,3,165.0
V011727,T011727,2025-05-24,CDMX,P080,1,280.0
V011728,T011727,2025-05-24,CDMX,P107,1,165.0
V011729,T011729,2025-05-24,CDMX,P042,1,28.0
V011730,T011730,2025-05-24,CDMX,P022,2,150.0
V011731,T011730,2025-05-24,CDMX,P023,2,40.0
V011732,T011732,2025-05-24,CDMX,P046,3,280.0
V011733,T011733,2025-05-24,CDMX,P021,3,85.0
V011734,T011733,2025-05-24,CDMX,P023,2,40.0
V011735,T011735,2025-05-24,MTY,P020,2,55.0
V011736,T011735,2025-05-24,MTY,P044,1,22.0
V011737,T011737,2025-05-24,MTY,P004,1,6.0
V011738,T011738,2025-05-24,MTY,P080,2,280.0
V011739,T011738,2025-05-24,MTY,P107,1,165.0
V011740,T011740,2025-05-24,MTY,P021,1,85.0
V011741,T011740,2025-05-24,MTY,P023,1,40.0
V011742,T011740,2025-05-24,MTY,P103,2,120.0
V011743,T011743,2025-05-24,MTY,P041,1,35.0
V011744,T011743,2025-05-24,MTY,P043,1,18.0
V011745,T011743,2025-05-24,MTY,P064,1,38.0
V011746,T011746,2025-05-24,MTY,P100,2,1250.0
V011747,T011746,2025-05-24,MTY,P102,1,45.0
V011748,T011748,2025-05-24,MTY,P100,1,1250.0
V011749,T011748,2025-05-24,MTY,P101,1,35.0
V011750,T011750,2025-05-24,MTY,P012,2,980.0
V011751,T011751,2025-05-24,MTY,P063,1,45.0
V011752,T011751,2025-05-24,MTY,P060,1,850.0
V011753,T011753,2025-05-24,MTY,P065,1,30.0
V011754,T011754,2025-05-24,MTY,P064,1,38.0
V011755,T011754,2025-05-24,MTY,P061,1,165.0
V011756,T011754,2025-05-24,MTY,P026,3,65.0
V011757,T011757,2025-05-24,MTY,P046,3,280.0
V011758,T011758,2025-05-24,MTY,P107,1,165.0
V011759,T011758,2025-05-24,MTY,P040,2,1450.0
V011760,T011760,2025-05-24,MTY,P020,3,55.0
V011761,T011760,2025-05-24,MTY,P023,3,40.0
V011762,T011760,2025-05-24,MTY,P106,1,55.0
V011763,T011763,2025-05-24,MTY,P044,2,22.0
V011764,T011763,2025-05-24,MTY,P025,3,35.0
V011765,T011765,2025-05-24,MTY,P084,2,18.0
V011766,T011766,2025-05-24,MTY,P063,2,45.0
V011767,T011766,2025-05-24,MTY,P060,3,850.0
V011768,T011768,2025-05-24,MTY,P041,2,35.0
V011769,T011768,2025-05-24,MTY,P043,1,18.0
V011770,T011770,2025-05-24,MTY,P048,3,180.0
V011771,T011771,2025-05-25,CUN,P083,1,65.0
V011772,T011772,2025-05-25,CUN,P020,1,55.0
V011773,T011772,2025-05-25,CUN,P023,1,40.0
V011774,T011772,2025-05-25,CUN,P106,3,55.0
V011775,T011775,2025-05-25,CUN,P025,1,35.0
V011776,T011776,2025-05-25,CUN,P005,1,65.0
V011777,T011777,2025-05-25,CUN,P042,2,28.0
V011778,T011777,2025-05-25,CUN,P043,1,18.0
V011779,T011779,2025-05-25,CUN,P006,1,12.0
V011780,T011780,2025-05-25,CUN,P041,1,35.0
V011781,T011780,2025-05-25,CUN,P043,2,18.0
V011782,T011780,2025-05-25,CUN,P027,1,320.0
V011783,T011783,2025-05-25,CUN,P046,2,280.0
V011784,T011783,2025-05-25,CUN,P045,3,45.0
V011785,T011785,2025-05-25,CUN,P082,2,25.0
V011786,T011786,2025-05-25,MID,P004,2,6.0
V011787,T011787,2025-05-25,MID,P040,3,1450.0
V011788,T011788,2025-05-25,MID,P105,1,145.0
V011789,T011788,2025-05-25,MID,P044,3,22.0
V011790,T011790,2025-05-25,MID,P005,2,65.0
V011791,T011791,2025-05-25,MID,P083,2,65.0
V011792,T011792,2025-05-25,MID,P020,1,55.0
V011793,T011792,2025-05-25,MID,P023,2,40.0
V011794,T011792,2025-05-25,MID,P046,1,280.0
V011795,T011795,2025-05-25,MID,P064,3,38.0
V011796,T011795,2025-05-25,MID,P061,1,165.0
V011797,T011795,2025-05-25,MID,P027,1,320.0
V011798,T011798,2025-05-25,MID,P107,1,165.0
V011799,T011799,2025-05-25,MID,P045,3,45.0
V011800,T011799,2025-05-25,MID,P025,1,35.0
V011801,T011801,2025-05-25,CHI,P020,3,55.0
V011802,T011802,2025-05-25,CHI,P061,1,165.0
V011803,T011803,2025-05-25,CHI,P012,3,980.0
V011804,T011803,2025-05-25,CHI,P107,2,165.0
V011805,T011805,2025-05-25,CHI,P062,3,320.0
V011806,T011806,2025-05-25,CHI,P001,1,145.0
V011807,T011806,2025-05-25,CHI,P046,3,280.0
V011808,T011808,2025-05-25,CHI,P041,1,35.0
V011809,T011808,2025-05-25,CHI,P043,1,18.0
V011810,T011808,2025-05-25,CHI,P104,3,95.0
V011811,T011811,2025-05-25,CHI,P062,2,320.0
V011812,T011812,2025-05-25,CHI,P101,2,35.0
V011813,T011812,2025-05-25,CHI,P041,1,35.0
V011814,T011814,2025-05-25,CHI,P082,1,25.0
V011815,T011814,2025-05-25,CHI,P065,2,30.0
V011816,T011816,2025-05-25,CHI,P086,2,650.0
V011817,T011817,2025-05-25,CHI,P106,1,55.0
V011818,T011818,2025-05-25,CHI,P042,3,28.0
V011819,T011818,2025-05-25,CHI,P080,2,280.0
V011820,T011820,2025-05-25,CHI,P021,1,85.0
V011821,T011820,2025-05-25,CHI,P023,1,40.0
V011822,T011822,2025-05-25,CHI,P100,2,1250.0
V011823,T011822,2025-05-25,CHI,P101,1,35.0
V011824,T011822,2025-05-25,CHI,P080,2,280.0
V011825,T011825,2025-05-25,CHI,P041,2,35.0
V011826,T011825,2025-05-25,CHI,P043,3,18.0
V011827,T011825,2025-05-25,CHI,P081,2,65.0
V011828,T011828,2025-05-25,CHI,P042,3,28.0
V011829,T011829,2025-05-25,CHI,P101,2,35.0
V011830,T011830,2025-05-25,CHI,P020,3,55.0
V011831,T011830,2025-05-25,CHI,P023,1,40.0
V011832,T011830,2025-05-25,CHI,P086,2,650.0
V011833,T011833,2025-05-25,CHI,P048,2,180.0
V011834,T011833,2025-05-25,CHI,P042,1,28.0
V011835,T011835,2025-05-25,CHI,P084,2,18.0
V011836,T011835,2025-05-25,CHI,P065,2,30.0
V011837,T011837,2025-05-25,CHI,P083,1,65.0
V011838,T011837,2025-05-25,CHI,P029,2,95.0
V011839,T011839,2025-05-25,CDMX,P042,2,28.0
V011840,T011839,2025-05-25,CDMX,P043,1,18.0
V011841,T011841,2025-05-25,CDMX,P043,1,18.0
V011842,T011841,2025-05-25,CDMX,P028,1,180.0
V011843,T011843,2025-05-25,CDMX,P048,2,180.0
V011844,T011843,2025-05-25,CDMX,P007,1,95.0
V011845,T011845,2025-05-25,CDMX,P063,1,45.0
V011846,T011845,2025-05-25,CDMX,P086,1,650.0
V011847,T011847,2025-05-25,CDMX,P022,1,150.0
V011848,T011847,2025-05-25,CDMX,P023,1,40.0
V011849,T011849,2025-05-25,CDMX,P012,1,980.0
V011850,T011849,2025-05-25,CDMX,P107,1,165.0
V011851,T011851,2025-05-25,CDMX,P064,1,38.0
V011852,T011851,2025-05-25,CDMX,P061,1,165.0
V011853,T011853,2025-05-25,CDMX,P063,1,45.0
V011854,T011853,2025-05-25,CDMX,P060,1,850.0
V011855,T011855,2025-05-25,CDMX,P020,2,55.0
V011856,T011855,2025-05-25,CDMX,P023,1,40.0
V011857,T011857,2025-05-25,CDMX,P003,1,8.5
V011858,T011858,2025-05-25,CDMX,P064,1,38.0
V011859,T011858,2025-05-25,CDMX,P061,3,165.0
V011860,T011860,2025-05-25,CDMX,P100,1,1250.0
V011861,T011860,2025-05-25,CDMX,P101,1,35.0
V011862,T011860,2025-05-25,CDMX,P041,1,35.0
V011863,T011863,2025-05-25,CDMX,P013,2,45.0
V011864,T011863,2025-05-25,CDMX,P061,1,165.0
V011865,T011865,2025-05-25,CDMX,P063,1,45.0
V011866,T011865,2025-05-25,CDMX,P060,2,850.0
V011867,T011867,2025-05-25,CDMX,P102,1,45.0
V011868,T011867,2025-05-25,CDMX,P104,1,95.0
V011869,T011869,2025-05-25,CDMX,P021,1,85.0
V011870,T011870,2025-05-25,CDMX,P029,1,95.0
V011871,T011871,2025-05-25,CDMX,P102,2,45.0
V011872,T011872,2025-05-25,CDMX,P041,1,35.0
V011873,T011872,2025-05-25,CDMX,P043,2,18.0
V011874,T011872,2025-05-25,CDMX,P011,1,210.0
V011875,T011875,2025-05-25,CDMX,P041,3,35.0
V011876,T011875,2025-05-25,CDMX,P043,2,18.0
V011877,T011877,2025-05-25,MTY,P084,1,18.0
V011878,T011878,2025-05-25,MTY,P042,1,28.0
V011879,T011878,2025-05-25,MTY,P043,1,18.0
V011880,T011878,2025-05-25,MTY,P020,3,55.0
V011881,T011881,2025-05-25,MTY,P024,1,6.0
V011882,T011881,2025-05-25,MTY,P020,3,55.0
V011883,T011883,2025-05-25,MTY,P100,2,1250.0
V011884,T011883,2025-05-25,MTY,P102,1,45.0
V011885,T011885,2025-05-25,MTY,P030,1,180.0
V011886,T011885,2025-05-25,MTY,P080,1,280.0
V011887,T011887,2025-05-25,MTY,P085,1,980.0
V011888,T011887,2025-05-25,MTY,P020,2,55.0
V011889,T011889,2025-05-25,MTY,P085,1,980.0
V011890,T011890,2025-05-25,MTY,P083,2,65.0
V011891,T011891,2025-05-25,MTY,P063,2,45.0
V011892,T011892,2025-05-25,MTY,P064,1,38.0
V011893,T011892,2025-05-25,MTY,P061,1,165.0
V011894,T011892,2025-05-25,MTY,P086,1,650.0
V011895,T011895,2025-05-25,MTY,P084,3,18.0
V011896,T011895,2025-05-25,MTY,P028,3,180.0
V011897,T011897,2025-05-25,MTY,P021,2,85.0
V011898,T011897,2025-05-25,MTY,P063,1,45.0
V011899,T011899,2025-05-25,MTY,P041,3,35.0
V011900,T011899,2025-05-25,MTY,P043,2,18.0
V011901,T011901,2025-05-25,MTY,P064,1,38.0
V011902,T011901,2025-05-25,MTY,P061,2,165.0
V011903,T011903,2025-05-25,MTY,P022,2,150.0
V011904,T011903,2025-05-25,MTY,P023,1,40.0
V011905,T011905,2025-05-25,MTY,P063,2,45.0
V011906,T011905,2025-05-25,MTY,P048,2,180.0
V011907,T011907,2025-05-25,MTY,P083,1,65.0
V011908,T011908,2025-05-25,MTY,P006,1,12.0
V011909,T011909,2025-05-25,MTY,P021,1,85.0
V011910,T011909,2025-05-25,MTY,P023,2,40.0
V011911,T011911,2025-05-25,MTY,P042,1,28.0
V011912,T011912,2025-05-25,MTY,P083,1,65.0
V011913,T011913,2025-05-26,CUN,P064,3,38.0
V011914,T011913,2025-05-26,CUN,P061,3,165.0
V011915,T011913,2025-05-26,CUN,P085,2,980.0
V011916,T011916,2025-05-26,CUN,P005,1,65.0
V011917,T011917,2025-05-26,CUN,P047,1,95.0
V011918,T011917,2025-05-26,CUN,P007,2,95.0
V011919,T011919,2025-05-26,CUN,P061,2,165.0
V011920,T011919,2025-05-26,CUN,P011,1,210.0
V011921,T011921,2025-05-26,CUN,P006,1,12.0
V011922,T011922,2025-05-26,CUN,P063,2,45.0
V011923,T011922,2025-05-26,CUN,P060,2,850.0
V011924,T011922,2025-05-26,CUN,P011,1,210.0
V011925,T011925,2025-05-26,CUN,P063,1,45.0
V011926,T011925,2025-05-26,CUN,P060,3,850.0
V011927,T011925,2025-05-26,CUN,P066,2,55.0
V011928,T011928,2025-05-26,CUN,P064,2,38.0
V011929,T011928,2025-05-26,CUN,P061,1,165.0
V011930,T011928,2025-05-26,CUN,P046,2,280.0
V011931,T011931,2025-05-26,CUN,P041,1,35.0
V011932,T011931,2025-05-26,CUN,P043,1,18.0
V011933,T011933,2025-05-26,CUN,P025,3,35.0
V011934,T011933,2025-05-26,CUN,P030,3,180.0
V011935,T011935,2025-05-26,MID,P100,1,1250.0
V011936,T011935,2025-05-26,MID,P101,1,35.0
V011937,T011935,2025-05-26,MID,P043,1,18.0
V011938,T011938,2025-05-26,MID,P006,2,12.0
V011939,T011938,2025-05-26,MID,P011,1,210.0
V011940,T011940,2025-05-26,MID,P080,1,280.0
V011941,T011941,2025-05-26,MID,P082,1,25.0
V011942,T011941,2025-05-26,MID,P063,1,45.0
V011943,T011943,2025-05-26,MID,P020,1,55.0
V011944,T011943,2025-05-26,MID,P044,2,22.0
V011945,T011945,2025-05-26,MID,P021,1,85.0
V011946,T011945,2025-05-26,MID,P023,2,40.0
V011947,T011945,2025-05-26,MID,P027,1,320.0
V011948,T011948,2025-05-26,MID,P020,2,55.0
V011949,T011948,2025-05-26,MID,P023,3,40.0
V011950,T011948,2025-05-26,MID,P045,3,45.0
V011951,T011951,2025-05-26,MID,P100,1,1250.0
V011952,T011951,2025-05-26,MID,P101,2,35.0
V011953,T011951,2025-05-26,MID,P085,1,980.0
V011954,T011954,2025-05-26,MID,P100,2,1250.0
V011955,T011954,2025-05-26,MID,P101,2,35.0
V011956,T011956,2025-05-26,MID,P013,2,45.0
V011957,T011957,2025-05-26,MID,P060,1,850.0
V011958,T011957,2025-05-26,MID,P107,2,165.0
V011959,T011959,2025-05-26,MID,P065,2,30.0
V011960,T011959,2025-05-26,MID,P007,1,95.0
V011961,T011961,2025-05-26,MID,P102,3,45.0
V011962,T011962,2025-05-26,CHI,P062,2,320.0
V011963,T011962,2025-05-26,CHI,P024,1,6.0
V011964,T011964,2025-05-26,CHI,P042,1,28.0
V011965,T011964,2025-05-26,CHI,P047,1,95.0
V011966,T011966,2025-05-26,CHI,P103,1,120.0
V011967,T011966,2025-05-26,CHI,P106,2,55.0
V011968,T011968,2025-05-26,CHI,P062,3,320.0
V011969,T011969,2025-05-26,CHI,P085,2,980.0
V011970,T011969,2025-05-26,CHI,P042,1,28.0
V011971,T011971,2025-05-26,CHI,P040,1,1450.0
V011972,T011971,2025-05-26,CHI,P103,2,120.0
V011973,T011973,2025-05-26,CHI,P100,1,1250.0
V011974,T011973,2025-05-26,CHI,P102,3,45.0
V011975,T011975,2025-05-26,CHI,P006,2,12.0
V011976,T011976,2025-05-26,CHI,P044,1,22.0
V011977,T011976,2025-05-26,CHI,P084,1,18.0
V011978,T011978,2025-05-26,CHI,P041,2,35.0
V011979,T011979,2025-05-26,CHI,P020,1,55.0
V011980,T011979,2025-05-26,CHI,P023,1,40.0
V011981,T011979,2025-05-26,CHI,P066,1,55.0
V011982,T011982,2025-05-26,CHI,P064,3,38.0
V011983,T011982,2025-05-26,CHI,P061,1,165.0
V011984,T011982,2025-05-26,CHI,P083,1,65.0
V011985,T011985,2025-05-26,CHI,P026,1,65.0
V011986,T011986,2025-05-26,CDMX,P064,1,38.0
V011987,T011986,2025-05-26,CDMX,P061,1,165.0
V011988,T011988,2025-05-26,CDMX,P021,2,85.0
V011989,T011988,2025-05-26,CDMX,P023,1,40.0
V011990,T011990,2025-05-26,CDMX,P048,2,180.0
V011991,T011990,2025-05-26,CDMX,P001,1,145.0
V011992,T011992,2025-05-26,CDMX,P042,2,28.0
V011993,T011992,2025-05-26,CDMX,P043,1,18.0
V011994,T011992,2025-05-26,CDMX,P024,1,6.0
V011995,T011995,2025-05-26,CDMX,P004,2,6.0
V011996,T011995,2025-05-26,CDMX,P028,1,180.0
V011997,T011997,2025-05-26,CDMX,P100,1,1250.0
V011998,T011998,2025-05-26,CDMX,P006,1,12.0
V011999,T011998,2025-05-26,CDMX,P012,1,980.0
V012000,T012000,2025-05-26,CDMX,P041,3,35.0
V012001,T012000,2025-05-26,CDMX,P043,2,18.0
V012002,T012002,2025-05-26,CDMX,P029,2,95.0
V012003,T012003,2025-05-26,CDMX,P085,1,980.0
V012004,T012004,2025-05-26,CDMX,P080,1,280.0
V012005,T012004,2025-05-26,CDMX,P082,1,25.0
V012006,T012006,2025-05-26,CDMX,P041,2,35.0
V012007,T012006,2025-05-26,CDMX,P043,2,18.0
V012008,T012006,2025-05-26,CDMX,P028,3,180.0
V012009,T012009,2025-05-26,CDMX,P041,2,35.0
V012010,T012009,2025-05-26,CDMX,P084,1,18.0
V012011,T012011,2025-05-26,MTY,P102,1,45.0
V012012,T012012,2025-05-26,MTY,P103,1,120.0
V012013,T012013,2025-05-26,MTY,P001,1,145.0
V012014,T012013,2025-05-26,MTY,P101,1,35.0
V012015,T012015,2025-05-26,MTY,P042,2,28.0
V012016,T012015,2025-05-26,MTY,P043,1,18.0
V012017,T012017,2025-05-26,MTY,P006,2,12.0
V012018,T012018,2025-05-26,MTY,P021,2,85.0
V012019,T012018,2025-05-26,MTY,P023,2,40.0
V012020,T012020,2025-05-26,MTY,P008,3,180.0
V012021,T012020,2025-05-26,MTY,P028,1,180.0
V012022,T012022,2025-05-26,MTY,P063,3,45.0
V012023,T012022,2025-05-26,MTY,P060,3,850.0
V012024,T012022,2025-05-26,MTY,P047,2,95.0
V012025,T012025,2025-05-26,MTY,P064,1,38.0
V012026,T012025,2025-05-26,MTY,P061,2,165.0
V012027,T012027,2025-05-26,MTY,P082,2,25.0
V012028,T012027,2025-05-26,MTY,P041,1,35.0
V012029,T012029,2025-05-26,MTY,P066,2,55.0
V012030,T012030,2025-05-26,MTY,P085,2,980.0
V012031,T012030,2025-05-26,MTY,P086,3,650.0
V012032,T012032,2025-05-26,MTY,P107,1,165.0
V012033,T012033,2025-05-27,CUN,P084,1,18.0
V012034,T012033,2025-05-27,CUN,P030,2,180.0
V012035,T012035,2025-05-27,CUN,P022,2,150.0
V012036,T012035,2025-05-27,CUN,P023,1,40.0
V012037,T012035,2025-05-27,CUN,P021,1,85.0
V012038,T012038,2025-05-27,CUN,P003,1,8.5
V012039,T012039,2025-05-27,CUN,P020,1,55.0
V012040,T012039,2025-05-27,CUN,P023,2,40.0
V012041,T012041,2025-05-27,CUN,P005,2,65.0
V012042,T012042,2025-05-27,CUN,P060,2,850.0
V012043,T012043,2025-05-27,CUN,P100,2,1250.0
V012044,T012043,2025-05-27,CUN,P101,1,35.0
V012045,T012043,2025-05-27,CUN,P001,1,145.0
V012046,T012046,2025-05-27,CUN,P012,3,980.0
V012047,T012047,2025-05-27,MID,P081,2,65.0
V012048,T012047,2025-05-27,MID,P005,2,65.0
V012049,T012049,2025-05-27,MID,P030,2,180.0
V012050,T012050,2025-05-27,MID,P021,2,85.0
V012051,T012050,2025-05-27,MID,P023,1,40.0
V012052,T012050,2025-05-27,MID,P009,3,85.0
V012053,T012053,2025-05-27,MID,P021,3,85.0
V012054,T012053,2025-05-27,MID,P023,3,40.0
V012055,T012055,2025-05-27,MID,P041,2,35.0
V012056,T012055,2025-05-27,MID,P043,2,18.0
V012057,T012057,2025-05-27,MID,P013,2,45.0
V012058,T012057,2025-05-27,MID,P027,3,320.0
V012059,T012059,2025-05-27,MID,P047,1,95.0
V012060,T012060,2025-05-27,MID,P022,3,150.0
V012061,T012060,2025-05-27,MID,P023,1,40.0
V012062,T012060,2025-05-27,MID,P081,2,65.0
V012063,T012063,2025-05-27,MID,P082,3,25.0
V012064,T012064,2025-05-27,MID,P107,1,165.0
V012065,T012065,2025-05-27,CHI,P040,2,1450.0
V012066,T012066,2025-05-27,CHI,P062,1,320.0
V012067,T012066,2025-05-27,CHI,P024,1,6.0
V012068,T012068,2025-05-27,CHI,P021,1,85.0
V012069,T012068,2025-05-27,CHI,P023,2,40.0
V012070,T012068,2025-05-27,CHI,P004,1,6.0
V012071,T012071,2025-05-27,CHI,P041,1,35.0
V012072,T012072,2025-05-27,CHI,P062,1,320.0
V012073,T012073,2025-05-27,CHI,P064,2,38.0
V012074,T012073,2025-05-27,CHI,P061,3,165.0
V012075,T012075,2025-05-27,CHI,P100,1,1250.0
V012076,T012075,2025-05-27,CHI,P101,1,35.0
V012077,T012077,2025-05-27,CHI,P062,1,320.0
V012078,T012078,2025-05-27,CHI,P027,1,320.0
V012079,T012078,2025-05-27,CHI,P047,1,95.0
V012080,T012080,2025-05-27,CHI,P001,3,145.0
V012081,T012081,2025-05-27,CHI,P100,3,1250.0
V012082,T012081,2025-05-27,CHI,P102,2,45.0
V012083,T012081,2025-05-27,CHI,P086,1,650.0
V012084,T012084,2025-05-27,CHI,P064,1,38.0
V012085,T012084,2025-05-27,CHI,P061,3,165.0
V012086,T012086,2025-05-27,CHI,P061,1,165.0
V012087,T012087,2025-05-27,CHI,P003,1,8.5
V012088,T012087,2025-05-27,CHI,P009,1,85.0
V012089,T012089,2025-05-27,CHI,P020,3,55.0
V012090,T012089,2025-05-27,CHI,P023,2,40.0
V012091,T012089,2025-05-27,CHI,P028,2,180.0
V012092,T012092,2025-05-27,CHI,P041,3,35.0
V012093,T012092,2025-05-27,CHI,P043,2,18.0
V012094,T012094,2025-05-27,CHI,P064,2,38.0
V012095,T012094,2025-05-27,CHI,P061,1,165.0
V012096,T012096,2025-05-27,CHI,P104,2,95.0
V012097,T012096,2025-05-27,CHI,P003,1,8.5
V012098,T012098,2025-05-27,CHI,P060,2,850.0
V012099,T012099,2025-05-27,CHI,P042,2,28.0
V012100,T012099,2025-05-27,CHI,P043,2,18.0
V012101,T012101,2025-05-27,CHI,P020,3,55.0
V012102,T012101,2025-05-27,CHI,P023,2,40.0
V012103,T012101,2025-05-27,CHI,P081,1,65.0
V012104,T012104,2025-05-27,CHI,P044,1,22.0
V012105,T012105,2025-05-27,CDMX,P040,2,1450.0
V012106,T012105,2025-05-27,CDMX,P065,2,30.0
V012107,T012107,2025-05-27,CDMX,P041,1,35.0
V012108,T012107,2025-05-27,CDMX,P043,2,18.0
V012109,T012107,2025-05-27,CDMX,P044,2,22.0
V012110,T012110,2025-05-27,CDMX,P080,3,280.0
V012111,T012111,2025-05-27,CDMX,P001,2,145.0
V012112,T012111,2025-05-27,CDMX,P028,3,180.0
V012113,T012113,2025-05-27,CDMX,P083,1,65.0
V012114,T012113,2025-05-27,CDMX,P010,2,120.0
V012115,T012115,2025-05-27,CDMX,P020,1,55.0
V012116,T012115,2025-05-27,CDMX,P104,1,95.0
V012117,T012117,2025-05-27,CDMX,P041,3,35.0
V012118,T012117,2025-05-27,CDMX,P043,2,18.0
V012119,T012117,2025-05-27,CDMX,P028,1,180.0
V012120,T012120,2025-05-27,CDMX,P063,2,45.0
V012121,T012120,2025-05-27,CDMX,P060,2,850.0
V012122,T012122,2025-05-27,CDMX,P064,2,38.0
V012123,T012122,2025-05-27,CDMX,P061,1,165.0
V012124,T012124,2025-05-27,MTY,P005,1,65.0
V012125,T012125,2025-05-27,MTY,P086,1,650.0
V012126,T012126,2025-05-27,MTY,P021,1,85.0
V012127,T012126,2025-05-27,MTY,P023,1,40.0
V012128,T012126,2025-05-27,MTY,P007,2,95.0
V012129,T012129,2025-05-27,MTY,P041,1,35.0
V012130,T012129,2025-05-27,MTY,P043,1,18.0
V012131,T012129,2025-05-27,MTY,P009,3,85.0
V012132,T012132,2025-05-27,MTY,P008,1,180.0
V012133,T012132,2025-05-27,MTY,P006,2,12.0
V012134,T012134,2025-05-27,MTY,P042,1,28.0
V012135,T012134,2025-05-27,MTY,P043,3,18.0
V012136,T012136,2025-05-27,MTY,P042,3,28.0
V012137,T012136,2025-05-27,MTY,P043,1,18.0
V012138,T012138,2025-05-27,MTY,P020,2,55.0
V012139,T012138,2025-05-27,MTY,P023,2,40.0
V012140,T012140,2025-05-27,MTY,P023,1,40.0
V012141,T012141,2025-05-28,CUN,P045,2,45.0
V012142,T012142,2025-05-28,CUN,P061,1,165.0
V012143,T012142,2025-05-28,CUN,P085,1,980.0
V012144,T012144,2025-05-28,CUN,P021,1,85.0
V012145,T012144,2025-05-28,CUN,P023,1,40.0
V012146,T012144,2025-05-28,CUN,P045,1,45.0
V012147,T012147,2025-05-28,CUN,P063,3,45.0
V012148,T012148,2025-05-28,CUN,P048,1,180.0
V012149,T012148,2025-05-28,CUN,P001,3,145.0
V012150,T012150,2025-05-28,CUN,P010,1,120.0
V012151,T012151,2025-05-28,CUN,P029,2,95.0
V012152,T012152,2025-05-28,CUN,P101,1,35.0
V012153,T012153,2025-05-28,CUN,P030,2,180.0
V012154,T012154,2025-05-28,CUN,P102,1,45.0
V012155,T012155,2025-05-28,CUN,P042,2,28.0
V012156,T012155,2025-05-28,CUN,P063,2,45.0
V012157,T012157,2025-05-28,CUN,P010,2,120.0
V012158,T012157,2025-05-28,CUN,P066,3,55.0
V012159,T012159,2025-05-28,CUN,P042,3,28.0
V012160,T012159,2025-05-28,CUN,P043,1,18.0
V012161,T012159,2025-05-28,CUN,P021,1,85.0
V012162,T012162,2025-05-28,CUN,P021,2,85.0
V012163,T012162,2025-05-28,CUN,P023,3,40.0
V012164,T012164,2025-05-28,CUN,P012,1,980.0
V012165,T012165,2025-05-28,CUN,P041,2,35.0
V012166,T012165,2025-05-28,CUN,P043,3,18.0
V012167,T012165,2025-05-28,CUN,P027,2,320.0
V012168,T012168,2025-05-28,CUN,P100,2,1250.0
V012169,T012168,2025-05-28,CUN,P101,2,35.0
V012170,T012168,2025-05-28,CUN,P107,2,165.0
V012171,T012171,2025-05-28,CUN,P040,2,1450.0
V012172,T012172,2025-05-28,MID,P047,2,95.0
V012173,T012172,2025-05-28,MID,P063,2,45.0
V012174,T012174,2025-05-28,MID,P022,1,150.0
V012175,T012174,2025-05-28,MID,P023,1,40.0
V012176,T012174,2025-05-28,MID,P041,3,35.0
V012177,T012177,2025-05-28,MID,P020,2,55.0
V012178,T012178,2025-05-28,MID,P065,3,30.0
V012179,T012178,2025-05-28,MID,P027,1,320.0
V012180,T012180,2025-05-28,MID,P001,1,145.0
V012181,T012180,2025-05-28,MID,P025,1,35.0
V012182,T012182,2025-05-28,MID,P023,1,40.0
V012183,T012182,2025-05-28,MID,P048,1,180.0
V012184,T012184,2025-05-28,MID,P006,1,12.0
V012185,T012184,2025-05-28,MID,P024,2,6.0
V012186,T012186,2025-05-28,MID,P065,3,30.0
V012187,T012186,2025-05-28,MID,P025,2,35.0
V012188,T012188,2025-05-28,MID,P041,2,35.0
V012189,T012188,2025-05-28,MID,P043,2,18.0
V012190,T012188,2025-05-28,MID,P046,1,280.0
V012191,T012191,2025-05-28,MID,P083,1,65.0
V012192,T012192,2025-05-28,CHI,P024,2,6.0
V012193,T012193,2025-05-28,CHI,P064,2,38.0
V012194,T012193,2025-05-28,CHI,P061,1,165.0
V012195,T012195,2025-05-28,CHI,P020,3,55.0
V012196,T012195,2025-05-28,CHI,P023,1,40.0
V012197,T012197,2025-05-28,CHI,P042,2,28.0
V012198,T012197,2025-05-28,CHI,P043,1,18.0
V012199,T012199,2025-05-28,CHI,P061,2,165.0
V012200,T012200,2025-05-28,CHI,P080,2,280.0
V012201,T012200,2025-05-28,CHI,P044,1,22.0
V012202,T012202,2025-05-28,CHI,P046,1,280.0
V012203,T012203,2025-05-28,CHI,P104,1,95.0
V012204,T012204,2025-05-28,CHI,P005,1,65.0
V012205,T012205,2025-05-28,CHI,P021,2,85.0
V012206,T012206,2025-05-28,CHI,P064,1,38.0
V012207,T012207,2025-05-28,CDMX,P022,1,150.0
V012208,T012207,2025-05-28,CDMX,P023,1,40.0
V012209,T012207,2025-05-28,CDMX,P100,2,1250.0
V012210,T012210,2025-05-28,CDMX,P100,3,1250.0
V012211,T012210,2025-05-28,CDMX,P101,1,35.0
V012212,T012210,2025-05-28,CDMX,P029,1,95.0
V012213,T012213,2025-05-28,CDMX,P100,2,1250.0
V012214,T012214,2025-05-28,CDMX,P064,1,38.0
V012215,T012214,2025-05-28,CDMX,P061,2,165.0
V012216,T012216,2025-05-28,CDMX,P107,1,165.0
V012217,T012216,2025-05-28,CDMX,P001,1,145.0
V012218,T012218,2025-05-28,CDMX,P082,2,25.0
V012219,T012218,2025-05-28,CDMX,P001,2,145.0
V012220,T012220,2025-05-28,CDMX,P009,1,85.0
V012221,T012220,2025-05-28,CDMX,P107,1,165.0
V012222,T012222,2025-05-28,CDMX,P012,3,980.0
V012223,T012223,2025-05-28,CDMX,P008,1,180.0
V012224,T012224,2025-05-28,CDMX,P048,1,180.0
V012225,T012224,2025-05-28,CDMX,P106,2,55.0
V012226,T012226,2025-05-28,CDMX,P023,1,40.0
V012227,T012227,2025-05-28,MTY,P041,1,35.0
V012228,T012227,2025-05-28,MTY,P043,1,18.0
V012229,T012229,2025-05-28,MTY,P086,3,650.0
V012230,T012230,2025-05-28,MTY,P106,1,55.0
V012231,T012230,2025-05-28,MTY,P011,2,210.0
V012232,T012232,2025-05-28,MTY,P080,2,280.0
V012233,T012233,2025-05-28,MTY,P007,1,95.0
V012234,T012233,2025-05-28,MTY,P021,1,85.0
V012235,T012235,2025-05-28,MTY,P060,1,850.0
V012236,T012236,2025-05-28,MTY,P062,3,320.0
V012237,T012236,2025-05-28,MTY,P106,1,55.0
V012238,T012238,2025-05-28,MTY,P104,1,95.0
V012239,T012238,2025-05-28,MTY,P006,1,12.0
V012240,T012240,2025-05-28,MTY,P064,2,38.0
V012241,T012240,2025-05-28,MTY,P061,2,165.0
V012242,T012242,2025-05-28,MTY,P046,1,280.0
V012243,T012243,2025-05-28,MTY,P041,1,35.0
V012244,T012243,2025-05-28,MTY,P043,3,18.0
V012245,T012245,2025-05-28,MTY,P007,1,95.0
V012246,T012245,2025-05-28,MTY,P029,2,95.0
V012247,T012247,2025-05-28,MTY,P063,2,45.0
V012248,T012247,2025-05-28,MTY,P060,3,850.0
V012249,T012249,2025-05-28,MTY,P063,1,45.0
V012250,T012250,2025-05-29,CUN,P047,1,95.0
V012251,T012251,2025-05-29,CUN,P020,2,55.0
V012252,T012252,2025-05-29,CUN,P064,2,38.0
V012253,T012252,2025-05-29,CUN,P061,2,165.0
V012254,T012252,2025-05-29,CUN,P043,2,18.0
V012255,T012255,2025-05-29,CUN,P047,1,95.0
V012256,T012255,2025-05-29,CUN,P027,1,320.0
V012257,T012257,2025-05-29,CUN,P043,1,18.0
V012258,T012257,2025-05-29,CUN,P085,1,980.0
V012259,T012259,2025-05-29,CUN,P065,2,30.0
V012260,T012259,2025-05-29,CUN,P027,1,320.0
V012261,T012261,2025-05-29,CUN,P081,1,65.0
V012262,T012262,2025-05-29,CUN,P100,1,1250.0
V012263,T012262,2025-05-29,CUN,P101,1,35.0
V012264,T012264,2025-05-29,CUN,P001,2,145.0
V012265,T012265,2025-05-29,MID,P062,1,320.0
V012266,T012265,2025-05-29,MID,P006,2,12.0
V012267,T012267,2025-05-29,MID,P042,1,28.0
V012268,T012267,2025-05-29,MID,P043,1,18.0
V012269,T012269,2025-05-29,MID,P041,2,35.0
V012270,T012269,2025-05-29,MID,P043,1,18.0
V012271,T012269,2025-05-29,MID,P022,1,150.0
V012272,T012272,2025-05-29,MID,P020,2,55.0
V012273,T012272,2025-05-29,MID,P023,2,40.0
V012274,T012272,2025-05-29,MID,P085,1,980.0
V012275,T012275,2025-05-29,MID,P040,1,1450.0
V012276,T012276,2025-05-29,MID,P085,1,980.0
V012277,T012277,2025-05-29,MID,P104,2,95.0
V012278,T012278,2025-05-29,MID,P028,2,180.0
V012279,T012279,2025-05-29,MID,P020,2,55.0
V012280,T012279,2025-05-29,MID,P023,2,40.0
V012281,T012279,2025-05-29,MID,P047,2,95.0
V012282,T012282,2025-05-29,MID,P040,2,1450.0
V012283,T012282,2025-05-29,MID,P106,3,55.0
V012284,T012284,2025-05-29,MID,P001,2,145.0
V012285,T012285,2025-05-29,MID,P042,1,28.0
V012286,T012285,2025-05-29,MID,P043,2,18.0
V012287,T012285,2025-05-29,MID,P013,2,45.0
V012288,T012288,2025-05-29,MID,P044,1,22.0
V012289,T012289,2025-05-29,MID,P066,1,55.0
V012290,T012290,2025-05-29,MID,P101,1,35.0
V012291,T012291,2025-05-29,MID,P044,1,22.0
V012292,T012292,2025-05-29,MID,P047,3,95.0
V012293,T012292,2025-05-29,MID,P009,1,85.0
V012294,T012294,2025-05-29,MID,P021,2,85.0
V012295,T012294,2025-05-29,MID,P023,3,40.0
V012296,T012296,2025-05-29,MID,P080,3,280.0
V012297,T012297,2025-05-29,MID,P042,2,28.0
V012298,T012297,2025-05-29,MID,P106,2,55.0
V012299,T012299,2025-05-29,MID,P100,2,1250.0
V012300,T012299,2025-05-29,MID,P102,3,45.0
V012301,T012301,2025-05-29,CHI,P101,2,35.0
V012302,T012301,2025-05-29,CHI,P104,1,95.0
V012303,T012303,2025-05-29,CHI,P046,2,280.0
V012304,T012303,2025-05-29,CHI,P028,2,180.0
V012305,T012305,2025-05-29,CHI,P105,2,145.0
V012306,T012306,2025-05-29,CHI,P041,1,35.0
V012307,T012306,2025-05-29,CHI,P043,2,18.0
V012308,T012308,2025-05-29,CHI,P100,1,1250.0
V012309,T012308,2025-05-29,CHI,P101,2,35.0
V012310,T012308,2025-05-29,CHI,P028,2,180.0
V012311,T012311,2025-05-29,CHI,P082,1,25.0
V012312,T012311,2025-05-29,CHI,P083,2,65.0
V012313,T012313,2025-05-29,CHI,P013,3,45.0
V012314,T012314,2025-05-29,CHI,P040,2,1450.0
V012315,T012315,2025-05-29,CHI,P044,1,22.0
V012316,T012316,2025-05-29,CHI,P006,1,12.0
V012317,T012317,2025-05-29,CHI,P081,1,65.0
V012318,T012317,2025-05-29,CHI,P061,1,165.0
V012319,T012319,2025-05-29,CHI,P022,3,150.0
V012320,T012319,2025-05-29,CHI,P011,1,210.0
V012321,T012321,2025-05-29,CHI,P024,3,6.0
V012322,T012322,2025-05-29,CHI,P041,2,35.0
V012323,T012322,2025-05-29,CHI,P020,1,55.0
V012324,T012324,2025-05-29,CHI,P020,1,55.0
V012325,T012324,2025-05-29,CHI,P023,1,40.0
V012326,T012324,2025-05-29,CHI,P083,2,65.0
V012327,T012327,2025-05-29,CHI,P003,2,8.5
V012328,T012328,2025-05-29,CHI,P030,3,180.0
V012329,T012328,2025-05-29,CHI,P020,2,55.0
V012330,T012330,2025-05-29,CHI,P080,1,280.0
V012331,T012330,2025-05-29,CHI,P060,2,850.0
V012332,T012332,2025-05-29,CDMX,P005,1,65.0
V012333,T012333,2025-05-29,CDMX,P045,1,45.0
V012334,T012333,2025-05-29,CDMX,P106,1,55.0
V012335,T012335,2025-05-29,CDMX,P080,1,280.0
V012336,T012335,2025-05-29,CDMX,P107,1,165.0
V012337,T012337,2025-05-29,CDMX,P020,1,55.0
V012338,T012337,2025-05-29,CDMX,P023,2,40.0
V012339,T012339,2025-05-29,CDMX,P006,2,12.0
V012340,T012340,2025-05-29,CDMX,P042,2,28.0
V012341,T012340,2025-05-29,CDMX,P043,1,18.0
V012342,T012342,2025-05-29,CDMX,P024,2,6.0
V012343,T012343,2025-05-29,CDMX,P100,1,1250.0
V012344,T012343,2025-05-29,CDMX,P020,2,55.0
V012345,T012345,2025-05-29,CDMX,P100,1,1250.0
V012346,T012345,2025-05-29,CDMX,P101,1,35.0
V012347,T012345,2025-05-29,CDMX,P026,3,65.0
V012348,T012348,2025-05-29,CDMX,P063,1,45.0
V012349,T012348,2025-05-29,CDMX,P084,1,18.0
V012350,T012350,2025-05-29,CDMX,P100,2,1250.0
V012351,T012350,2025-05-29,CDMX,P101,1,35.0
V012352,T012350,2025-05-29,CDMX,P041,3,35.0
V012353,T012353,2025-05-29,CDMX,P027,2,320.0
V012354,T012353,2025-05-29,CDMX,P024,1,6.0
V012355,T012355,2025-05-29,CDMX,P045,1,45.0
V012356,T012355,2025-05-29,CDMX,P061,2,165.0
V012357,T012357,2025-05-29,CDMX,P041,1,35.0
V012358,T012357,2025-05-29,CDMX,P043,2,18.0
V012359,T012359,2025-05-29,CDMX,P042,3,28.0
V012360,T012359,2025-05-29,CDMX,P043,1,18.0
V012361,T012359,2025-05-29,CDMX,P025,1,35.0
V012362,T012362,2025-05-29,CDMX,P046,1,280.0
V012363,T012363,2025-05-29,CDMX,P002,1,180.0
V012364,T012364,2025-05-29,MTY,P081,2,65.0
V012365,T012365,2025-05-29,MTY,P100,2,1250.0
V012366,T012365,2025-05-29,MTY,P101,2,35.0
V012367,T012365,2025-05-29,MTY,P028,1,180.0
V012368,T012368,2025-05-29,MTY,P046,3,280.0
V012369,T012368,2025-05-29,MTY,P006,2,12.0
V012370,T012370,2025-05-29,MTY,P008,2,180.0
V012371,T012371,2025-05-29,MTY,P064,1,38.0
V012372,T012371,2025-05-29,MTY,P061,2,165.0
V012373,T012373,2025-05-29,MTY,P041,2,35.0
V012374,T012373,2025-05-29,MTY,P043,3,18.0
V012375,T012373,2025-05-29,MTY,P021,2,85.0
V012376,T012376,2025-05-29,MTY,P026,1,65.0
V012377,T012377,2025-05-29,MTY,P020,1,55.0
V012378,T012378,2025-05-29,MTY,P048,3,180.0
V012379,T012378,2025-05-29,MTY,P026,2,65.0
V012380,T012380,2025-05-29,MTY,P001,1,145.0
V012381,T012380,2025-05-29,MTY,P005,3,65.0
V012382,T012382,2025-05-29,MTY,P041,1,35.0
V012383,T012383,2025-05-29,MTY,P020,1,55.0
V012384,T012383,2025-05-29,MTY,P023,1,40.0
V012385,T012385,2025-05-29,MTY,P045,2,45.0
V012386,T012386,2025-05-29,MTY,P026,2,65.0
V012387,T012386,2025-05-29,MTY,P065,1,30.0
V012388,T012388,2025-05-29,MTY,P021,1,85.0
V012389,T012388,2025-05-29,MTY,P086,2,650.0
V012390,T012390,2025-05-29,MTY,P063,3,45.0
V012391,T012390,2025-05-29,MTY,P060,3,850.0
V012392,T012392,2025-05-29,MTY,P042,2,28.0
V012393,T012392,2025-05-29,MTY,P043,1,18.0
V012394,T012394,2025-05-29,MTY,P048,1,180.0
V012395,T012394,2025-05-29,MTY,P001,2,145.0
V012396,T012396,2025-05-30,CUN,P048,2,180.0
V012397,T012396,2025-05-30,CUN,P060,1,850.0
V012398,T012398,2025-05-30,CUN,P021,1,85.0
V012399,T012398,2025-05-30,CUN,P023,3,40.0
V012400,T012398,2025-05-30,CUN,P065,2,30.0
V012401,T012401,2025-05-30,CUN,P024,1,6.0
V012402,T012402,2025-05-30,CUN,P062,2,320.0
V012403,T012403,2025-05-30,CUN,P100,1,1250.0
V012404,T012404,2025-05-30,CUN,P022,1,150.0
V012405,T012404,2025-05-30,CUN,P023,2,40.0
V012406,T012406,2025-05-30,CUN,P030,1,180.0
V012407,T012406,2025-05-30,CUN,P085,1,980.0
V012408,T012408,2025-05-30,CUN,P066,1,55.0
V012409,T012409,2025-05-30,CUN,P011,1,210.0
V012410,T012409,2025-05-30,CUN,P102,1,45.0
V012411,T012411,2025-05-30,CUN,P065,2,30.0
V012412,T012412,2025-05-30,CUN,P007,1,95.0
V012413,T012413,2025-05-30,CUN,P029,2,95.0
V012414,T012414,2025-05-30,CUN,P001,2,145.0
V012415,T012414,2025-05-30,CUN,P046,1,280.0
V012416,T012416,2025-05-30,CUN,P024,1,6.0
V012417,T012417,2025-05-30,CUN,P083,1,65.0
V012418,T012417,2025-05-30,CUN,P102,1,45.0
V012419,T012419,2025-05-30,CUN,P063,1,45.0
V012420,T012419,2025-05-30,CUN,P060,1,850.0
V012421,T012419,2025-05-30,CUN,P046,1,280.0
V012422,T012422,2025-05-30,MID,P021,2,85.0
V012423,T012422,2025-05-30,MID,P023,1,40.0
V012424,T012424,2025-05-30,MID,P101,2,35.0
V012425,T012425,2025-05-30,MID,P009,1,85.0
V012426,T012426,2025-05-30,MID,P021,1,85.0
V012427,T012426,2025-05-30,MID,P023,2,40.0
V012428,T012428,2025-05-30,MID,P020,1,55.0
V012429,T012428,2025-05-30,MID,P023,1,40.0
V012430,T012430,2025-05-30,MID,P085,1,980.0
V012431,T012430,2025-05-30,MID,P102,2,45.0
V012432,T012432,2025-05-30,MID,P047,1,95.0
V012433,T012433,2025-05-30,MID,P060,1,850.0
V012434,T012434,2025-05-30,MID,P063,1,45.0
V012435,T012434,2025-05-30,MID,P060,1,850.0
V012436,T012436,2025-05-30,MID,P007,1,95.0
V012437,T012436,2025-05-30,MID,P006,2,12.0
V012438,T012438,2025-05-30,MID,P041,1,35.0
V012439,T012438,2025-05-30,MID,P043,2,18.0
V012440,T012440,2025-05-30,MID,P107,1,165.0
V012441,T012440,2025-05-30,MID,P027,2,320.0
V012442,T012442,2025-05-30,CHI,P063,2,45.0
V012443,T012442,2025-05-30,CHI,P060,2,850.0
V012444,T012442,2025-05-30,CHI,P040,2,1450.0
V012445,T012445,2025-05-30,CHI,P006,1,12.0
V012446,T012445,2025-05-30,CHI,P027,1,320.0
V012447,T012447,2025-05-30,CHI,P100,3,1250.0
V012448,T012447,2025-05-30,CHI,P102,2,45.0
V012449,T012447,2025-05-30,CHI,P029,1,95.0
V012450,T012450,2025-05-30,CHI,P023,2,40.0
V012451,T012451,2025-05-30,CHI,P062,1,320.0
V012452,T012452,2025-05-30,CHI,P025,1,35.0
V012453,T012453,2025-05-30,CHI,P107,2,165.0
V012454,T012453,2025-05-30,CHI,P002,1,180.0
V012455,T012455,2025-05-30,CHI,P025,1,35.0
V012456,T012455,2025-05-30,CHI,P024,1,6.0
V012457,T012457,2025-05-30,CHI,P064,1,38.0
V012458,T012457,2025-05-30,CHI,P061,1,165.0
V012459,T012459,2025-05-30,CHI,P065,1,30.0
V012460,T012460,2025-05-30,CHI,P062,2,320.0
V012461,T012461,2025-05-30,CHI,P009,2,85.0
V012462,T012462,2025-05-30,CHI,P028,2,180.0
V012463,T012462,2025-05-30,CHI,P080,3,280.0
V012464,T012464,2025-05-30,CDMX,P024,1,6.0
V012465,T012464,2025-05-30,CDMX,P100,1,1250.0
V012466,T012466,2025-05-30,CDMX,P008,1,180.0
V012467,T012466,2025-05-30,CDMX,P043,1,18.0
V012468,T012468,2025-05-30,CDMX,P104,2,95.0
V012469,T012469,2025-05-30,CDMX,P066,3,55.0
V012470,T012469,2025-05-30,CDMX,P041,1,35.0
V012471,T012471,2025-05-30,CDMX,P030,1,180.0
V012472,T012472,2025-05-30,CDMX,P026,3,65.0
V012473,T012473,2025-05-30,CDMX,P012,3,980.0
V012474,T012473,2025-05-30,CDMX,P008,2,180.0
V012475,T012475,2025-05-30,CDMX,P064,2,38.0
V012476,T012475,2025-05-30,CDMX,P061,1,165.0
V012477,T012477,2025-05-30,CDMX,P063,1,45.0
V012478,T012477,2025-05-30,CDMX,P060,1,850.0
V012479,T012479,2025-05-30,CDMX,P102,2,45.0
V012480,T012479,2025-05-30,CDMX,P029,3,95.0
V012481,T012481,2025-05-30,CDMX,P040,1,1450.0
V012482,T012481,2025-05-30,CDMX,P081,2,65.0
V012483,T012483,2025-05-30,CDMX,P100,1,1250.0
V012484,T012483,2025-05-30,CDMX,P101,1,35.0
V012485,T012483,2025-05-30,CDMX,P013,1,45.0
V012486,T012486,2025-05-30,CDMX,P084,1,18.0
V012487,T012487,2025-05-30,CDMX,P020,1,55.0
V012488,T012487,2025-05-30,CDMX,P023,1,40.0
V012489,T012489,2025-05-30,CDMX,P103,1,120.0
V012490,T012489,2025-05-30,CDMX,P028,1,180.0
V012491,T012491,2025-05-30,MTY,P012,2,980.0
V012492,T012492,2025-05-30,MTY,P082,3,25.0
V012493,T012492,2025-05-30,MTY,P028,2,180.0
V012494,T012494,2025-05-30,MTY,P101,2,35.0
V012495,T012494,2025-05-30,MTY,P043,2,18.0
V012496,T012496,2025-05-30,MTY,P005,3,65.0
V012497,T012497,2025-05-30,MTY,P002,3,180.0
V012498,T012498,2025-05-30,MTY,P041,1,35.0
V012499,T012498,2025-05-30,MTY,P043,3,18.0
V012500,T012498,2025-05-30,MTY,P006,2,12.0
V012501,T012501,2025-05-30,MTY,P102,2,45.0
V012502,T012501,2025-05-30,MTY,P060,2,850.0
V012503,T012503,2025-05-30,MTY,P021,1,85.0
V012504,T012503,2025-05-30,MTY,P028,2,180.0
V012505,T012505,2025-05-30,MTY,P022,3,150.0
V012506,T012506,2025-05-30,MTY,P003,2,8.5
V012507,T012507,2025-05-30,MTY,P061,1,165.0
V012508,T012507,2025-05-30,MTY,P063,1,45.0
V012509,T012509,2025-05-30,MTY,P007,1,95.0
V012510,T012509,2025-05-30,MTY,P028,1,180.0
V012511,T012511,2025-05-30,MTY,P064,3,38.0
V012512,T012511,2025-05-30,MTY,P061,1,165.0
V012513,T012511,2025-05-30,MTY,P003,3,8.5
V012514,T012514,2025-05-30,MTY,P022,2,150.0
V012515,T012515,2025-05-30,MTY,P047,1,95.0
V012516,T012516,2025-05-30,MTY,P082,1,25.0
V012517,T012517,2025-05-30,MTY,P080,3,280.0
V012518,T012517,2025-05-30,MTY,P011,1,210.0
V012519,T012519,2025-05-30,MTY,P066,2,55.0
V012520,T012519,2025-05-30,MTY,P024,2,6.0
V012521,T012521,2025-05-30,MTY,P064,2,38.0
V012522,T012521,2025-05-30,MTY,P061,2,165.0
V012523,T012523,2025-05-30,MTY,P042,1,28.0
V012524,T012523,2025-05-30,MTY,P043,3,18.0
V012525,T012525,2025-05-30,MTY,P041,1,35.0
V012526,T012525,2025-05-30,MTY,P043,1,18.0
V012527,T012525,2025-05-30,MTY,P064,1,38.0
V012528,T012528,2025-05-30,MTY,P041,1,35.0
V012529,T012529,2025-05-31,CUN,P026,2,65.0
V012530,T012529,2025-05-31,CUN,P003,3,8.5
V012531,T012531,2025-05-31,CUN,P102,1,45.0
V012532,T012532,2025-05-31,CUN,P065,2,30.0
V012533,T012533,2025-05-31,CUN,P063,3,45.0
V012534,T012533,2025-05-31,CUN,P060,3,850.0
V012535,T012535,2025-05-31,CUN,P044,1,22.0
V012536,T012536,2025-05-31,CUN,P022,3,150.0
V012537,T012536,2025-05-31,CUN,P023,1,40.0
V012538,T012536,2025-05-31,CUN,P045,1,45.0
V012539,T012539,2025-05-31,CUN,P023,2,40.0
V012540,T012539,2025-05-31,CUN,P046,2,280.0
V012541,T012541,2025-05-31,CUN,P022,2,150.0
V012542,T012541,2025-05-31,CUN,P027,2,320.0
V012543,T012543,2025-05-31,CUN,P022,1,150.0
V012544,T012543,2025-05-31,CUN,P023,3,40.0
V012545,T012543,2025-05-31,CUN,P024,2,6.0
V012546,T012546,2025-05-31,CUN,P064,2,38.0
V012547,T012547,2025-05-31,CUN,P104,2,95.0
V012548,T012547,2025-05-31,CUN,P066,2,55.0
V012549,T012549,2025-05-31,CUN,P001,2,145.0
V012550,T012550,2025-05-31,CUN,P022,1,150.0
V012551,T012550,2025-05-31,CUN,P023,1,40.0
V012552,T012552,2025-05-31,CUN,P081,3,65.0
V012553,T012553,2025-05-31,CUN,P064,1,38.0
V012554,T012553,2025-05-31,CUN,P061,1,165.0
V012555,T012555,2025-05-31,CUN,P021,3,85.0
V012556,T012555,2025-05-31,CUN,P022,2,150.0
V012557,T012557,2025-05-31,CUN,P004,3,6.0
V012558,T012558,2025-05-31,CUN,P020,2,55.0
V012559,T012559,2025-05-31,CUN,P085,2,980.0
V012560,T012560,2025-05-31,MID,P022,1,150.0
V012561,T012560,2025-05-31,MID,P023,1,40.0
V012562,T012562,2025-05-31,MID,P083,1,65.0
V012563,T012563,2025-05-31,MID,P044,3,22.0
V012564,T012564,2025-05-31,MID,P103,2,120.0
V012565,T012565,2025-05-31,MID,P062,1,320.0
V012566,T012566,2025-05-31,MID,P028,2,180.0
V012567,T012566,2025-05-31,MID,P065,3,30.0
V012568,T012568,2025-05-31,MID,P081,2,65.0
V012569,T012568,2025-05-31,MID,P048,1,180.0
V012570,T012570,2025-05-31,MID,P064,1,38.0
V012571,T012570,2025-05-31,MID,P061,2,165.0
V012572,T012572,2025-05-31,MID,P064,1,38.0
V012573,T012572,2025-05-31,MID,P061,1,165.0
V012574,T012572,2025-05-31,MID,P106,1,55.0
V012575,T012575,2025-05-31,MID,P012,1,980.0
V012576,T012575,2025-05-31,MID,P025,3,35.0
V012577,T012577,2025-05-31,MID,P044,1,22.0
V012578,T012577,2025-05-31,MID,P063,1,45.0
V012579,T012579,2025-05-31,MID,P063,2,45.0
V012580,T012579,2025-05-31,MID,P060,2,850.0
V012581,T012579,2025-05-31,MID,P046,1,280.0
V012582,T012582,2025-05-31,MID,P082,1,25.0
V012583,T012582,2025-05-31,MID,P027,3,320.0
V012584,T012584,2025-05-31,CHI,P063,2,45.0
V012585,T012584,2025-05-31,CHI,P060,1,850.0
V012586,T012586,2025-05-31,CHI,P021,1,85.0
V012587,T012586,2025-05-31,CHI,P023,1,40.0
V012588,T012588,2025-05-31,CHI,P085,2,980.0
V012589,T012589,2025-05-31,CHI,P042,1,28.0
V012590,T012590,2025-05-31,CHI,P100,3,1250.0
V012591,T012590,2025-05-31,CHI,P101,3,35.0
V012592,T012592,2025-05-31,CHI,P042,1,28.0
V012593,T012592,2025-05-31,CHI,P043,1,18.0
V012594,T012592,2025-05-31,CHI,P013,2,45.0
V012595,T012595,2025-05-31,CHI,P100,1,1250.0
V012596,T012595,2025-05-31,CHI,P102,3,45.0
V012597,T012597,2025-05-31,CHI,P003,2,8.5
V012598,T012597,2025-05-31,CHI,P009,1,85.0
V012599,T012599,2025-05-31,CHI,P029,1,95.0
V012600,T012599,2025-05-31,CHI,P086,2,650.0
V012601,T012601,2025-05-31,CDMX,P030,1,180.0
V012602,T012602,2025-05-31,CDMX,P022,1,150.0
V012603,T012602,2025-05-31,CDMX,P023,2,40.0
V012604,T012602,2025-05-31,CDMX,P064,2,38.0
V012605,T012605,2025-05-31,CDMX,P008,1,180.0
V012606,T012606,2025-05-31,CDMX,P100,1,1250.0
V012607,T012606,2025-05-31,CDMX,P102,1,45.0
V012608,T012608,2025-05-31,CDMX,P001,2,145.0
V012609,T012609,2025-05-31,CDMX,P100,1,1250.0
V012610,T012610,2025-05-31,CDMX,P064,1,38.0
V012611,T012610,2025-05-31,CDMX,P061,1,165.0
V012612,T012610,2025-05-31,CDMX,P048,1,180.0
V012613,T012613,2025-05-31,CDMX,P024,2,6.0
V012614,T012613,2025-05-31,CDMX,P104,1,95.0
V012615,T012615,2025-05-31,CDMX,P100,1,1250.0
V012616,T012615,2025-05-31,CDMX,P101,1,35.0
V012617,T012615,2025-05-31,CDMX,P086,1,650.0
V012618,T012618,2025-05-31,CDMX,P022,1,150.0
V012619,T012618,2025-05-31,CDMX,P023,1,40.0
V012620,T012618,2025-05-31,CDMX,P021,2,85.0
V012621,T012621,2025-05-31,CDMX,P029,1,95.0
V012622,T012621,2025-05-31,CDMX,P003,1,8.5
V012623,T012623,2025-05-31,CDMX,P082,1,25.0
V012624,T012623,2025-05-31,CDMX,P002,1,180.0
V012625,T012625,2025-05-31,CDMX,P028,1,180.0
V012626,T012625,2025-05-31,CDMX,P029,1,95.0
V012627,T012627,2025-05-31,CDMX,P041,2,35.0
V012628,T012628,2025-05-31,CDMX,P010,1,120.0
V012629,T012628,2025-05-31,CDMX,P025,1,35.0
V012630,T012630,2025-05-31,CDMX,P029,3,95.0
V012631,T012631,2025-05-31,CDMX,P062,1,320.0
V012632,T012631,2025-05-31,CDMX,P029,1,95.0
V012633,T012633,2025-05-31,CDMX,P005,1,65.0
V012634,T012634,2025-05-31,CDMX,P100,3,1250.0
V012635,T012634,2025-05-31,CDMX,P102,2,45.0
V012636,T012634,2025-05-31,CDMX,P028,1,180.0
V012637,T012637,2025-05-31,CDMX,P022,2,150.0
V012638,T012637,2025-05-31,CDMX,P082,1,25.0
V012639,T012639,2025-05-31,CDMX,P021,1,85.0
V012640,T012639,2025-05-31,CDMX,P100,2,1250.0
V012641,T012641,2025-05-31,MTY,P084,2,18.0
V012642,T012641,2025-05-31,MTY,P006,1,12.0
V012643,T012643,2025-05-31,MTY,P004,2,6.0
V012644,T012644,2025-05-31,MTY,P022,3,150.0
V012645,T012644,2025-05-31,MTY,P023,2,40.0
V012646,T012646,2025-05-31,MTY,P022,1,150.0
V012647,T012646,2025-05-31,MTY,P023,2,40.0
V012648,T012646,2025-05-31,MTY,P028,3,180.0
V012649,T012649,2025-05-31,MTY,P028,3,180.0
V012650,T012650,2025-05-31,MTY,P021,1,85.0
V012651,T012650,2025-05-31,MTY,P023,3,40.0
V012652,T012652,2025-05-31,MTY,P021,3,85.0
V012653,T012652,2025-05-31,MTY,P023,1,40.0
V012654,T012654,2025-05-31,MTY,P042,1,28.0
V012655,T012654,2025-05-31,MTY,P043,1,18.0
V012656,T012656,2025-05-31,MTY,P041,1,35.0
V012657,T012656,2025-05-31,MTY,P043,3,18.0
V012658,T012656,2025-05-31,MTY,P028,1,180.0
V012659,T012659,2025-05-31,MTY,P064,1,38.0
V012660,T012659,2025-05-31,MTY,P061,2,165.0
V012661,T012659,2025-05-31,MTY,P020,3,55.0
V012662,T012662,2025-05-31,MTY,P084,1,18.0
V012663,T012662,2025-05-31,MTY,P040,1,1450.0
V012664,T012664,2025-05-31,MTY,P061,1,165.0
V012665,T012665,2025-06-01,CUN,P023,1,40.0
V012666,T012665,2025-06-01,CUN,P103,3,120.0
V012667,T012667,2025-06-01,CUN,P007,1,95.0
V012668,T012668,2025-06-01,CUN,P100,1,1250.0
V012669,T012668,2025-06-01,CUN,P005,1,65.0
V012670,T012670,2025-06-01,CUN,P066,1,55.0
V012671,T012670,2025-06-01,CUN,P101,1,35.0
V012672,T012672,2025-06-01,CUN,P080,3,280.0
V012673,T012673,2025-06-01,CUN,P044,2,22.0
V012674,T012674,2025-06-01,CUN,P006,1,12.0
V012675,T012674,2025-06-01,CUN,P040,1,1450.0
V012676,T012676,2025-06-01,CUN,P047,1,95.0
V012677,T012677,2025-06-01,CUN,P102,1,45.0
V012678,T012678,2025-06-01,CUN,P005,3,65.0
V012679,T012679,2025-06-01,CUN,P063,2,45.0
V012680,T012679,2025-06-01,CUN,P060,1,850.0
V012681,T012681,2025-06-01,CUN,P065,1,30.0
V012682,T012682,2025-06-01,CUN,P021,2,85.0
V012683,T012682,2025-06-01,CUN,P023,1,40.0
V012684,T012682,2025-06-01,CUN,P022,3,150.0
V012685,T012685,2025-06-01,CUN,P060,1,850.0
V012686,T012686,2025-06-01,MID,P064,3,38.0
V012687,T012686,2025-06-01,MID,P061,1,165.0
V012688,T012688,2025-06-01,MID,P029,3,95.0
V012689,T012689,2025-06-01,MID,P041,1,35.0
V012690,T012689,2025-06-01,MID,P043,2,18.0
V012691,T012691,2025-06-01,MID,P100,2,1250.0
V012692,T012691,2025-06-01,MID,P101,1,35.0
V012693,T012693,2025-06-01,MID,P042,2,28.0
V012694,T012693,2025-06-01,MID,P043,2,18.0
V012695,T012693,2025-06-01,MID,P085,3,980.0
V012696,T012696,2025-06-01,MID,P022,3,150.0
V012697,T012696,2025-06-01,MID,P023,1,40.0
V012698,T012698,2025-06-01,MID,P064,1,38.0
V012699,T012699,2025-06-01,MID,P005,1,65.0
V012700,T012700,2025-06-01,MID,P064,1,38.0
V012701,T012700,2025-06-01,MID,P061,3,165.0
V012702,T012702,2025-06-01,MID,P041,3,35.0
V012703,T012702,2025-06-01,MID,P043,1,18.0
V012704,T012702,2025-06-01,MID,P001,2,145.0
V012705,T012705,2025-06-01,MID,P020,1,55.0
V012706,T012705,2025-06-01,MID,P023,3,40.0
V012707,T012707,2025-06-01,MID,P004,1,6.0
V012708,T012708,2025-06-01,MID,P041,2,35.0
V012709,T012709,2025-06-01,MID,P100,2,1250.0
V012710,T012709,2025-06-01,MID,P102,1,45.0
V012711,T012709,2025-06-01,MID,P084,1,18.0
V012712,T012712,2025-06-01,MID,P100,1,1250.0
V012713,T012712,2025-06-01,MID,P101,1,35.0
V012714,T012712,2025-06-01,MID,P027,1,320.0
V012715,T012715,2025-06-01,MID,P043,3,18.0
V012716,T012716,2025-06-01,MID,P041,2,35.0
V012717,T012716,2025-06-01,MID,P003,2,8.5
V012718,T012718,2025-06-01,MID,P063,1,45.0
V012719,T012718,2025-06-01,MID,P060,2,850.0
V012720,T012720,2025-06-01,MID,P063,2,45.0
V012721,T012721,2025-06-01,CHI,P020,1,55.0
V012722,T012721,2025-06-01,CHI,P023,1,40.0
V012723,T012721,2025-06-01,CHI,P084,1,18.0
V012724,T012724,2025-06-01,CHI,P024,3,6.0
V012725,T012725,2025-06-01,CHI,P029,1,95.0
V012726,T012725,2025-06-01,CHI,P042,2,28.0
V012727,T012727,2025-06-01,CHI,P024,3,6.0
V012728,T012728,2025-06-01,CHI,P080,1,280.0
V012729,T012728,2025-06-01,CHI,P028,2,180.0
V012730,T012730,2025-06-01,CHI,P021,2,85.0
V012731,T012730,2025-06-01,CHI,P023,2,40.0
V012732,T012730,2025-06-01,CHI,P042,1,28.0
V012733,T012733,2025-06-01,CHI,P065,2,30.0
V012734,T012733,2025-06-01,CHI,P100,2,1250.0
V012735,T012735,2025-06-01,CHI,P028,1,180.0
V012736,T012736,2025-06-01,CHI,P041,2,35.0
V012737,T012736,2025-06-01,CHI,P043,2,18.0
V012738,T012736,2025-06-01,CHI,P048,1,180.0
V012739,T012739,2025-06-01,CHI,P022,1,150.0
V012740,T012739,2025-06-01,CHI,P023,2,40.0
V012741,T012741,2025-06-01,CHI,P064,2,38.0
V012742,T012741,2025-06-01,CHI,P061,3,165.0
V012743,T012743,2025-06-01,CHI,P010,2,120.0
V012744,T012743,2025-06-01,CHI,P041,1,35.0
V012745,T012745,2025-06-01,CHI,P064,1,38.0
V012746,T012746,2025-06-01,CHI,P001,1,145.0
V012747,T012747,2025-06-01,CHI,P046,1,280.0
V012748,T012748,2025-06-01,CHI,P064,2,38.0
V012749,T012748,2025-06-01,CHI,P061,3,165.0
V012750,T012750,2025-06-01,CHI,P046,1,280.0
V012751,T012750,2025-06-01,CHI,P020,1,55.0
V012752,T012752,2025-06-01,CHI,P011,1,210.0
V012753,T012752,2025-06-01,CHI,P048,2,180.0
V012754,T012754,2025-06-01,CHI,P023,1,40.0
V012755,T012754,2025-06-01,CHI,P007,2,95.0
V012756,T012756,2025-06-01,CHI,P041,2,35.0
V012757,T012756,2025-06-01,CHI,P043,1,18.0
V012758,T012756,2025-06-01,CHI,P028,2,180.0
V012759,T012759,2025-06-01,CHI,P104,1,95.0
V012760,T012759,2025-06-01,CHI,P047,2,95.0
V012761,T012761,2025-06-01,CDMX,P043,1,18.0
V012762,T012761,2025-06-01,CDMX,P104,2,95.0
V012763,T012763,2025-06-01,CDMX,P083,2,65.0
V012764,T012764,2025-06-01,CDMX,P005,3,65.0
V012765,T012764,2025-06-01,CDMX,P041,2,35.0
V012766,T012766,2025-06-01,CDMX,P102,1,45.0
V012767,T012767,2025-06-01,CDMX,P020,1,55.0
V012768,T012767,2025-06-01,CDMX,P008,1,180.0
V012769,T012769,2025-06-01,CDMX,P063,3,45.0
V012770,T012769,2025-06-01,CDMX,P060,1,850.0
V012771,T012769,2025-06-01,CDMX,P021,1,85.0
V012772,T012772,2025-06-01,CDMX,P047,1,95.0
V012773,T012772,2025-06-01,CDMX,P086,2,650.0
V012774,T012774,2025-06-01,CDMX,P042,3,28.0
V012775,T012774,2025-06-01,CDMX,P043,1,18.0
V012776,T012776,2025-06-01,CDMX,P060,2,850.0
V012777,T012777,2025-06-01,CDMX,P042,2,28.0
V012778,T012777,2025-06-01,CDMX,P043,2,18.0
V012779,T012777,2025-06-01,CDMX,P047,2,95.0
V012780,T012780,2025-06-01,CDMX,P103,2,120.0
V012781,T012780,2025-06-01,CDMX,P001,2,145.0
V012782,T012782,2025-06-01,CDMX,P020,1,55.0
V012783,T012782,2025-06-01,CDMX,P023,2,40.0
V012784,T012782,2025-06-01,CDMX,P080,3,280.0
V012785,T012785,2025-06-01,CDMX,P024,1,6.0
V012786,T012786,2025-06-01,CDMX,P005,2,65.0
V012787,T012786,2025-06-01,CDMX,P009,3,85.0
V012788,T012788,2025-06-01,CDMX,P023,1,40.0
V012789,T012789,2025-06-01,CDMX,P022,1,150.0
V012790,T012789,2025-06-01,CDMX,P023,2,40.0
V012791,T012789,2025-06-01,CDMX,P106,1,55.0
V012792,T012792,2025-06-01,CDMX,P080,2,280.0
V012793,T012793,2025-06-01,CDMX,P066,1,55.0
V012794,T012794,2025-06-01,MTY,P080,1,280.0
V012795,T012795,2025-06-01,MTY,P027,2,320.0
V012796,T012795,2025-06-01,MTY,P025,3,35.0
V012797,T012797,2025-06-01,MTY,P021,1,85.0
V012798,T012797,2025-06-01,MTY,P023,1,40.0
V012799,T012797,2025-06-01,MTY,P042,2,28.0
V012800,T012800,2025-06-01,MTY,P001,2,145.0
V012801,T012801,2025-06-01,MTY,P022,1,150.0
V012802,T012801,2025-06-01,MTY,P023,1,40.0
V012803,T012801,2025-06-01,MTY,P024,1,6.0
V012804,T012804,2025-06-01,MTY,P002,1,180.0
V012805,T012805,2025-06-01,MTY,P028,2,180.0
V012806,T012806,2025-06-01,MTY,P084,2,18.0
V012807,T012806,2025-06-01,MTY,P062,1,320.0
V012808,T012808,2025-06-01,MTY,P021,1,85.0
V012809,T012808,2025-06-01,MTY,P023,3,40.0
V012810,T012810,2025-06-01,MTY,P042,2,28.0
V012811,T012810,2025-06-01,MTY,P043,1,18.0
V012812,T012810,2025-06-01,MTY,P103,1,120.0
V012813,T012813,2025-06-02,CUN,P086,2,650.0
V012814,T012814,2025-06-02,CUN,P041,2,35.0
V012815,T012814,2025-06-02,CUN,P043,1,18.0
V012816,T012816,2025-06-02,CUN,P063,1,45.0
V012817,T012816,2025-06-02,CUN,P060,1,850.0
V012818,T012816,2025-06-02,CUN,P021,1,85.0
V012819,T012819,2025-06-02,CUN,P100,1,1250.0
V012820,T012819,2025-06-02,CUN,P020,1,55.0
V012821,T012821,2025-06-02,CUN,P021,2,85.0
V012822,T012821,2025-06-02,CUN,P023,2,40.0
V012823,T012821,2025-06-02,CUN,P029,1,95.0
V012824,T012824,2025-06-02,CUN,P028,1,180.0
V012825,T012824,2025-06-02,CUN,P060,2,850.0
V012826,T012826,2025-06-02,CUN,P028,3,180.0
V012827,T012826,2025-06-02,CUN,P021,1,85.0
V012828,T012828,2025-06-02,CUN,P030,1,180.0
V012829,T012829,2025-06-02,CUN,P063,2,45.0
V012830,T012829,2025-06-02,CUN,P060,1,850.0
V012831,T012831,2025-06-02,CUN,P064,1,38.0
V012832,T012831,2025-06-02,CUN,P061,2,165.0
V012833,T012833,2025-06-02,CUN,P021,3,85.0
V012834,T012833,2025-06-02,CUN,P023,2,40.0
V012835,T012835,2025-06-02,CUN,P063,3,45.0
V012836,T012835,2025-06-02,CUN,P027,1,320.0
V012837,T012837,2025-06-02,CUN,P011,1,210.0
V012838,T012837,2025-06-02,CUN,P046,3,280.0
V012839,T012839,2025-06-02,CUN,P081,2,65.0
V012840,T012839,2025-06-02,CUN,P046,1,280.0
V012841,T012841,2025-06-02,CUN,P025,1,35.0
V012842,T012841,2025-06-02,CUN,P001,1,145.0
V012843,T012843,2025-06-02,MID,P030,2,180.0
V012844,T012844,2025-06-02,MID,P064,1,38.0
V012845,T012844,2025-06-02,MID,P009,2,85.0
V012846,T012846,2025-06-02,MID,P020,1,55.0
V012847,T012846,2025-06-02,MID,P023,3,40.0
V012848,T012848,2025-06-02,MID,P100,1,1250.0
V012849,T012848,2025-06-02,MID,P101,2,35.0
V012850,T012848,2025-06-02,MID,P004,2,6.0
V012851,T012851,2025-06-02,MID,P084,2,18.0
V012852,T012851,2025-06-02,MID,P047,2,95.0
V012853,T012853,2025-06-02,MID,P041,2,35.0
V012854,T012853,2025-06-02,MID,P047,1,95.0
V012855,T012855,2025-06-02,MID,P010,2,120.0
V012856,T012855,2025-06-02,MID,P104,1,95.0
V012857,T012857,2025-06-02,MID,P064,2,38.0
V012858,T012857,2025-06-02,MID,P061,1,165.0
V012859,T012859,2025-06-02,MID,P026,3,65.0
V012860,T012860,2025-06-02,MID,P008,1,180.0
V012861,T012861,2025-06-02,MID,P022,2,150.0
V012862,T012861,2025-06-02,MID,P023,3,40.0
V012863,T012863,2025-06-02,MID,P021,1,85.0
V012864,T012863,2025-06-02,MID,P023,1,40.0
V012865,T012863,2025-06-02,MID,P005,1,65.0
V012866,T012866,2025-06-02,MID,P064,2,38.0
V012867,T012866,2025-06-02,MID,P061,1,165.0
V012868,T012868,2025-06-02,MID,P022,3,150.0
V012869,T012868,2025-06-02,MID,P046,1,280.0
V012870,T012870,2025-06-02,MID,P010,3,120.0
V012871,T012871,2025-06-02,MID,P041,1,35.0
V012872,T012871,2025-06-02,MID,P027,3,320.0
V012873,T012873,2025-06-02,MID,P022,1,150.0
V012874,T012873,2025-06-02,MID,P023,1,40.0
V012875,T012873,2025-06-02,MID,P010,1,120.0
V012876,T012876,2025-06-02,MID,P064,2,38.0
V012877,T012876,2025-06-02,MID,P061,2,165.0
V012878,T012876,2025-06-02,MID,P004,2,6.0
V012879,T012879,2025-06-02,MID,P022,3,150.0
V012880,T012879,2025-06-02,MID,P023,1,40.0
V012881,T012881,2025-06-02,MID,P080,3,280.0
V012882,T012882,2025-06-02,MID,P061,2,165.0
V012883,T012882,2025-06-02,MID,P063,3,45.0
V012884,T012884,2025-06-02,CHI,P026,2,65.0
V012885,T012884,2025-06-02,CHI,P044,2,22.0
V012886,T012886,2025-06-02,CHI,P005,1,65.0
V012887,T012886,2025-06-02,CHI,P062,1,320.0
V012888,T012888,2025-06-02,CHI,P004,3,6.0
V012889,T012888,2025-06-02,CHI,P086,1,650.0
V012890,T012890,2025-06-02,CHI,P030,1,180.0
V012891,T012891,2025-06-02,CHI,P105,2,145.0
V012892,T012892,2025-06-02,CHI,P047,1,95.0
V012893,T012893,2025-06-02,CHI,P100,1,1250.0
V012894,T012893,2025-06-02,CHI,P101,1,35.0
V012895,T012895,2025-06-02,CHI,P064,2,38.0
V012896,T012895,2025-06-02,CHI,P061,3,165.0
V012897,T012895,2025-06-02,CHI,P101,3,35.0
V012898,T012898,2025-06-02,CHI,P064,2,38.0
V012899,T012899,2025-06-02,CHI,P064,3,38.0
V012900,T012899,2025-06-02,CHI,P061,3,165.0
V012901,T012901,2025-06-02,CHI,P100,2,1250.0
V012902,T012901,2025-06-02,CHI,P102,3,45.0
V012903,T012901,2025-06-02,CHI,P012,1,980.0
V012904,T012904,2025-06-02,CHI,P011,2,210.0
V012905,T012905,2025-06-02,CHI,P040,3,1450.0
V012906,T012906,2025-06-02,CHI,P102,2,45.0
V012907,T012907,2025-06-02,CDMX,P002,1,180.0
V012908,T012907,2025-06-02,CDMX,P107,1,165.0
V012909,T012909,2025-06-02,CDMX,P041,3,35.0
V012910,T012909,2025-06-02,CDMX,P043,1,18.0
V012911,T012909,2025-06-02,CDMX,P103,1,120.0
V012912,T012912,2025-06-02,CDMX,P065,1,30.0
V012913,T012912,2025-06-02,CDMX,P020,3,55.0
V012914,T012914,2025-06-02,CDMX,P064,3,38.0
V012915,T012915,2025-06-02,CDMX,P041,2,35.0
V012916,T012915,2025-06-02,CDMX,P043,3,18.0
V012917,T012915,2025-06-02,CDMX,P025,1,35.0
V012918,T012918,2025-06-02,CDMX,P100,3,1250.0
V012919,T012918,2025-06-02,CDMX,P101,1,35.0
V012920,T012920,2025-06-02,CDMX,P030,1,180.0
V012921,T012920,2025-06-02,CDMX,P045,2,45.0
V012922,T012922,2025-06-02,CDMX,P064,2,38.0
V012923,T012922,2025-06-02,CDMX,P061,2,165.0
V012924,T012922,2025-06-02,CDMX,P028,2,180.0
V012925,T012925,2025-06-02,CDMX,P042,2,28.0
V012926,T012925,2025-06-02,CDMX,P005,1,65.0
V012927,T012927,2025-06-02,CDMX,P064,1,38.0
V012928,T012927,2025-06-02,CDMX,P060,2,850.0
V012929,T012929,2025-06-02,CDMX,P063,1,45.0
V012930,T012929,2025-06-02,CDMX,P060,2,850.0
V012931,T012929,2025-06-02,CDMX,P011,1,210.0
V012932,T012932,2025-06-02,CDMX,P041,1,35.0
V012933,T012932,2025-06-02,CDMX,P043,3,18.0
V012934,T012934,2025-06-02,CDMX,P063,1,45.0
V012935,T012934,2025-06-02,CDMX,P060,1,850.0
V012936,T012936,2025-06-02,CDMX,P064,1,38.0
V012937,T012936,2025-06-02,CDMX,P061,3,165.0
V012938,T012938,2025-06-02,CDMX,P007,1,95.0
V012939,T012938,2025-06-02,CDMX,P029,1,95.0
V012940,T012940,2025-06-02,CDMX,P041,2,35.0
V012941,T012940,2025-06-02,CDMX,P043,1,18.0
V012942,T012942,2025-06-02,CDMX,P062,1,320.0
V012943,T012943,2025-06-02,CDMX,P023,1,40.0
V012944,T012943,2025-06-02,CDMX,P020,1,55.0
V012945,T012945,2025-06-02,MTY,P064,2,38.0
V012946,T012945,2025-06-02,MTY,P061,2,165.0
V012947,T012947,2025-06-02,MTY,P045,1,45.0
V012948,T012948,2025-06-02,MTY,P013,3,45.0
V012949,T012949,2025-06-02,MTY,P100,2,1250.0
V012950,T012949,2025-06-02,MTY,P102,1,45.0
V012951,T012949,2025-06-02,MTY,P043,2,18.0
V012952,T012952,2025-06-02,MTY,P081,1,65.0
V012953,T012953,2025-06-02,MTY,P013,3,45.0
V012954,T012954,2025-06-02,MTY,P022,1,150.0
V012955,T012954,2025-06-02,MTY,P023,1,40.0
V012956,T012956,2025-06-02,MTY,P044,2,22.0
V012957,T012957,2025-06-02,MTY,P101,1,35.0
V012958,T012958,2025-06-02,MTY,P042,1,28.0
V012959,T012958,2025-06-02,MTY,P043,1,18.0
V012960,T012960,2025-06-02,MTY,P007,2,95.0
V012961,T012961,2025-06-03,CUN,P007,3,95.0
V012962,T012962,2025-06-03,CUN,P103,1,120.0
V012963,T012963,2025-06-03,CUN,P002,2,180.0
V012964,T012963,2025-06-03,CUN,P083,1,65.0
V012965,T012965,2025-06-03,CUN,P002,2,180.0
V012966,T012965,2025-06-03,CUN,P030,1,180.0
V012967,T012967,2025-06-03,CUN,P083,1,65.0
V012968,T012967,2025-06-03,CUN,P004,2,6.0
V012969,T012969,2025-06-03,CUN,P021,1,85.0
V012970,T012969,2025-06-03,CUN,P023,2,40.0
V012971,T012971,2025-06-03,CUN,P020,2,55.0
V012972,T012971,2025-06-03,CUN,P023,1,40.0
V012973,T012973,2025-06-03,CUN,P062,3,320.0
V012974,T012973,2025-06-03,CUN,P040,1,1450.0
V012975,T012975,2025-06-03,CUN,P021,2,85.0
V012976,T012975,2025-06-03,CUN,P023,1,40.0
V012977,T012975,2025-06-03,CUN,P046,1,280.0
V012978,T012978,2025-06-03,CUN,P002,3,180.0
V012979,T012978,2025-06-03,CUN,P048,2,180.0
V012980,T012980,2025-06-03,CUN,P041,1,35.0
V012981,T012980,2025-06-03,CUN,P043,2,18.0
V012982,T012980,2025-06-03,CUN,P009,1,85.0
V012983,T012983,2025-06-03,CUN,P020,1,55.0
V012984,T012983,2025-06-03,CUN,P023,2,40.0
V012985,T012985,2025-06-03,CUN,P020,1,55.0
V012986,T012985,2025-06-03,CUN,P023,1,40.0
V012987,T012987,2025-06-03,CUN,P063,2,45.0
V012988,T012987,2025-06-03,CUN,P060,2,850.0
V012989,T012987,2025-06-03,CUN,P105,1,145.0
V012990,T012990,2025-06-03,CUN,P100,1,1250.0
V012991,T012990,2025-06-03,CUN,P101,3,35.0
V012992,T012992,2025-06-03,CUN,P083,2,65.0
V012993,T012992,2025-06-03,CUN,P105,3,145.0
V012994,T012994,2025-06-03,MID,P021,1,85.0
V012995,T012994,2025-06-03,MID,P023,3,40.0
V012996,T012994,2025-06-03,MID,P081,2,65.0
V012997,T012997,2025-06-03,MID,P065,2,30.0
V012998,T012998,2025-06-03,MID,P062,2,320.0
V012999,T012998,2025-06-03,MID,P046,2,280.0
V013000,T013000,2025-06-03,MID,P100,1,1250.0
V013001,T013000,2025-06-03,MID,P027,1,320.0
V013002,T013002,2025-06-03,MID,P045,1,45.0
V013003,T013003,2025-06-03,MID,P065,2,30.0
V013004,T013004,2025-06-03,MID,P021,3,85.0
V013005,T013005,2025-06-03,MID,P011,1,210.0
V013006,T013005,2025-06-03,MID,P044,1,22.0
V013007,T013007,2025-06-03,MID,P021,1,85.0
V013008,T013007,2025-06-03,MID,P023,1,40.0
V013009,T013009,2025-06-03,MID,P042,1,28.0
V013010,T013010,2025-06-03,MID,P103,1,120.0
V013011,T013010,2025-06-03,MID,P064,1,38.0
V013012,T013012,2025-06-03,MID,P083,2,65.0
V013013,T013012,2025-06-03,MID,P106,3,55.0
V013014,T013014,2025-06-03,MID,P012,1,980.0
V013015,T013014,2025-06-03,MID,P048,1,180.0
V013016,T013016,2025-06-03,MID,P104,1,95.0
V013017,T013016,2025-06-03,MID,P027,2,320.0
V013018,T013018,2025-06-03,MID,P100,1,1250.0
V013019,T013018,2025-06-03,MID,P102,3,45.0
V013020,T013020,2025-06-03,CHI,P003,1,8.5
V013021,T013020,2025-06-03,CHI,P023,2,40.0
V013022,T013022,2025-06-03,CHI,P041,2,35.0
V013023,T013022,2025-06-03,CHI,P043,1,18.0
V013024,T013024,2025-06-03,CHI,P027,1,320.0
V013025,T013024,2025-06-03,CHI,P105,2,145.0
V013026,T013026,2025-06-03,CHI,P064,1,38.0
V013027,T013026,2025-06-03,CHI,P061,1,165.0
V013028,T013028,2025-06-03,CHI,P100,1,1250.0
V013029,T013028,2025-06-03,CHI,P061,1,165.0
V013030,T013030,2025-06-03,CHI,P082,1,25.0
V013031,T013030,2025-06-03,CHI,P004,1,6.0
V013032,T013032,2025-06-03,CHI,P029,1,95.0
V013033,T013033,2025-06-03,CHI,P024,1,6.0
V013034,T013033,2025-06-03,CHI,P080,2,280.0
V013035,T013035,2025-06-03,CHI,P060,3,850.0
V013036,T013036,2025-06-03,CHI,P085,3,980.0
V013037,T013037,2025-06-03,CHI,P021,1,85.0
V013038,T013037,2025-06-03,CHI,P023,3,40.0
V013039,T013039,2025-06-03,CHI,P022,1,150.0
V013040,T013039,2025-06-03,CHI,P023,1,40.0
V013041,T013041,2025-06-03,CHI,P042,1,28.0
V013042,T013041,2025-06-03,CHI,P043,1,18.0
V013043,T013041,2025-06-03,CHI,P106,1,55.0
V013044,T013044,2025-06-03,CHI,P024,2,6.0
V013045,T013045,2025-06-03,CDMX,P042,3,28.0
V013046,T013045,2025-06-03,CDMX,P043,1,18.0
V013047,T013045,2025-06-03,CDMX,P101,2,35.0
V013048,T013048,2025-06-03,CDMX,P046,1,280.0
V013049,T013048,2025-06-03,CDMX,P029,1,95.0
V013050,T013050,2025-06-03,CDMX,P009,1,85.0
V013051,T013051,2025-06-03,CDMX,P047,2,95.0
V013052,T013051,2025-06-03,CDMX,P021,2,85.0
V013053,T013053,2025-06-03,CDMX,P008,1,180.0
V013054,T013054,2025-06-03,CDMX,P045,1,45.0
V013055,T013055,2025-06-03,CDMX,P063,1,45.0
V013056,T013055,2025-06-03,CDMX,P060,3,850.0
V013057,T013055,2025-06-03,CDMX,P004,1,6.0
V013058,T013058,2025-06-03,CDMX,P020,2,55.0
V013059,T013058,2025-06-03,CDMX,P023,3,40.0
V013060,T013058,2025-06-03,CDMX,P008,2,180.0
V013061,T013061,2025-06-03,CDMX,P063,2,45.0
V013062,T013062,2025-06-03,CDMX,P023,3,40.0
V013063,T013063,2025-06-03,CDMX,P041,1,35.0
V013064,T013063,2025-06-03,CDMX,P043,1,18.0
V013065,T013065,2025-06-03,CDMX,P021,1,85.0
V013066,T013066,2025-06-03,CDMX,P044,3,22.0
V013067,T013067,2025-06-03,CDMX,P064,1,38.0
V013068,T013068,2025-06-03,CDMX,P005,2,65.0
V013069,T013068,2025-06-03,CDMX,P023,1,40.0
V013070,T013070,2025-06-03,CDMX,P041,1,35.0
V013071,T013070,2025-06-03,CDMX,P043,1,18.0
V013072,T013072,2025-06-03,CDMX,P021,1,85.0
V013073,T013072,2025-06-03,CDMX,P023,3,40.0
V013074,T013074,2025-06-03,CDMX,P062,1,320.0
V013075,T013075,2025-06-03,CDMX,P063,2,45.0
V013076,T013075,2025-06-03,CDMX,P060,1,850.0
V013077,T013077,2025-06-03,MTY,P041,2,35.0
V013078,T013077,2025-06-03,MTY,P043,1,18.0
V013079,T013079,2025-06-03,MTY,P022,3,150.0
V013080,T013079,2025-06-03,MTY,P023,2,40.0
V013081,T013079,2025-06-03,MTY,P028,1,180.0
V013082,T013082,2025-06-03,MTY,P063,1,45.0
V013083,T013082,2025-06-03,MTY,P060,3,850.0
V013084,T013082,2025-06-03,MTY,P009,3,85.0
V013085,T013085,2025-06-03,MTY,P021,1,85.0
V013086,T013085,2025-06-03,MTY,P023,3,40.0
V013087,T013085,2025-06-03,MTY,P026,1,65.0
V013088,T013088,2025-06-03,MTY,P020,1,55.0
V013089,T013088,2025-06-03,MTY,P023,2,40.0
V013090,T013090,2025-06-03,MTY,P021,2,85.0
V013091,T013090,2025-06-03,MTY,P023,1,40.0
V013092,T013090,2025-06-03,MTY,P028,1,180.0
V013093,T013093,2025-06-03,MTY,P030,1,180.0
V013094,T013094,2025-06-03,MTY,P042,2,28.0
V013095,T013094,2025-06-03,MTY,P043,2,18.0
V013096,T013094,2025-06-03,MTY,P062,3,320.0
V013097,T013097,2025-06-04,CUN,P030,2,180.0
V013098,T013098,2025-06-04,CUN,P022,1,150.0
V013099,T013098,2025-06-04,CUN,P023,2,40.0
V013100,T013098,2025-06-04,CUN,P030,1,180.0
V013101,T013101,2025-06-04,CUN,P027,2,320.0
V013102,T013102,2025-06-04,CUN,P066,2,55.0
V013103,T013102,2025-06-04,CUN,P065,3,30.0
V013104,T013104,2025-06-04,CUN,P042,1,28.0
V013105,T013104,2025-06-04,CUN,P043,1,18.0
V013106,T013106,2025-06-04,CUN,P063,1,45.0
V013107,T013106,2025-06-04,CUN,P060,2,850.0
V013108,T013108,2025-06-04,CUN,P086,1,650.0
V013109,T013109,2025-06-04,CUN,P021,3,85.0
V013110,T013109,2025-06-04,CUN,P023,1,40.0
V013111,T013109,2025-06-04,CUN,P046,1,280.0
V013112,T013112,2025-06-04,CUN,P041,1,35.0
V013113,T013112,2025-06-04,CUN,P043,2,18.0
V013114,T013112,2025-06-04,CUN,P027,1,320.0
V013115,T013115,2025-06-04,CUN,P048,3,180.0
V013116,T013115,2025-06-04,CUN,P022,3,150.0
V013117,T013117,2025-06-04,CUN,P028,1,180.0
V013118,T013118,2025-06-04,MID,P028,1,180.0
V013119,T013118,2025-06-04,MID,P082,1,25.0
V013120,T013120,2025-06-04,MID,P085,1,980.0
V013121,T013121,2025-06-04,MID,P080,1,280.0
V013122,T013122,2025-06-04,MID,P012,3,980.0
V013123,T013122,2025-06-04,MID,P024,2,6.0
V013124,T013124,2025-06-04,MID,P046,1,280.0
V013125,T013124,2025-06-04,MID,P080,2,280.0
V013126,T013126,2025-06-04,MID,P007,1,95.0
V013127,T013126,2025-06-04,MID,P024,1,6.0
V013128,T013128,2025-06-04,MID,P040,2,1450.0
V013129,T013129,2025-06-04,MID,P040,3,1450.0
V013130,T013129,2025-06-04,MID,P030,3,180.0
V013131,T013131,2025-06-04,MID,P104,2,95.0
V013132,T013131,2025-06-04,MID,P022,2,150.0
V013133,T013133,2025-06-04,MID,P100,1,1250.0
V013134,T013133,2025-06-04,MID,P102,3,45.0
V013135,T013133,2025-06-04,MID,P060,2,850.0
V013136,T013136,2025-06-04,MID,P021,1,85.0
V013137,T013136,2025-06-04,MID,P023,1,40.0
V013138,T013136,2025-06-04,MID,P002,2,180.0
V013139,T013139,2025-06-04,MID,P063,3,45.0
V013140,T013139,2025-06-04,MID,P060,1,850.0
V013141,T013139,2025-06-04,MID,P106,2,55.0
V013142,T013142,2025-06-04,MID,P006,1,12.0
V013143,T013143,2025-06-04,MID,P066,1,55.0
V013144,T013144,2025-06-04,MID,P042,1,28.0
V013145,T013144,2025-06-04,MID,P043,2,18.0
V013146,T013144,2025-06-04,MID,P030,1,180.0
V013147,T013147,2025-06-04,MID,P006,2,12.0
V013148,T013147,2025-06-04,MID,P009,1,85.0
V013149,T013149,2025-06-04,CHI,P020,1,55.0
V013150,T013149,2025-06-04,CHI,P023,3,40.0
V013151,T013151,2025-06-04,CHI,P084,1,18.0
V013152,T013152,2025-06-04,CHI,P100,1,1250.0
V013153,T013152,2025-06-04,CHI,P102,1,45.0
V013154,T013154,2025-06-04,CHI,P045,1,45.0
V013155,T013155,2025-06-04,CHI,P041,2,35.0
V013156,T013155,2025-06-04,CHI,P043,2,18.0
V013157,T013155,2025-06-04,CHI,P082,1,25.0
V013158,T013158,2025-06-04,CHI,P086,1,650.0
V013159,T013158,2025-06-04,CHI,P103,2,120.0
V013160,T013160,2025-06-04,CHI,P029,1,95.0
V013161,T013161,2025-06-04,CHI,P086,1,650.0
V013162,T013162,2025-06-04,CHI,P041,2,35.0
V013163,T013162,2025-06-04,CHI,P043,3,18.0
V013164,T013164,2025-06-04,CHI,P083,3,65.0
V013165,T013165,2025-06-04,CHI,P044,2,22.0
V013166,T013166,2025-06-04,CDMX,P022,1,150.0
V013167,T013166,2025-06-04,CDMX,P023,1,40.0
V013168,T013168,2025-06-04,CDMX,P041,1,35.0
V013169,T013168,2025-06-04,CDMX,P043,2,18.0
V013170,T013168,2025-06-04,CDMX,P063,2,45.0
V013171,T013171,2025-06-04,CDMX,P064,1,38.0
V013172,T013171,2025-06-04,CDMX,P061,3,165.0
V013173,T013173,2025-06-04,CDMX,P042,1,28.0
V013174,T013173,2025-06-04,CDMX,P043,3,18.0
V013175,T013175,2025-06-04,CDMX,P028,1,180.0
V013176,T013176,2025-06-04,CDMX,P100,1,1250.0
V013177,T013176,2025-06-04,CDMX,P102,1,45.0
V013178,T013176,2025-06-04,CDMX,P042,1,28.0
V013179,T013179,2025-06-04,CDMX,P022,1,150.0
V013180,T013179,2025-06-04,CDMX,P023,2,40.0
V013181,T013181,2025-06-04,CDMX,P011,1,210.0
V013182,T013181,2025-06-04,CDMX,P081,3,65.0
V013183,T013183,2025-06-04,CDMX,P064,2,38.0
V013184,T013183,2025-06-04,CDMX,P082,3,25.0
V013185,T013185,2025-06-04,CDMX,P044,2,22.0
V013186,T013186,2025-06-04,CDMX,P103,1,120.0
V013187,T013186,2025-06-04,CDMX,P013,1,45.0
V013188,T013188,2025-06-04,MTY,P041,2,35.0
V013189,T013188,2025-06-04,MTY,P043,1,18.0
V013190,T013190,2025-06-04,MTY,P009,2,85.0
V013191,T013191,2025-06-04,MTY,P065,1,30.0
V013192,T013191,2025-06-04,MTY,P066,1,55.0
V013193,T013193,2025-06-04,MTY,P029,2,95.0
V013194,T013193,2025-06-04,MTY,P001,1,145.0
V013195,T013195,2025-06-04,MTY,P101,3,35.0
V013196,T013195,2025-06-04,MTY,P021,3,85.0
V013197,T013197,2025-06-04,MTY,P100,3,1250.0
V013198,T013197,2025-06-04,MTY,P102,2,45.0
V013199,T013197,2025-06-04,MTY,P101,1,35.0
V013200,T013200,2025-06-04,MTY,P100,2,1250.0
V013201,T013200,2025-06-04,MTY,P101,1,35.0
V013202,T013200,2025-06-04,MTY,P102,1,45.0
V013203,T013203,2025-06-04,MTY,P029,2,95.0
V013204,T013203,2025-06-04,MTY,P046,1,280.0
V013205,T013205,2025-06-04,MTY,P100,2,1250.0
V013206,T013205,2025-06-04,MTY,P101,1,35.0
V013207,T013205,2025-06-04,MTY,P063,1,45.0
V013208,T013208,2025-06-04,MTY,P020,2,55.0
V013209,T013209,2025-06-04,MTY,P106,1,55.0
V013210,T013210,2025-06-04,MTY,P066,1,55.0
V013211,T013210,2025-06-04,MTY,P012,1,980.0
V013212,T013212,2025-06-04,MTY,P060,1,850.0
V013213,T013212,2025-06-04,MTY,P101,3,35.0
V013214,T013214,2025-06-04,MTY,P082,1,25.0
V013215,T013215,2025-06-04,MTY,P106,1,55.0
V013216,T013216,2025-06-04,MTY,P042,1,28.0
V013217,T013217,2025-06-04,MTY,P020,2,55.0
V013218,T013217,2025-06-04,MTY,P023,3,40.0
V013219,T013217,2025-06-04,MTY,P011,3,210.0
V013220,T013220,2025-06-04,MTY,P011,1,210.0
V013221,T013221,2025-06-04,MTY,P107,1,165.0
V013222,T013222,2025-06-05,CUN,P063,1,45.0
V013223,T013222,2025-06-05,CUN,P060,1,850.0
V013224,T013224,2025-06-05,CUN,P021,2,85.0
V013225,T013224,2025-06-05,CUN,P023,2,40.0
V013226,T013226,2025-06-05,CUN,P045,1,45.0
V013227,T013227,2025-06-05,CUN,P044,1,22.0
V013228,T013228,2025-06-05,CUN,P041,2,35.0
V013229,T013228,2025-06-05,CUN,P043,2,18.0
V013230,T013228,2025-06-05,CUN,P103,1,120.0
V013231,T013231,2025-06-05,CUN,P001,1,145.0
V013232,T013232,2025-06-05,CUN,P045,3,45.0
V013233,T013232,2025-06-05,CUN,P013,1,45.0
V013234,T013234,2025-06-05,CUN,P041,1,35.0
V013235,T013234,2025-06-05,CUN,P043,2,18.0
V013236,T013236,2025-06-05,CUN,P061,2,165.0
V013237,T013236,2025-06-05,CUN,P060,3,850.0
V013238,T013238,2025-06-05,CUN,P027,1,320.0
V013239,T013238,2025-06-05,CUN,P046,2,280.0
V013240,T013240,2025-06-05,CUN,P021,2,85.0
V013241,T013240,2025-06-05,CUN,P023,2,40.0
V013242,T013240,2025-06-05,CUN,P004,1,6.0
V013243,T013243,2025-06-05,CUN,P041,2,35.0
V013244,T013243,2025-06-05,CUN,P025,1,35.0
V013245,T013245,2025-06-05,CUN,P048,2,180.0
V013246,T013245,2025-06-05,CUN,P027,1,320.0
V013247,T013247,2025-06-05,MID,P009,1,85.0
V013248,T013247,2025-06-05,MID,P081,3,65.0
V013249,T013249,2025-06-05,MID,P101,1,35.0
V013250,T013250,2025-06-05,MID,P084,1,18.0
V013251,T013250,2025-06-05,MID,P030,2,180.0
V013252,T013252,2025-06-05,MID,P023,1,40.0
V013253,T013253,2025-06-05,MID,P013,1,45.0
V013254,T013254,2025-06-05,MID,P064,2,38.0
V013255,T013254,2025-06-05,MID,P061,2,165.0
V013256,T013254,2025-06-05,MID,P106,3,55.0
V013257,T013257,2025-06-05,MID,P084,3,18.0
V013258,T013257,2025-06-05,MID,P044,1,22.0
V013259,T013259,2025-06-05,MID,P044,1,22.0
V013260,T013259,2025-06-05,MID,P006,1,12.0
V013261,T013261,2025-06-05,MID,P082,2,25.0
V013262,T013262,2025-06-05,MID,P021,2,85.0
V013263,T013262,2025-06-05,MID,P023,1,40.0
V013264,T013264,2025-06-05,MID,P044,1,22.0
V013265,T013265,2025-06-05,MID,P100,1,1250.0
V013266,T013265,2025-06-05,MID,P101,2,35.0
V013267,T013265,2025-06-05,MID,P106,1,55.0
V013268,T013268,2025-06-05,CHI,P043,1,18.0
V013269,T013269,2025-06-05,CHI,P065,1,30.0
V013270,T013270,2025-06-05,CHI,P023,2,40.0
V013271,T013271,2025-06-05,CHI,P024,2,6.0
V013272,T013272,2025-06-05,CHI,P013,2,45.0
V013273,T013272,2025-06-05,CHI,P005,2,65.0
V013274,T013274,2025-06-05,CHI,P005,2,65.0
V013275,T013275,2025-06-05,CHI,P020,1,55.0
V013276,T013275,2025-06-05,CHI,P023,3,40.0
V013277,T013277,2025-06-05,CHI,P086,1,650.0
V013278,T013277,2025-06-05,CHI,P105,2,145.0
V013279,T013279,2025-06-05,CHI,P063,1,45.0
V013280,T013279,2025-06-05,CHI,P060,1,850.0
V013281,T013279,2025-06-05,CHI,P041,1,35.0
V013282,T013282,2025-06-05,CHI,P001,2,145.0
V013283,T013282,2025-06-05,CHI,P081,3,65.0
V013284,T013284,2025-06-05,CHI,P063,1,45.0
V013285,T013284,2025-06-05,CHI,P048,1,180.0
V013286,T013286,2025-06-05,CHI,P042,2,28.0
V013287,T013286,2025-06-05,CHI,P043,1,18.0
V013288,T013286,2025-06-05,CHI,P081,1,65.0
V013289,T013289,2025-06-05,CHI,P103,1,120.0
V013290,T013290,2025-06-05,CHI,P028,2,180.0
V013291,T013291,2025-06-05,CHI,P020,1,55.0
V013292,T013291,2025-06-05,CHI,P023,1,40.0
V013293,T013293,2025-06-05,CHI,P042,1,28.0
V013294,T013293,2025-06-05,CHI,P043,3,18.0
V013295,T013293,2025-06-05,CHI,P102,2,45.0
V013296,T013296,2025-06-05,CHI,P041,2,35.0
V013297,T013296,2025-06-05,CHI,P043,3,18.0
V013298,T013298,2025-06-05,CHI,P024,3,6.0
V013299,T013299,2025-06-05,CHI,P107,2,165.0
V013300,T013299,2025-06-05,CHI,P065,1,30.0
V013301,T013301,2025-06-05,CHI,P104,2,95.0
V013302,T013301,2025-06-05,CHI,P003,1,8.5
V013303,T013303,2025-06-05,CHI,P007,1,95.0
V013304,T013304,2025-06-05,CHI,P100,1,1250.0
V013305,T013304,2025-06-05,CHI,P101,3,35.0
V013306,T013304,2025-06-05,CHI,P004,2,6.0
V013307,T013307,2025-06-05,CDMX,P082,1,25.0
V013308,T013307,2025-06-05,CDMX,P025,1,35.0
V013309,T013309,2025-06-05,CDMX,P085,3,980.0
V013310,T013310,2025-06-05,CDMX,P040,2,1450.0
V013311,T013310,2025-06-05,CDMX,P102,2,45.0
V013312,T013312,2025-06-05,CDMX,P021,2,85.0
V013313,T013312,2025-06-05,CDMX,P023,3,40.0
V013314,T013314,2025-06-05,CDMX,P026,3,65.0
V013315,T013315,2025-06-05,CDMX,P063,2,45.0
V013316,T013315,2025-06-05,CDMX,P060,2,850.0
V013317,T013317,2025-06-05,CDMX,P022,2,150.0
V013318,T013317,2025-06-05,CDMX,P023,1,40.0
V013319,T013317,2025-06-05,CDMX,P044,1,22.0
V013320,T013320,2025-06-05,CDMX,P100,1,1250.0
V013321,T013320,2025-06-05,CDMX,P101,3,35.0
V013322,T013322,2025-06-05,CDMX,P021,2,85.0
V013323,T013322,2025-06-05,CDMX,P023,2,40.0
V013324,T013324,2025-06-05,MTY,P042,2,28.0
V013325,T013324,2025-06-05,MTY,P021,1,85.0
V013326,T013326,2025-06-05,MTY,P022,2,150.0
V013327,T013326,2025-06-05,MTY,P023,2,40.0
V013328,T013326,2025-06-05,MTY,P065,2,30.0
V013329,T013329,2025-06-05,MTY,P105,1,145.0
V013330,T013330,2025-06-05,MTY,P020,1,55.0
V013331,T013330,2025-06-05,MTY,P023,1,40.0
V013332,T013330,2025-06-05,MTY,P064,1,38.0
V013333,T013333,2025-06-05,MTY,P001,2,145.0
V013334,T013333,2025-06-05,MTY,P023,1,40.0
V013335,T013335,2025-06-05,MTY,P029,2,95.0
V013336,T013335,2025-06-05,MTY,P103,1,120.0
V013337,T013337,2025-06-05,MTY,P012,2,980.0
V013338,T013338,2025-06-05,MTY,P040,2,1450.0
V013339,T013338,2025-06-05,MTY,P024,2,6.0
V013340,T013340,2025-06-05,MTY,P021,1,85.0
V013341,T013341,2025-06-05,MTY,P013,3,45.0
V013342,T013341,2025-06-05,MTY,P028,2,180.0
V013343,T013343,2025-06-05,MTY,P041,2,35.0
V013344,T013344,2025-06-05,MTY,P040,2,1450.0
V013345,T013344,2025-06-05,MTY,P021,1,85.0
V013346,T013346,2025-06-05,MTY,P009,1,85.0
V013347,T013346,2025-06-05,MTY,P063,3,45.0
V013348,T013348,2025-06-05,MTY,P064,1,38.0
V013349,T013348,2025-06-05,MTY,P061,1,165.0
V013350,T013348,2025-06-05,MTY,P101,2,35.0
V013351,T013351,2025-06-05,MTY,P013,2,45.0
V013352,T013352,2025-06-05,MTY,P047,2,95.0
V013353,T013353,2025-06-06,CUN,P042,1,28.0
V013354,T013353,2025-06-06,CUN,P043,3,18.0
V013355,T013353,2025-06-06,CUN,P001,3,145.0
V013356,T013356,2025-06-06,CUN,P084,1,18.0
V013357,T013356,2025-06-06,CUN,P100,2,1250.0
V013358,T013358,2025-06-06,CUN,P045,1,45.0
V013359,T013359,2025-06-06,CUN,P043,1,18.0
V013360,T013360,2025-06-06,CUN,P064,1,38.0
V013361,T013360,2025-06-06,CUN,P061,1,165.0
V013362,T013362,2025-06-06,CUN,P080,1,280.0
V013363,T013363,2025-06-06,CUN,P021,1,85.0
V013364,T013363,2025-06-06,CUN,P023,2,40.0
V013365,T013363,2025-06-06,CUN,P005,3,65.0
V013366,T013366,2025-06-06,CUN,P041,1,35.0
V013367,T013366,2025-06-06,CUN,P043,1,18.0
V013368,T013366,2025-06-06,CUN,P002,1,180.0
V013369,T013369,2025-06-06,CUN,P048,1,180.0
V013370,T013369,2025-06-06,CUN,P002,1,180.0
V013371,T013371,2025-06-06,CUN,P027,1,320.0
V013372,T013371,2025-06-06,CUN,P043,1,18.0
V013373,T013373,2025-06-06,CUN,P029,1,95.0
V013374,T013373,2025-06-06,CUN,P027,1,320.0
V013375,T013375,2025-06-06,CUN,P064,1,38.0
V013376,T013375,2025-06-06,CUN,P061,1,165.0
V013377,T013377,2025-06-06,CUN,P060,2,850.0
V013378,T013377,2025-06-06,CUN,P006,2,12.0
V013379,T013379,2025-06-06,MID,P081,3,65.0
V013380,T013380,2025-06-06,MID,P082,2,25.0
V013381,T013380,2025-06-06,MID,P027,2,320.0
V013382,T013382,2025-06-06,MID,P043,1,18.0
V013383,T013383,2025-06-06,MID,P020,2,55.0
V013384,T013384,2025-06-06,MID,P063,2,45.0
V013385,T013384,2025-06-06,MID,P100,2,1250.0
V013386,T013386,2025-06-06,MID,P005,1,65.0
V013387,T013386,2025-06-06,MID,P045,1,45.0
V013388,T013388,2025-06-06,MID,P040,3,1450.0
V013389,T013389,2025-06-06,MID,P021,3,85.0
V013390,T013389,2025-06-06,MID,P023,2,40.0
V013391,T013391,2025-06-06,MID,P064,1,38.0
V013392,T013391,2025-06-06,MID,P061,3,165.0
V013393,T013393,2025-06-06,MID,P085,2,980.0
V013394,T013394,2025-06-06,MID,P100,1,1250.0
V013395,T013394,2025-06-06,MID,P102,1,45.0
V013396,T013394,2025-06-06,MID,P030,2,180.0
V013397,T013397,2025-06-06,MID,P045,3,45.0
V013398,T013397,2025-06-06,MID,P042,2,28.0
V013399,T013399,2025-06-06,MID,P004,1,6.0
V013400,T013399,2025-06-06,MID,P085,3,980.0
V013401,T013401,2025-06-06,MID,P105,1,145.0
V013402,T013402,2025-06-06,MID,P004,2,6.0
V013403,T013403,2025-06-06,MID,P022,1,150.0
V013404,T013403,2025-06-06,MID,P023,2,40.0
V013405,T013405,2025-06-06,MID,P045,1,45.0
V013406,T013405,2025-06-06,MID,P102,1,45.0
V013407,T013407,2025-06-06,MID,P063,1,45.0
V013408,T013407,2025-06-06,MID,P024,3,6.0
V013409,T013409,2025-06-06,MID,P011,3,210.0
V013410,T013410,2025-06-06,MID,P022,1,150.0
V013411,T013410,2025-06-06,MID,P023,2,40.0
V013412,T013410,2025-06-06,MID,P007,2,95.0
V013413,T013413,2025-06-06,MID,P041,3,35.0
V013414,T013413,2025-06-06,MID,P043,1,18.0
V013415,T013415,2025-06-06,MID,P022,2,150.0
V013416,T013415,2025-06-06,MID,P023,1,40.0
V013417,T013415,2025-06-06,MID,P064,1,38.0
V013418,T013418,2025-06-06,CHI,P006,1,12.0
V013419,T013419,2025-06-06,CHI,P100,2,1250.0
V013420,T013419,2025-06-06,CHI,P101,2,35.0
V013421,T013419,2025-06-06,CHI,P105,1,145.0
V013422,T013422,2025-06-06,CHI,P042,1,28.0
V013423,T013422,2025-06-06,CHI,P043,1,18.0
V013424,T013424,2025-06-06,CHI,P060,1,850.0
V013425,T013424,2025-06-06,CHI,P080,1,280.0
V013426,T013426,2025-06-06,CHI,P030,2,180.0
V013427,T013426,2025-06-06,CHI,P105,1,145.0
V013428,T013428,2025-06-06,CHI,P022,2,150.0
V013429,T013429,2025-06-06,CHI,P100,1,1250.0
V013430,T013429,2025-06-06,CHI,P101,1,35.0
V013431,T013429,2025-06-06,CHI,P021,1,85.0
V013432,T013432,2025-06-06,CHI,P020,2,55.0
V013433,T013432,2025-06-06,CHI,P023,1,40.0
V013434,T013432,2025-06-06,CHI,P006,1,12.0
V013435,T013435,2025-06-06,CHI,P084,1,18.0
V013436,T013436,2025-06-06,CHI,P047,2,95.0
V013437,T013436,2025-06-06,CHI,P061,2,165.0
V013438,T013438,2025-06-06,CHI,P013,2,45.0
V013439,T013438,2025-06-06,CHI,P029,1,95.0
V013440,T013440,2025-06-06,CDMX,P028,1,180.0
V013441,T013440,2025-06-06,CDMX,P045,1,45.0
V013442,T013442,2025-06-06,CDMX,P007,2,95.0
V013443,T013442,2025-06-06,CDMX,P028,1,180.0
V013444,T013444,2025-06-06,CDMX,P041,2,35.0
V013445,T013444,2025-06-06,CDMX,P043,3,18.0
V013446,T013446,2025-06-06,CDMX,P065,1,30.0
V013447,T013446,2025-06-06,CDMX,P040,1,1450.0
V013448,T013448,2025-06-06,CDMX,P029,1,95.0
V013449,T013448,2025-06-06,CDMX,P061,1,165.0
V013450,T013450,2025-06-06,CDMX,P021,2,85.0
V013451,T013451,2025-06-06,CDMX,P022,2,150.0
V013452,T013451,2025-06-06,CDMX,P023,2,40.0
V013453,T013451,2025-06-06,CDMX,P086,3,650.0
V013454,T013454,2025-06-06,CDMX,P048,2,180.0
V013455,T013454,2025-06-06,CDMX,P024,2,6.0
V013456,T013456,2025-06-06,CDMX,P021,2,85.0
V013457,T013456,2025-06-06,CDMX,P023,2,40.0
V013458,T013458,2025-06-06,CDMX,P021,2,85.0
V013459,T013458,2025-06-06,CDMX,P007,1,95.0
V013460,T013460,2025-06-06,CDMX,P100,3,1250.0
V013461,T013460,2025-06-06,CDMX,P101,1,35.0
V013462,T013460,2025-06-06,CDMX,P020,1,55.0
V013463,T013463,2025-06-06,CDMX,P006,1,12.0
V013464,T013464,2025-06-06,CDMX,P021,1,85.0
V013465,T013464,2025-06-06,CDMX,P023,1,40.0
V013466,T013464,2025-06-06,CDMX,P063,3,45.0
V013467,T013467,2025-06-06,CDMX,P062,1,320.0
V013468,T013467,2025-06-06,CDMX,P065,1,30.0
V013469,T013469,2025-06-06,CDMX,P006,1,12.0
V013470,T013469,2025-06-06,CDMX,P021,3,85.0
V013471,T013471,2025-06-06,MTY,P103,1,120.0
V013472,T013471,2025-06-06,MTY,P006,1,12.0
V013473,T013473,2025-06-06,MTY,P085,3,980.0
V013474,T013473,2025-06-06,MTY,P004,1,6.0
V013475,T013475,2025-06-06,MTY,P100,1,1250.0
V013476,T013475,2025-06-06,MTY,P101,1,35.0
V013477,T013475,2025-06-06,MTY,P042,2,28.0
V013478,T013478,2025-06-06,MTY,P107,2,165.0
V013479,T013479,2025-06-06,MTY,P027,1,320.0
V013480,T013480,2025-06-06,MTY,P041,1,35.0
V013481,T013480,2025-06-06,MTY,P043,1,18.0
V013482,T013480,2025-06-06,MTY,P080,1,280.0
V013483,T013483,2025-06-06,MTY,P020,3,55.0
V013484,T013483,2025-06-06,MTY,P023,2,40.0
V013485,T013485,2025-06-06,MTY,P022,2,150.0
V013486,T013485,2025-06-06,MTY,P023,3,40.0
V013487,T013485,2025-06-06,MTY,P065,2,30.0
V013488,T013488,2025-06-06,MTY,P028,2,180.0
V013489,T013489,2025-06-06,MTY,P022,1,150.0
V013490,T013489,2025-06-06,MTY,P023,2,40.0
V013491,T013491,2025-06-06,MTY,P022,3,150.0
V013492,T013491,2025-06-06,MTY,P083,1,65.0
V013493,T013493,2025-06-06,MTY,P042,1,28.0
V013494,T013493,2025-06-06,MTY,P043,3,18.0
V013495,T013495,2025-06-06,MTY,P101,2,35.0
V013496,T013496,2025-06-06,MTY,P021,3,85.0
V013497,T013496,2025-06-06,MTY,P023,1,40.0
V013498,T013496,2025-06-06,MTY,P066,1,55.0
V013499,T013499,2025-06-06,MTY,P063,1,45.0
V013500,T013499,2025-06-06,MTY,P060,2,850.0
V013501,T013499,2025-06-06,MTY,P025,1,35.0
V013502,T013502,2025-06-06,MTY,P100,1,1250.0
V013503,T013502,2025-06-06,MTY,P101,3,35.0
V013504,T013502,2025-06-06,MTY,P063,2,45.0
V013505,T013505,2025-06-06,MTY,P082,1,25.0
V013506,T013506,2025-06-06,MTY,P041,2,35.0
V013507,T013506,2025-06-06,MTY,P043,3,18.0
V013508,T013508,2025-06-06,MTY,P022,2,150.0
V013509,T013508,2025-06-06,MTY,P023,3,40.0
V013510,T013510,2025-06-06,MTY,P042,1,28.0
V013511,T013510,2025-06-06,MTY,P043,1,18.0
V013512,T013512,2025-06-07,CUN,P022,1,150.0
V013513,T013512,2025-06-07,CUN,P023,1,40.0
V013514,T013512,2025-06-07,CUN,P064,2,38.0
V013515,T013515,2025-06-07,CUN,P080,2,280.0
V013516,T013515,2025-06-07,CUN,P064,3,38.0
V013517,T013517,2025-06-07,CUN,P100,1,1250.0
V013518,T013517,2025-06-07,CUN,P101,1,35.0
V013519,T013517,2025-06-07,CUN,P004,1,6.0
V013520,T013520,2025-06-07,CUN,P026,2,65.0
V013521,T013520,2025-06-07,CUN,P021,1,85.0
V013522,T013522,2025-06-07,CUN,P021,1,85.0
V013523,T013523,2025-06-07,CUN,P100,1,1250.0
V013524,T013523,2025-06-07,CUN,P102,1,45.0
V013525,T013523,2025-06-07,CUN,P001,3,145.0
V013526,T013526,2025-06-07,CUN,P026,3,65.0
V013527,T013527,2025-06-07,CUN,P022,1,150.0
V013528,T013527,2025-06-07,CUN,P023,1,40.0
V013529,T013527,2025-06-07,CUN,P048,3,180.0
V013530,T013530,2025-06-07,CUN,P082,1,25.0
V013531,T013531,2025-06-07,CUN,P009,1,85.0
V013532,T013532,2025-06-07,CUN,P043,3,18.0
V013533,T013533,2025-06-07,CUN,P028,2,180.0
V013534,T013533,2025-06-07,CUN,P005,2,65.0
V013535,T013535,2025-06-07,CUN,P020,3,55.0
V013536,T013536,2025-06-07,CUN,P100,1,1250.0
V013537,T013536,2025-06-07,CUN,P101,1,35.0
V013538,T013536,2025-06-07,CUN,P062,2,320.0
V013539,T013539,2025-06-07,CUN,P026,2,65.0
V013540,T013539,2025-06-07,CUN,P030,2,180.0
V013541,T013541,2025-06-07,CUN,P084,2,18.0
V013542,T013542,2025-06-07,CUN,P105,3,145.0
V013543,T013542,2025-06-07,CUN,P106,1,55.0
V013544,T013544,2025-06-07,MID,P048,1,180.0
V013545,T013544,2025-06-07,MID,P062,3,320.0
V013546,T013546,2025-06-07,MID,P063,3,45.0
V013547,T013546,2025-06-07,MID,P060,2,850.0
V013548,T013546,2025-06-07,MID,P021,1,85.0
V013549,T013549,2025-06-07,MID,P103,1,120.0
V013550,T013549,2025-06-07,MID,P027,1,320.0
V013551,T013551,2025-06-07,MID,P102,1,45.0
V013552,T013551,2025-06-07,MID,P040,2,1450.0
V013553,T013553,2025-06-07,MID,P042,2,28.0
V013554,T013553,2025-06-07,MID,P043,2,18.0
V013555,T013555,2025-06-07,MID,P065,2,30.0
V013556,T013556,2025-06-07,MID,P086,2,650.0
V013557,T013557,2025-06-07,MID,P041,2,35.0
V013558,T013557,2025-06-07,MID,P043,2,18.0
V013559,T013557,2025-06-07,MID,P022,2,150.0
V013560,T013560,2025-06-07,MID,P063,2,45.0
V013561,T013560,2025-06-07,MID,P060,3,850.0
V013562,T013560,2025-06-07,MID,P105,3,145.0
V013563,T013563,2025-06-07,MID,P005,2,65.0
V013564,T013564,2025-06-07,MID,P100,2,1250.0
V013565,T013564,2025-06-07,MID,P102,3,45.0
V013566,T013564,2025-06-07,MID,P065,2,30.0
V013567,T013567,2025-06-07,CHI,P066,1,55.0
V013568,T013568,2025-06-07,CHI,P065,1,30.0
V013569,T013569,2025-06-07,CHI,P101,3,35.0
V013570,T013569,2025-06-07,CHI,P104,3,95.0
V013571,T013571,2025-06-07,CHI,P030,2,180.0
V013572,T013571,2025-06-07,CHI,P106,3,55.0
V013573,T013573,2025-06-07,CHI,P021,1,85.0
V013574,T013573,2025-06-07,CHI,P023,2,40.0
V013575,T013573,2025-06-07,CHI,P024,2,6.0
V013576,T013576,2025-06-07,CHI,P041,2,35.0
V013577,T013576,2025-06-07,CHI,P043,1,18.0
V013578,T013578,2025-06-07,CHI,P008,1,180.0
V013579,T013578,2025-06-07,CHI,P066,2,55.0
V013580,T013580,2025-06-07,CHI,P005,3,65.0
V013581,T013581,2025-06-07,CHI,P020,1,55.0
V013582,T013581,2025-06-07,CHI,P041,3,35.0
V013583,T013583,2025-06-07,CHI,P062,1,320.0
V013584,T013584,2025-06-07,CHI,P011,1,210.0
V013585,T013584,2025-06-07,CHI,P083,2,65.0
V013586,T013586,2025-06-07,CHI,P100,1,1250.0
V013587,T013586,2025-06-07,CHI,P102,1,45.0
V013588,T013588,2025-06-07,CHI,P022,1,150.0
V013589,T013588,2025-06-07,CHI,P023,1,40.0
V013590,T013588,2025-06-07,CHI,P006,1,12.0
V013591,T013591,2025-06-07,CHI,P022,2,150.0
V013592,T013592,2025-06-07,CHI,P083,1,65.0
V013593,T013592,2025-06-07,CHI,P005,2,65.0
V013594,T013594,2025-06-07,CDMX,P022,1,150.0
V013595,T013594,2025-06-07,CDMX,P023,2,40.0
V013596,T013594,2025-06-07,CDMX,P012,2,980.0
V013597,T013597,2025-06-07,CDMX,P046,1,280.0
V013598,T013597,2025-06-07,CDMX,P086,2,650.0
V013599,T013599,2025-06-07,CDMX,P020,1,55.0
V013600,T013599,2025-06-07,CDMX,P023,1,40.0
V013601,T013601,2025-06-07,CDMX,P045,2,45.0
V013602,T013601,2025-06-07,CDMX,P025,3,35.0
V013603,T013603,2025-06-07,CDMX,P001,3,145.0
V013604,T013604,2025-06-07,CDMX,P021,2,85.0
V013605,T013604,2025-06-07,CDMX,P023,1,40.0
V013606,T013606,2025-06-07,CDMX,P020,1,55.0
V013607,T013607,2025-06-07,CDMX,P107,1,165.0
V013608,T013607,2025-06-07,CDMX,P020,2,55.0
V013609,T013609,2025-06-07,CDMX,P046,1,280.0
V013610,T013609,2025-06-07,CDMX,P103,1,120.0
V013611,T013611,2025-06-07,CDMX,P026,2,65.0
V013612,T013611,2025-06-07,CDMX,P007,3,95.0
V013613,T013613,2025-06-07,CDMX,P100,1,1250.0
V013614,T013613,2025-06-07,CDMX,P102,2,45.0
V013615,T013613,2025-06-07,CDMX,P008,1,180.0
V013616,T013616,2025-06-07,CDMX,P107,1,165.0
V013617,T013616,2025-06-07,CDMX,P004,3,6.0
V013618,T013618,2025-06-07,CDMX,P086,2,650.0
V013619,T013619,2025-06-07,CDMX,P013,3,45.0
V013620,T013619,2025-06-07,CDMX,P065,1,30.0
V013621,T013621,2025-06-07,CDMX,P041,3,35.0
V013622,T013621,2025-06-07,CDMX,P043,1,18.0
V013623,T013621,2025-06-07,CDMX,P028,1,180.0
V013624,T013624,2025-06-07,CDMX,P007,1,95.0
V013625,T013624,2025-06-07,CDMX,P005,1,65.0
V013626,T013626,2025-06-07,MTY,P029,1,95.0
V013627,T013627,2025-06-07,MTY,P001,2,145.0
V013628,T013627,2025-06-07,MTY,P007,2,95.0
V013629,T013629,2025-06-07,MTY,P086,3,650.0
V013630,T013629,2025-06-07,MTY,P044,1,22.0
V013631,T013631,2025-06-07,MTY,P064,3,38.0
V013632,T013631,2025-06-07,MTY,P061,1,165.0
V013633,T013631,2025-06-07,MTY,P002,2,180.0
V013634,T013634,2025-06-07,MTY,P008,2,180.0
V013635,T013634,2025-06-07,MTY,P029,3,95.0
V013636,T013636,2025-06-07,MTY,P100,1,1250.0
V013637,T013636,2025-06-07,MTY,P048,1,180.0
V013638,T013638,2025-06-07,MTY,P041,1,35.0
V013639,T013638,2025-06-07,MTY,P043,1,18.0
V013640,T013640,2025-06-07,MTY,P021,1,85.0
V013641,T013641,2025-06-07,MTY,P042,1,28.0
V013642,T013641,2025-06-07,MTY,P043,1,18.0
V013643,T013641,2025-06-07,MTY,P063,3,45.0
V013644,T013644,2025-06-07,MTY,P025,1,35.0
V013645,T013645,2025-06-07,MTY,P007,1,95.0
V013646,T013646,2025-06-07,MTY,P004,1,6.0
V013647,T013647,2025-06-07,MTY,P103,2,120.0
V013648,T013647,2025-06-07,MTY,P044,1,22.0
V013649,T013649,2025-06-07,MTY,P042,1,28.0
V013650,T013649,2025-06-07,MTY,P043,1,18.0
V013651,T013649,2025-06-07,MTY,P041,2,35.0
V013652,T013652,2025-06-07,MTY,P043,3,18.0
V013653,T013652,2025-06-07,MTY,P041,1,35.0
V013654,T013654,2025-06-07,MTY,P086,2,650.0
V013655,T013654,2025-06-07,MTY,P002,2,180.0
V013656,T013656,2025-06-07,MTY,P042,1,28.0
V013657,T013656,2025-06-07,MTY,P043,2,18.0
V013658,T013658,2025-06-07,MTY,P063,1,45.0
V013659,T013658,2025-06-07,MTY,P060,1,850.0
V013660,T013660,2025-06-08,CUN,P044,2,22.0
V013661,T013660,2025-06-08,CUN,P048,1,180.0
V013662,T013662,2025-06-08,CUN,P009,2,85.0
V013663,T013663,2025-06-08,CUN,P100,1,1250.0
V013664,T013663,2025-06-08,CUN,P102,1,45.0
V013665,T013665,2025-06-08,CUN,P001,1,145.0
V013666,T013665,2025-06-08,CUN,P021,2,85.0
V013667,T013667,2025-06-08,CUN,P107,2,165.0
V013668,T013667,2025-06-08,CUN,P003,2,8.5
V013669,T013669,2025-06-08,CUN,P020,1,55.0
V013670,T013669,2025-06-08,CUN,P023,1,40.0
V013671,T013669,2025-06-08,CUN,P004,1,6.0
V013672,T013672,2025-06-08,CUN,P080,1,280.0
V013673,T013673,2025-06-08,CUN,P046,3,280.0
V013674,T013674,2025-06-08,CUN,P020,1,55.0
V013675,T013674,2025-06-08,CUN,P023,2,40.0
V013676,T013676,2025-06-08,CUN,P024,2,6.0
V013677,T013677,2025-06-08,CUN,P007,1,95.0
V013678,T013677,2025-06-08,CUN,P105,1,145.0
V013679,T013679,2025-06-08,CUN,P082,1,25.0
V013680,T013680,2025-06-08,CUN,P061,1,165.0
V013681,T013681,2025-06-08,CUN,P082,2,25.0
V013682,T013682,2025-06-08,CUN,P021,1,85.0
V013683,T013682,2025-06-08,CUN,P023,1,40.0
V013684,T013682,2025-06-08,CUN,P065,3,30.0
V013685,T013685,2025-06-08,MID,P084,1,18.0
V013686,T013685,2025-06-08,MID,P030,2,180.0
V013687,T013687,2025-06-08,MID,P009,1,85.0
V013688,T013687,2025-06-08,MID,P029,1,95.0
V013689,T013689,2025-06-08,MID,P063,2,45.0
V013690,T013689,2025-06-08,MID,P007,1,95.0
V013691,T013691,2025-06-08,MID,P100,2,1250.0
V013692,T013691,2025-06-08,MID,P101,1,35.0
V013693,T013693,2025-06-08,MID,P022,2,150.0
V013694,T013693,2025-06-08,MID,P023,1,40.0
V013695,T013695,2025-06-08,MID,P063,1,45.0
V013696,T013695,2025-06-08,MID,P060,2,850.0
V013697,T013697,2025-06-08,MID,P011,1,210.0
V013698,T013697,2025-06-08,MID,P060,1,850.0
V013699,T013699,2025-06-08,MID,P004,1,6.0
V013700,T013700,2025-06-08,MID,P081,2,65.0
V013701,T013701,2025-06-08,MID,P100,3,1250.0
V013702,T013701,2025-06-08,MID,P102,2,45.0
V013703,T013701,2025-06-08,MID,P022,2,150.0
V013704,T013704,2025-06-08,MID,P100,2,1250.0
V013705,T013704,2025-06-08,MID,P101,2,35.0
V013706,T013706,2025-06-08,MID,P013,3,45.0
V013707,T013706,2025-06-08,MID,P064,2,38.0
V013708,T013708,2025-06-08,MID,P080,1,280.0
V013709,T013708,2025-06-08,MID,P063,1,45.0
V013710,T013710,2025-06-08,MID,P066,3,55.0
V013711,T013710,2025-06-08,MID,P044,2,22.0
V013712,T013712,2025-06-08,CHI,P104,2,95.0
V013713,T013713,2025-06-08,CHI,P042,1,28.0
V013714,T013713,2025-06-08,CHI,P043,2,18.0
V013715,T013713,2025-06-08,CHI,P063,2,45.0
V013716,T013716,2025-06-08,CHI,P064,1,38.0
V013717,T013716,2025-06-08,CHI,P061,1,165.0
V013718,T013718,2025-06-08,CHI,P065,2,30.0
V013719,T013718,2025-06-08,CHI,P066,3,55.0
V013720,T013720,2025-06-08,CHI,P011,1,210.0
V013721,T013721,2025-06-08,CHI,P028,1,180.0
V013722,T013722,2025-06-08,CHI,P107,2,165.0
V013723,T013722,2025-06-08,CHI,P001,3,145.0
V013724,T013724,2025-06-08,CHI,P021,1,85.0
V013725,T013724,2025-06-08,CHI,P023,1,40.0
V013726,T013724,2025-06-08,CHI,P012,1,980.0
V013727,T013727,2025-06-08,CHI,P022,1,150.0
V013728,T013727,2025-06-08,CHI,P023,1,40.0
V013729,T013727,2025-06-08,CHI,P028,3,180.0
V013730,T013730,2025-06-08,CHI,P012,2,980.0
V013731,T013731,2025-06-08,CHI,P022,2,150.0
V013732,T013731,2025-06-08,CHI,P023,2,40.0
V013733,T013733,2025-06-08,CDMX,P041,1,35.0
V013734,T013733,2025-06-08,CDMX,P043,1,18.0
V013735,T013733,2025-06-08,CDMX,P040,1,1450.0
V013736,T013736,2025-06-08,CDMX,P006,1,12.0
V013737,T013736,2025-06-08,CDMX,P100,1,1250.0
V013738,T013738,2025-06-08,CDMX,P100,1,1250.0
V013739,T013738,2025-06-08,CDMX,P101,1,35.0
V013740,T013740,2025-06-08,CDMX,P028,1,180.0
V013741,T013740,2025-06-08,CDMX,P024,3,6.0
V013742,T013742,2025-06-08,CDMX,P085,1,980.0
V013743,T013742,2025-06-08,CDMX,P086,2,650.0
V013744,T013744,2025-06-08,CDMX,P021,1,85.0
V013745,T013744,2025-06-08,CDMX,P023,1,40.0
V013746,T013746,2025-06-08,CDMX,P008,2,180.0
V013747,T013747,2025-06-08,CDMX,P100,1,1250.0
V013748,T013747,2025-06-08,CDMX,P101,1,35.0
V013749,T013749,2025-06-08,CDMX,P025,2,35.0
V013750,T013749,2025-06-08,CDMX,P048,2,180.0
V013751,T013751,2025-06-08,CDMX,P100,1,1250.0
V013752,T013751,2025-06-08,CDMX,P101,1,35.0
V013753,T013753,2025-06-08,CDMX,P066,2,55.0
V013754,T013754,2025-06-08,CDMX,P006,2,12.0
V013755,T013754,2025-06-08,CDMX,P001,1,145.0
V013756,T013756,2025-06-08,CDMX,P023,1,40.0
V013757,T013756,2025-06-08,CDMX,P105,2,145.0
V013758,T013758,2025-06-08,CDMX,P042,3,28.0
V013759,T013758,2025-06-08,CDMX,P043,1,18.0
V013760,T013758,2025-06-08,CDMX,P047,1,95.0
V013761,T013761,2025-06-08,MTY,P105,1,145.0
V013762,T013762,2025-06-08,MTY,P041,1,35.0
V013763,T013762,2025-06-08,MTY,P043,3,18.0
V013764,T013764,2025-06-08,MTY,P009,1,85.0
V013765,T013764,2025-06-08,MTY,P106,3,55.0
V013766,T013766,2025-06-08,MTY,P080,2,280.0
V013767,T013767,2025-06-08,MTY,P026,3,65.0
V013768,T013767,2025-06-08,MTY,P004,1,6.0
V013769,T013769,2025-06-08,MTY,P080,3,280.0
V013770,T013769,2025-06-08,MTY,P029,3,95.0
V013771,T013771,2025-06-08,MTY,P008,2,180.0
V013772,T013772,2025-06-08,MTY,P065,1,30.0
V013773,T013773,2025-06-08,MTY,P026,1,65.0
V013774,T013774,2025-06-08,MTY,P103,2,120.0
V013775,T013775,2025-06-08,MTY,P080,2,280.0
V013776,T013775,2025-06-08,MTY,P027,1,320.0
V013777,T013777,2025-06-08,MTY,P024,1,6.0
V013778,T013777,2025-06-08,MTY,P028,1,180.0
V013779,T013779,2025-06-08,MTY,P022,1,150.0
V013780,T013779,2025-06-08,MTY,P023,1,40.0
V013781,T013779,2025-06-08,MTY,P009,2,85.0
V013782,T013782,2025-06-09,CUN,P042,1,28.0
V013783,T013782,2025-06-09,CUN,P043,2,18.0
V013784,T013784,2025-06-09,CUN,P100,2,1250.0
V013785,T013784,2025-06-09,CUN,P102,1,45.0
V013786,T013784,2025-06-09,CUN,P107,3,165.0
V013787,T013787,2025-06-09,CUN,P022,1,150.0
V013788,T013787,2025-06-09,CUN,P023,1,40.0
V013789,T013787,2025-06-09,CUN,P027,3,320.0
V013790,T013790,2025-06-09,CUN,P062,2,320.0
V013791,T013790,2025-06-09,CUN,P027,2,320.0
V013792,T013792,2025-06-09,CUN,P082,1,25.0
V013793,T013793,2025-06-09,CUN,P020,1,55.0
V013794,T013793,2025-06-09,CUN,P023,1,40.0
V013795,T013795,2025-06-09,CUN,P042,3,28.0
V013796,T013795,2025-06-09,CUN,P043,2,18.0
V013797,T013795,2025-06-09,CUN,P027,1,320.0
V013798,T013798,2025-06-09,CUN,P011,2,210.0
V013799,T013798,2025-06-09,CUN,P085,1,980.0
V013800,T013800,2025-06-09,MID,P064,1,38.0
V013801,T013800,2025-06-09,MID,P045,3,45.0
V013802,T013802,2025-06-09,MID,P065,3,30.0
V013803,T013802,2025-06-09,MID,P106,2,55.0
V013804,T013804,2025-06-09,MID,P020,2,55.0
V013805,T013805,2025-06-09,MID,P065,2,30.0
V013806,T013806,2025-06-09,MID,P063,2,45.0
V013807,T013806,2025-06-09,MID,P060,3,850.0
V013808,T013806,2025-06-09,MID,P041,2,35.0
V013809,T013809,2025-06-09,MID,P107,2,165.0
V013810,T013810,2025-06-09,MID,P002,1,180.0
V013811,T013810,2025-06-09,MID,P064,1,38.0
V013812,T013812,2025-06-09,MID,P006,2,12.0
V013813,T013813,2025-06-09,MID,P020,1,55.0
V013814,T013813,2025-06-09,MID,P023,2,40.0
V013815,T013815,2025-06-09,MID,P041,3,35.0
V013816,T013815,2025-06-09,MID,P043,1,18.0
V013817,T013815,2025-06-09,MID,P082,1,25.0
V013818,T013818,2025-06-09,MID,P102,2,45.0
V013819,T013819,2025-06-09,MID,P040,2,1450.0
V013820,T013819,2025-06-09,MID,P001,2,145.0
V013821,T013821,2025-06-09,MID,P042,2,28.0
V013822,T013821,2025-06-09,MID,P043,1,18.0
V013823,T013823,2025-06-09,MID,P027,1,320.0
V013824,T013824,2025-06-09,MID,P021,1,85.0
V013825,T013824,2025-06-09,MID,P023,2,40.0
V013826,T013826,2025-06-09,MID,P022,1,150.0
V013827,T013826,2025-06-09,MID,P023,1,40.0
V013828,T013826,2025-06-09,MID,P085,2,980.0
V013829,T013829,2025-06-09,MID,P022,1,150.0
V013830,T013829,2025-06-09,MID,P023,2,40.0
V013831,T013831,2025-06-09,MID,P100,3,1250.0
V013832,T013831,2025-06-09,MID,P102,1,45.0
V013833,T013831,2025-06-09,MID,P080,1,280.0
V013834,T013834,2025-06-09,MID,P006,1,12.0
V013835,T013834,2025-06-09,MID,P024,2,6.0
V013836,T013836,2025-06-09,CHI,P086,1,650.0
V013837,T013837,2025-06-09,CHI,P100,2,1250.0
V013838,T013837,2025-06-09,CHI,P101,3,35.0
V013839,T013839,2025-06-09,CHI,P102,2,45.0
V013840,T013840,2025-06-09,CHI,P047,1,95.0
V013841,T013841,2025-06-09,CHI,P100,1,1250.0
V013842,T013842,2025-06-09,CHI,P100,1,1250.0
V013843,T013842,2025-06-09,CHI,P005,1,65.0
V013844,T013844,2025-06-09,CHI,P100,1,1250.0
V013845,T013845,2025-06-09,CHI,P001,1,145.0
V013846,T013846,2025-06-09,CHI,P107,3,165.0
V013847,T013846,2025-06-09,CHI,P041,1,35.0
V013848,T013848,2025-06-09,CHI,P063,2,45.0
V013849,T013849,2025-06-09,CHI,P022,2,150.0
V013850,T013849,2025-06-09,CHI,P023,1,40.0
V013851,T013849,2025-06-09,CHI,P060,3,850.0
V013852,T013852,2025-06-09,CHI,P063,1,45.0
V013853,T013853,2025-06-09,CHI,P041,1,35.0
V013854,T013853,2025-06-09,CHI,P043,1,18.0
V013855,T013855,2025-06-09,CHI,P020,1,55.0
V013856,T013855,2025-06-09,CHI,P023,1,40.0
V013857,T013855,2025-06-09,CHI,P021,2,85.0
V013858,T013858,2025-06-09,CHI,P009,3,85.0
V013859,T013858,2025-06-09,CHI,P029,1,95.0
V013860,T013860,2025-06-09,CHI,P027,1,320.0
V013861,T013860,2025-06-09,CHI,P064,1,38.0
V013862,T013862,2025-06-09,CHI,P013,2,45.0
V013863,T013863,2025-06-09,CHI,P040,1,1450.0
V013864,T013864,2025-06-09,CHI,P042,3,28.0
V013865,T013864,2025-06-09,CHI,P043,2,18.0
V013866,T013864,2025-06-09,CHI,P025,3,35.0
V013867,T013867,2025-06-09,CHI,P042,1,28.0
V013868,T013867,2025-06-09,CHI,P043,2,18.0
V013869,T013867,2025-06-09,CHI,P028,1,180.0
V013870,T013870,2025-06-09,CDMX,P064,2,38.0
V013871,T013870,2025-06-09,CDMX,P061,2,165.0
V013872,T013870,2025-06-09,CDMX,P044,2,22.0
V013873,T013873,2025-06-09,CDMX,P022,3,150.0
V013874,T013873,2025-06-09,CDMX,P023,2,40.0
V013875,T013875,2025-06-09,CDMX,P065,1,30.0
V013876,T013876,2025-06-09,CDMX,P084,1,18.0
V013877,T013877,2025-06-09,CDMX,P021,2,85.0
V013878,T013877,2025-06-09,CDMX,P023,1,40.0
V013879,T013877,2025-06-09,CDMX,P083,1,65.0
V013880,T013880,2025-06-09,CDMX,P041,1,35.0
V013881,T013880,2025-06-09,CDMX,P043,1,18.0
V013882,T013880,2025-06-09,CDMX,P084,1,18.0
V013883,T013883,2025-06-09,CDMX,P026,2,65.0
V013884,T013883,2025-06-09,CDMX,P062,1,320.0
V013885,T013885,2025-06-09,CDMX,P083,1,65.0
V013886,T013885,2025-06-09,CDMX,P060,1,850.0
V013887,T013887,2025-06-09,CDMX,P100,3,1250.0
V013888,T013887,2025-06-09,CDMX,P102,1,45.0
V013889,T013889,2025-06-09,CDMX,P005,2,65.0
V013890,T013889,2025-06-09,CDMX,P020,2,55.0
V013891,T013891,2025-06-09,CDMX,P086,2,650.0
V013892,T013892,2025-06-09,MTY,P045,2,45.0
V013893,T013892,2025-06-09,MTY,P029,2,95.0
V013894,T013894,2025-06-09,MTY,P063,1,45.0
V013895,T013894,2025-06-09,MTY,P060,1,850.0
V013896,T013896,2025-06-09,MTY,P100,3,1250.0
V013897,T013896,2025-06-09,MTY,P102,1,45.0
V013898,T013896,2025-06-09,MTY,P026,1,65.0
V013899,T013899,2025-06-09,MTY,P001,1,145.0
V013900,T013900,2025-06-09,MTY,P006,1,12.0
V013901,T013900,2025-06-09,MTY,P020,2,55.0
V013902,T013902,2025-06-09,MTY,P101,1,35.0
V013903,T013902,2025-06-09,MTY,P064,3,38.0
V013904,T013904,2025-06-09,MTY,P006,1,12.0
V013905,T013904,2025-06-09,MTY,P063,1,45.0
V013906,T013906,2025-06-09,MTY,P060,1,850.0
V013907,T013906,2025-06-09,MTY,P066,2,55.0
V013908,T013908,2025-06-09,MTY,P064,2,38.0
V013909,T013908,2025-06-09,MTY,P061,1,165.0
V013910,T013908,2025-06-09,MTY,P029,2,95.0
V013911,T013911,2025-06-09,MTY,P085,1,980.0
V013912,T013911,2025-06-09,MTY,P061,3,165.0
V013913,T013913,2025-06-09,MTY,P026,2,65.0
V013914,T013914,2025-06-09,MTY,P007,2,95.0
V013915,T013915,2025-06-09,MTY,P062,3,320.0
V013916,T013916,2025-06-09,MTY,P082,2,25.0
V013917,T013916,2025-06-09,MTY,P064,2,38.0
V013918,T013918,2025-06-09,MTY,P022,1,150.0
V013919,T013918,2025-06-09,MTY,P023,2,40.0
V013920,T013920,2025-06-10,CUN,P100,1,1250.0
V013921,T013920,2025-06-10,CUN,P101,1,35.0
V013922,T013922,2025-06-10,CUN,P011,1,210.0
V013923,T013922,2025-06-10,CUN,P081,2,65.0
V013924,T013924,2025-06-10,CUN,P045,1,45.0
V013925,T013924,2025-06-10,CUN,P008,2,180.0
V013926,T013926,2025-06-10,CUN,P042,2,28.0
V013927,T013926,2025-06-10,CUN,P043,2,18.0
V013928,T013928,2025-06-10,CUN,P064,3,38.0
V013929,T013929,2025-06-10,CUN,P026,1,65.0
V013930,T013930,2025-06-10,CUN,P040,1,1450.0
V013931,T013931,2025-06-10,CUN,P005,3,65.0
V013932,T013932,2025-06-10,CUN,P027,2,320.0
V013933,T013933,2025-06-10,CUN,P025,2,35.0
V013934,T013934,2025-06-10,CUN,P063,1,45.0
V013935,T013934,2025-06-10,CUN,P060,1,850.0
V013936,T013934,2025-06-10,CUN,P084,1,18.0
V013937,T013937,2025-06-10,CUN,P063,3,45.0
V013938,T013937,2025-06-10,CUN,P060,2,850.0
V013939,T013937,2025-06-10,CUN,P085,2,980.0
V013940,T013940,2025-06-10,CUN,P030,1,180.0
V013941,T013940,2025-06-10,CUN,P043,1,18.0
V013942,T013942,2025-06-10,CUN,P046,2,280.0
V013943,T013943,2025-06-10,CUN,P101,1,35.0
V013944,T013943,2025-06-10,CUN,P100,2,1250.0
V013945,T013945,2025-06-10,CUN,P003,2,8.5
V013946,T013946,2025-06-10,CUN,P021,3,85.0
V013947,T013946,2025-06-10,CUN,P011,1,210.0
V013948,T013948,2025-06-10,MID,P022,3,150.0
V013949,T013948,2025-06-10,MID,P023,1,40.0
V013950,T013950,2025-06-10,MID,P042,2,28.0
V013951,T013950,2025-06-10,MID,P043,2,18.0
V013952,T013952,2025-06-10,MID,P003,2,8.5
V013953,T013953,2025-06-10,MID,P064,2,38.0
V013954,T013953,2025-06-10,MID,P061,1,165.0
V013955,T013953,2025-06-10,MID,P022,1,150.0
V013956,T013956,2025-06-10,MID,P001,2,145.0
V013957,T013957,2025-06-10,MID,P104,1,95.0
V013958,T013958,2025-06-10,MID,P013,2,45.0
V013959,T013958,2025-06-10,MID,P085,1,980.0
V013960,T013960,2025-06-10,MID,P022,3,150.0
V013961,T013960,2025-06-10,MID,P023,3,40.0
V013962,T013962,2025-06-10,MID,P009,2,85.0
V013963,T013963,2025-06-10,MID,P048,1,180.0
V013964,T013963,2025-06-10,MID,P007,3,95.0
V013965,T013965,2025-06-10,MID,P064,2,38.0
V013966,T013965,2025-06-10,MID,P061,1,165.0
V013967,T013967,2025-06-10,MID,P100,2,1250.0
V013968,T013967,2025-06-10,MID,P101,3,35.0
V013969,T013967,2025-06-10,MID,P027,2,320.0
V013970,T013970,2025-06-10,MID,P064,1,38.0
V013971,T013970,2025-06-10,MID,P061,1,165.0
V013972,T013970,2025-06-10,MID,P107,2,165.0
V013973,T013973,2025-06-10,MID,P041,1,35.0
V013974,T013973,2025-06-10,MID,P043,1,18.0
V013975,T013973,2025-06-10,MID,P030,2,180.0
V013976,T013976,2025-06-10,MID,P027,1,320.0
V013977,T013976,2025-06-10,MID,P030,1,180.0
V013978,T013978,2025-06-10,MID,P063,1,45.0
V013979,T013978,2025-06-10,MID,P060,1,850.0
V013980,T013978,2025-06-10,MID,P021,1,85.0
V013981,T013981,2025-06-10,MID,P048,2,180.0
V013982,T013981,2025-06-10,MID,P028,1,180.0
V013983,T013983,2025-06-10,MID,P006,3,12.0
V013984,T013984,2025-06-10,MID,P063,1,45.0
V013985,T013984,2025-06-10,MID,P065,2,30.0
V013986,T013986,2025-06-10,MID,P084,2,18.0
V013987,T013987,2025-06-10,MID,P026,2,65.0
V013988,T013988,2025-06-10,MID,P048,2,180.0
V013989,T013989,2025-06-10,CHI,P064,1,38.0
V013990,T013989,2025-06-10,CHI,P061,1,165.0
V013991,T013991,2025-06-10,CHI,P020,2,55.0
V013992,T013991,2025-06-10,CHI,P023,1,40.0
V013993,T013991,2025-06-10,CHI,P013,1,45.0
V013994,T013994,2025-06-10,CHI,P105,1,145.0
V013995,T013995,2025-06-10,CHI,P009,1,85.0
V013996,T013995,2025-06-10,CHI,P105,2,145.0
V013997,T013997,2025-06-10,CHI,P020,1,55.0
V013998,T013997,2025-06-10,CHI,P023,2,40.0
V013999,T013997,2025-06-10,CHI,P028,1,180.0
V014000,T014000,2025-06-10,CHI,P048,1,180.0
V014001,T014001,2025-06-10,CHI,P083,2,65.0
V014002,T014002,2025-06-10,CHI,P062,1,320.0
V014003,T014003,2025-06-10,CHI,P010,1,120.0
V014004,T014003,2025-06-10,CHI,P001,1,145.0
V014005,T014005,2025-06-10,CHI,P006,2,12.0
V014006,T014005,2025-06-10,CHI,P028,3,180.0
V014007,T014007,2025-06-10,CHI,P100,1,1250.0
V014008,T014007,2025-06-10,CHI,P102,1,45.0
V014009,T014007,2025-06-10,CHI,P005,3,65.0
V014010,T014010,2025-06-10,CHI,P022,1,150.0
V014011,T014010,2025-06-10,CHI,P023,1,40.0
V014012,T014010,2025-06-10,CHI,P001,2,145.0
V014013,T014013,2025-06-10,CHI,P100,2,1250.0
V014014,T014013,2025-06-10,CHI,P101,1,35.0
V014015,T014013,2025-06-10,CHI,P064,3,38.0
V014016,T014016,2025-06-10,CHI,P009,1,85.0
V014017,T014017,2025-06-10,CHI,P106,2,55.0
V014018,T014017,2025-06-10,CHI,P007,3,95.0
V014019,T014019,2025-06-10,CHI,P001,2,145.0
V014020,T014020,2025-06-10,CHI,P064,3,38.0
V014021,T014020,2025-06-10,CHI,P061,3,165.0
V014022,T014022,2025-06-10,CHI,P028,2,180.0
V014023,T014023,2025-06-10,CHI,P082,3,25.0
V014024,T014023,2025-06-10,CHI,P026,3,65.0
V014025,T014025,2025-06-10,CDMX,P021,2,85.0
V014026,T014025,2025-06-10,CDMX,P023,1,40.0
V014027,T014025,2025-06-10,CDMX,P104,2,95.0
V014028,T014028,2025-06-10,CDMX,P065,3,30.0
V014029,T014028,2025-06-10,CDMX,P104,2,95.0
V014030,T014030,2025-06-10,CDMX,P041,2,35.0
V014031,T014030,2025-06-10,CDMX,P062,1,320.0
V014032,T014032,2025-06-10,CDMX,P048,2,180.0
V014033,T014032,2025-06-10,CDMX,P020,1,55.0
V014034,T014034,2025-06-10,CDMX,P024,3,6.0
V014035,T014034,2025-06-10,CDMX,P012,2,980.0
V014036,T014036,2025-06-10,CDMX,P085,1,980.0
V014037,T014036,2025-06-10,CDMX,P062,1,320.0
V014038,T014038,2025-06-10,CDMX,P047,3,95.0
V014039,T014038,2025-06-10,CDMX,P028,1,180.0
V014040,T014040,2025-06-10,CDMX,P007,1,95.0
V014041,T014041,2025-06-10,CDMX,P100,2,1250.0
V014042,T014041,2025-06-10,CDMX,P086,3,650.0
V014043,T014043,2025-06-10,CDMX,P100,2,1250.0
V014044,T014043,2025-06-10,CDMX,P101,3,35.0
V014045,T014045,2025-06-10,CDMX,P041,2,35.0
V014046,T014045,2025-06-10,CDMX,P043,2,18.0
V014047,T014045,2025-06-10,CDMX,P028,1,180.0
V014048,T014048,2025-06-10,CDMX,P005,2,65.0
V014049,T014048,2025-06-10,CDMX,P086,1,650.0
V014050,T014050,2025-06-10,CDMX,P042,2,28.0
V014051,T014050,2025-06-10,CDMX,P043,1,18.0
V014052,T014052,2025-06-10,CDMX,P011,2,210.0
V014053,T014053,2025-06-10,CDMX,P022,1,150.0
V014054,T014054,2025-06-10,CDMX,P085,2,980.0
V014055,T014054,2025-06-10,CDMX,P007,2,95.0
V014056,T014056,2025-06-10,CDMX,P042,2,28.0
V014057,T014056,2025-06-10,CDMX,P006,3,12.0
V014058,T014058,2025-06-10,CDMX,P063,1,45.0
V014059,T014058,2025-06-10,CDMX,P060,2,850.0
V014060,T014058,2025-06-10,CDMX,P086,1,650.0
V014061,T014061,2025-06-10,CDMX,P085,2,980.0
V014062,T014062,2025-06-10,CDMX,P063,3,45.0
V014063,T014062,2025-06-10,CDMX,P060,2,850.0
V014064,T014064,2025-06-10,CDMX,P002,1,180.0
V014065,T014065,2025-06-10,MTY,P042,1,28.0
V014066,T014065,2025-06-10,MTY,P043,1,18.0
V014067,T014067,2025-06-10,MTY,P100,3,1250.0
V014068,T014068,2025-06-10,MTY,P045,2,45.0
V014069,T014068,2025-06-10,MTY,P083,2,65.0
V014070,T014070,2025-06-10,MTY,P041,2,35.0
V014071,T014070,2025-06-10,MTY,P043,2,18.0
V014072,T014072,2025-06-10,MTY,P063,1,45.0
V014073,T014072,2025-06-10,MTY,P060,3,850.0
V014074,T014072,2025-06-10,MTY,P066,2,55.0
V014075,T014075,2025-06-10,MTY,P084,2,18.0
V014076,T014075,2025-06-10,MTY,P028,3,180.0
V014077,T014077,2025-06-10,MTY,P013,3,45.0
V014078,T014077,2025-06-10,MTY,P020,3,55.0
V014079,T014079,2025-06-10,MTY,P103,2,120.0
V014080,T014080,2025-06-10,MTY,P040,1,1450.0
V014081,T014081,2025-06-10,MTY,P025,1,35.0
V014082,T014081,2025-06-10,MTY,P061,2,165.0
V014083,T014083,2025-06-10,MTY,P062,2,320.0
V014084,T014083,2025-06-10,MTY,P064,2,38.0
V014085,T014085,2025-06-10,MTY,P100,1,1250.0
V014086,T014085,2025-06-10,MTY,P101,1,35.0
V014087,T014085,2025-06-10,MTY,P063,3,45.0
V014088,T014088,2025-06-10,MTY,P062,1,320.0
V014089,T014089,2025-06-10,MTY,P011,2,210.0
V014090,T014089,2025-06-10,MTY,P103,2,120.0
V014091,T014091,2025-06-10,MTY,P024,2,6.0
V014092,T014092,2025-06-10,MTY,P020,1,55.0
V014093,T014092,2025-06-10,MTY,P023,1,40.0
V014094,T014092,2025-06-10,MTY,P029,2,95.0
V014095,T014095,2025-06-10,MTY,P064,2,38.0
V014096,T014095,2025-06-10,MTY,P061,3,165.0
V014097,T014095,2025-06-10,MTY,P041,1,35.0
V014098,T014098,2025-06-11,CUN,P001,1,145.0
V014099,T014098,2025-06-11,CUN,P060,2,850.0
V014100,T014100,2025-06-11,CUN,P106,1,55.0
V014101,T014101,2025-06-11,CUN,P047,2,95.0
V014102,T014101,2025-06-11,CUN,P027,2,320.0
V014103,T014103,2025-06-11,CUN,P041,2,35.0
V014104,T014103,2025-06-11,CUN,P043,1,18.0
V014105,T014103,2025-06-11,CUN,P022,2,150.0
V014106,T014106,2025-06-11,CUN,P028,2,180.0
V014107,T014106,2025-06-11,CUN,P030,3,180.0
V014108,T014108,2025-06-11,CUN,P100,3,1250.0
V014109,T014109,2025-06-11,CUN,P101,2,35.0
V014110,T014109,2025-06-11,CUN,P106,2,55.0
V014111,T014111,2025-06-11,CUN,P022,1,150.0
V014112,T014111,2025-06-11,CUN,P023,2,40.0
V014113,T014111,2025-06-11,CUN,P106,1,55.0
V014114,T014114,2025-06-11,CUN,P042,2,28.0
V014115,T014114,2025-06-11,CUN,P024,2,6.0
V014116,T014116,2025-06-11,CUN,P083,1,65.0
V014117,T014116,2025-06-11,CUN,P027,1,320.0
V014118,T014118,2025-06-11,CUN,P021,2,85.0
V014119,T014118,2025-06-11,CUN,P023,1,40.0
V014120,T014120,2025-06-11,CUN,P065,3,30.0
V014121,T014121,2025-06-11,CUN,P020,1,55.0
V014122,T014121,2025-06-11,CUN,P023,1,40.0
V014123,T014121,2025-06-11,CUN,P046,2,280.0
V014124,T014124,2025-06-11,CUN,P100,1,1250.0
V014125,T014124,2025-06-11,CUN,P102,2,45.0
V014126,T014126,2025-06-11,CUN,P101,3,35.0
V014127,T014127,2025-06-11,CUN,P100,2,1250.0
V014128,T014127,2025-06-11,CUN,P101,1,35.0
V014129,T014127,2025-06-11,CUN,P085,2,980.0
V014130,T014130,2025-06-11,CUN,P003,1,8.5
V014131,T014131,2025-06-11,MID,P100,2,1250.0
V014132,T014131,2025-06-11,MID,P102,1,45.0
V014133,T014131,2025-06-11,MID,P046,2,280.0
V014134,T014134,2025-06-11,MID,P021,1,85.0
V014135,T014134,2025-06-11,MID,P023,1,40.0
V014136,T014134,2025-06-11,MID,P001,3,145.0
V014137,T014137,2025-06-11,MID,P023,3,40.0
V014138,T014138,2025-06-11,MID,P021,2,85.0
V014139,T014138,2025-06-11,MID,P023,3,40.0
V014140,T014138,2025-06-11,MID,P106,1,55.0
V014141,T014141,2025-06-11,MID,P063,3,45.0
V014142,T014141,2025-06-11,MID,P060,1,850.0
V014143,T014143,2025-06-11,MID,P011,1,210.0
V014144,T014144,2025-06-11,MID,P022,2,150.0
V014145,T014144,2025-06-11,MID,P023,3,40.0
V014146,T014144,2025-06-11,MID,P040,2,1450.0
V014147,T014147,2025-06-11,MID,P041,1,35.0
V014148,T014147,2025-06-11,MID,P043,1,18.0
V014149,T014149,2025-06-11,MID,P085,2,980.0
V014150,T014149,2025-06-11,MID,P030,2,180.0
V014151,T014151,2025-06-11,CHI,P080,3,280.0
V014152,T014151,2025-06-11,CHI,P011,2,210.0
V014153,T014153,2025-06-11,CHI,P027,1,320.0
V014154,T014154,2025-06-11,CHI,P102,1,45.0
V014155,T014155,2025-06-11,CHI,P041,2,35.0
V014156,T014155,2025-06-11,CHI,P043,2,18.0
V014157,T014157,2025-06-11,CHI,P100,3,1250.0
V014158,T014157,2025-06-11,CHI,P101,1,35.0
V014159,T014157,2025-06-11,CHI,P063,1,45.0
V014160,T014160,2025-06-11,CHI,P048,3,180.0
V014161,T014160,2025-06-11,CHI,P020,2,55.0
V014162,T014162,2025-06-11,CHI,P080,3,280.0
V014163,T014163,2025-06-11,CHI,P085,2,980.0
V014164,T014163,2025-06-11,CHI,P028,1,180.0
V014165,T014165,2025-06-11,CHI,P001,1,145.0
V014166,T014165,2025-06-11,CHI,P028,2,180.0
V014167,T014167,2025-06-11,CHI,P063,1,45.0
V014168,T014167,2025-06-11,CHI,P060,1,850.0
V014169,T014167,2025-06-11,CHI,P020,2,55.0
V014170,T014170,2025-06-11,CHI,P004,2,6.0
V014171,T014170,2025-06-11,CHI,P086,2,650.0
V014172,T014172,2025-06-11,CHI,P064,3,38.0
V014173,T014173,2025-06-11,CHI,P065,1,30.0
V014174,T014173,2025-06-11,CHI,P003,1,8.5
V014175,T014175,2025-06-11,CHI,P060,2,850.0
V014176,T014176,2025-06-11,CHI,P100,2,1250.0
V014177,T014176,2025-06-11,CHI,P101,1,35.0
V014178,T014176,2025-06-11,CHI,P028,1,180.0
V014179,T014179,2025-06-11,CHI,P001,2,145.0
V014180,T014180,2025-06-11,CHI,P046,1,280.0
V014181,T014180,2025-06-11,CHI,P100,1,1250.0
V014182,T014182,2025-06-11,CHI,P046,1,280.0
V014183,T014183,2025-06-11,CHI,P060,1,850.0
V014184,T014183,2025-06-11,CHI,P103,2,120.0
V014185,T014185,2025-06-11,CHI,P046,3,280.0
V014186,T014186,2025-06-11,CHI,P013,1,45.0
V014187,T014186,2025-06-11,CHI,P028,1,180.0
V014188,T014188,2025-06-11,CDMX,P104,2,95.0
V014189,T014188,2025-06-11,CDMX,P083,2,65.0
V014190,T014190,2025-06-11,CDMX,P063,2,45.0
V014191,T014190,2025-06-11,CDMX,P060,2,850.0
V014192,T014190,2025-06-11,CDMX,P029,1,95.0
V014193,T014193,2025-06-11,CDMX,P105,1,145.0
V014194,T014194,2025-06-11,CDMX,P007,1,95.0
V014195,T014195,2025-06-11,CDMX,P046,1,280.0
V014196,T014196,2025-06-11,CDMX,P029,1,95.0
V014197,T014196,2025-06-11,CDMX,P040,3,1450.0
V014198,T014198,2025-06-11,CDMX,P003,1,8.5
V014199,T014199,2025-06-11,CDMX,P101,2,35.0
V014200,T014200,2025-06-11,CDMX,P100,1,1250.0
V014201,T014200,2025-06-11,CDMX,P102,2,45.0
V014202,T014200,2025-06-11,CDMX,P066,1,55.0
V014203,T014203,2025-06-11,CDMX,P063,1,45.0
V014204,T014203,2025-06-11,CDMX,P060,2,850.0
V014205,T014205,2025-06-11,CDMX,P064,1,38.0
V014206,T014205,2025-06-11,CDMX,P061,3,165.0
V014207,T014205,2025-06-11,CDMX,P103,3,120.0
V014208,T014208,2025-06-11,CDMX,P040,1,1450.0
V014209,T014208,2025-06-11,CDMX,P020,2,55.0
V014210,T014210,2025-06-11,CDMX,P022,1,150.0
V014211,T014210,2025-06-11,CDMX,P106,1,55.0
V014212,T014212,2025-06-11,CDMX,P063,1,45.0
V014213,T014212,2025-06-11,CDMX,P060,1,850.0
V014214,T014212,2025-06-11,CDMX,P027,3,320.0
V014215,T014215,2025-06-11,CDMX,P060,3,850.0
V014216,T014216,2025-06-11,MTY,P001,1,145.0
V014217,T014217,2025-06-11,MTY,P100,1,1250.0
V014218,T014218,2025-06-11,MTY,P040,3,1450.0
V014219,T014218,2025-06-11,MTY,P044,2,22.0
V014220,T014220,2025-06-11,MTY,P085,2,980.0
V014221,T014221,2025-06-11,MTY,P040,2,1450.0
V014222,T014222,2025-06-11,MTY,P023,1,40.0
V014223,T014222,2025-06-11,MTY,P065,1,30.0
V014224,T014224,2025-06-11,MTY,P002,3,180.0
V014225,T014224,2025-06-11,MTY,P045,1,45.0
V014226,T014226,2025-06-11,MTY,P101,1,35.0
V014227,T014226,2025-06-11,MTY,P100,2,1250.0
V014228,T014228,2025-06-11,MTY,P063,1,45.0
V014229,T014229,2025-06-11,MTY,P103,1,120.0
V014230,T014230,2025-06-12,CUN,P024,1,6.0
V014231,T014230,2025-06-12,CUN,P081,3,65.0
V014232,T014232,2025-06-12,CUN,P100,1,1250.0
V014233,T014232,2025-06-12,CUN,P102,2,45.0
V014234,T014234,2025-06-12,CUN,P041,1,35.0
V014235,T014234,2025-06-12,CUN,P043,3,18.0
V014236,T014236,2025-06-12,CUN,P100,1,1250.0
V014237,T014236,2025-06-12,CUN,P102,1,45.0
V014238,T014236,2025-06-12,CUN,P027,2,320.0
V014239,T014239,2025-06-12,CUN,P027,2,320.0
V014240,T014240,2025-06-12,CUN,P022,1,150.0
V014241,T014240,2025-06-12,CUN,P066,1,55.0
V014242,T014242,2025-06-12,CUN,P041,1,35.0
V014243,T014242,2025-06-12,CUN,P043,2,18.0
V014244,T014242,2025-06-12,CUN,P101,1,35.0
V014245,T014245,2025-06-12,CUN,P013,2,45.0
V014246,T014245,2025-06-12,CUN,P025,1,35.0
V014247,T014247,2025-06-12,CUN,P100,2,1250.0
V014248,T014247,2025-06-12,CUN,P101,2,35.0
V014249,T014249,2025-06-12,CUN,P006,2,12.0
V014250,T014250,2025-06-12,CUN,P043,1,18.0
V014251,T014251,2025-06-12,CUN,P063,2,45.0
V014252,T014251,2025-06-12,CUN,P060,2,850.0
V014253,T014251,2025-06-12,CUN,P030,2,180.0
V014254,T014254,2025-06-12,CUN,P042,1,28.0
V014255,T014254,2025-06-12,CUN,P043,1,18.0
V014256,T014256,2025-06-12,CUN,P004,2,6.0
V014257,T014257,2025-06-12,CUN,P061,1,165.0
V014258,T014257,2025-06-12,CUN,P002,1,180.0
V014259,T014259,2025-06-12,CUN,P012,3,980.0
V014260,T014260,2025-06-12,CUN,P041,1,35.0
V014261,T014260,2025-06-12,CUN,P085,2,980.0
V014262,T014262,2025-06-12,CUN,P064,2,38.0
V014263,T014262,2025-06-12,CUN,P061,1,165.0
V014264,T014262,2025-06-12,CUN,P001,2,145.0
V014265,T014265,2025-06-12,CUN,P100,1,1250.0
V014266,T014265,2025-06-12,CUN,P101,2,35.0
V014267,T014265,2025-06-12,CUN,P028,1,180.0
V014268,T014268,2025-06-12,MID,P084,1,18.0
V014269,T014269,2025-06-12,MID,P048,1,180.0
V014270,T014270,2025-06-12,MID,P082,3,25.0
V014271,T014270,2025-06-12,MID,P046,1,280.0
V014272,T014272,2025-06-12,MID,P022,1,150.0
V014273,T014272,2025-06-12,MID,P060,3,850.0
V014274,T014274,2025-06-12,MID,P021,1,85.0
V014275,T014274,2025-06-12,MID,P023,2,40.0
V014276,T014274,2025-06-12,MID,P105,2,145.0
V014277,T014277,2025-06-12,MID,P064,1,38.0
V014278,T014277,2025-06-12,MID,P061,2,165.0
V014279,T014277,2025-06-12,MID,P107,1,165.0
V014280,T014280,2025-06-12,MID,P060,2,850.0
V014281,T014280,2025-06-12,MID,P065,3,30.0
V014282,T014282,2025-06-12,MID,P064,1,38.0
V014283,T014282,2025-06-12,MID,P061,1,165.0
V014284,T014282,2025-06-12,MID,P101,1,35.0
V014285,T014285,2025-06-12,MID,P048,1,180.0
V014286,T014285,2025-06-12,MID,P030,2,180.0
V014287,T014287,2025-06-12,MID,P102,3,45.0
V014288,T014287,2025-06-12,MID,P004,1,6.0
V014289,T014289,2025-06-12,MID,P064,1,38.0
V014290,T014289,2025-06-12,MID,P061,2,165.0
V014291,T014291,2025-06-12,CHI,P021,1,85.0
V014292,T014291,2025-06-12,CHI,P023,1,40.0
V014293,T014291,2025-06-12,CHI,P060,2,850.0
V014294,T014294,2025-06-12,CHI,P066,2,55.0
V014295,T014294,2025-06-12,CHI,P085,1,980.0
V014296,T014296,2025-06-12,CHI,P024,2,6.0
V014297,T014296,2025-06-12,CHI,P002,3,180.0
V014298,T014298,2025-06-12,CHI,P061,1,165.0
V014299,T014298,2025-06-12,CHI,P107,1,165.0
V014300,T014300,2025-06-12,CHI,P043,3,18.0
V014301,T014300,2025-06-12,CHI,P100,1,1250.0
V014302,T014302,2025-06-12,CHI,P041,2,35.0
V014303,T014302,2025-06-12,CHI,P043,1,18.0
V014304,T014304,2025-06-12,CHI,P042,1,28.0
V014305,T014304,2025-06-12,CHI,P043,2,18.0
V014306,T014306,2025-06-12,CHI,P021,1,85.0
V014307,T014306,2025-06-12,CHI,P023,3,40.0
V014308,T014308,2025-06-12,CHI,P011,1,210.0
V014309,T014309,2025-06-12,CHI,P041,1,35.0
V014310,T014309,2025-06-12,CHI,P043,1,18.0
V014311,T014311,2025-06-12,CHI,P100,2,1250.0
V014312,T014311,2025-06-12,CHI,P029,1,95.0
V014313,T014313,2025-06-12,CHI,P063,1,45.0
V014314,T014313,2025-06-12,CHI,P060,1,850.0
V014315,T014313,2025-06-12,CHI,P020,2,55.0
V014316,T014316,2025-06-12,CHI,P023,1,40.0
V014317,T014316,2025-06-12,CHI,P080,1,280.0
V014318,T014318,2025-06-12,CHI,P005,2,65.0
V014319,T014318,2025-06-12,CHI,P103,3,120.0
V014320,T014320,2025-06-12,CHI,P022,1,150.0
V014321,T014320,2025-06-12,CHI,P023,2,40.0
V014322,T014320,2025-06-12,CHI,P084,3,18.0
V014323,T014323,2025-06-12,CHI,P005,1,65.0
V014324,T014323,2025-06-12,CHI,P062,2,320.0
V014325,T014325,2025-06-12,CHI,P083,2,65.0
V014326,T014325,2025-06-12,CHI,P007,2,95.0
V014327,T014327,2025-06-12,CDMX,P022,1,150.0
V014328,T014327,2025-06-12,CDMX,P023,1,40.0
V014329,T014327,2025-06-12,CDMX,P029,1,95.0
V014330,T014330,2025-06-12,CDMX,P046,3,280.0
V014331,T014331,2025-06-12,CDMX,P021,1,85.0
V014332,T014331,2025-06-12,CDMX,P023,1,40.0
V014333,T014331,2025-06-12,CDMX,P048,1,180.0
V014334,T014334,2025-06-12,CDMX,P084,1,18.0
V014335,T014335,2025-06-12,CDMX,P022,1,150.0
V014336,T014335,2025-06-12,CDMX,P023,1,40.0
V014337,T014335,2025-06-12,CDMX,P048,2,180.0
V014338,T014338,2025-06-12,CDMX,P042,3,28.0
V014339,T014338,2025-06-12,CDMX,P043,1,18.0
V014340,T014338,2025-06-12,CDMX,P080,2,280.0
V014341,T014341,2025-06-12,CDMX,P029,2,95.0
V014342,T014341,2025-06-12,CDMX,P048,1,180.0
V014343,T014343,2025-06-12,CDMX,P100,3,1250.0
V014344,T014343,2025-06-12,CDMX,P102,2,45.0
V014345,T014345,2025-06-12,CDMX,P041,2,35.0
V014346,T014345,2025-06-12,CDMX,P043,2,18.0
V014347,T014347,2025-06-12,CDMX,P105,3,145.0
V014348,T014347,2025-06-12,CDMX,P045,1,45.0
V014349,T014349,2025-06-12,CDMX,P064,2,38.0
V014350,T014350,2025-06-12,CDMX,P020,1,55.0
V014351,T014350,2025-06-12,CDMX,P023,3,40.0
V014352,T014350,2025-06-12,CDMX,P004,2,6.0
V014353,T014353,2025-06-12,CDMX,P082,1,25.0
V014354,T014353,2025-06-12,CDMX,P047,1,95.0
V014355,T014355,2025-06-12,CDMX,P020,1,55.0
V014356,T014355,2025-06-12,CDMX,P011,2,210.0
V014357,T014357,2025-06-12,CDMX,P042,3,28.0
V014358,T014357,2025-06-12,CDMX,P043,1,18.0
V014359,T014357,2025-06-12,CDMX,P040,2,1450.0
V014360,T014360,2025-06-12,CDMX,P021,1,85.0
V014361,T014360,2025-06-12,CDMX,P023,3,40.0
V014362,T014360,2025-06-12,CDMX,P041,1,35.0
V014363,T014363,2025-06-12,MTY,P042,2,28.0
V014364,T014363,2025-06-12,MTY,P043,3,18.0
V014365,T014363,2025-06-12,MTY,P044,1,22.0
V014366,T014366,2025-06-12,MTY,P060,2,850.0
V014367,T014366,2025-06-12,MTY,P063,1,45.0
V014368,T014368,2025-06-12,MTY,P102,2,45.0
V014369,T014368,2025-06-12,MTY,P028,1,180.0
V014370,T014370,2025-06-12,MTY,P021,1,85.0
V014371,T014370,2025-06-12,MTY,P065,2,30.0
V014372,T014372,2025-06-12,MTY,P022,1,150.0
V014373,T014372,2025-06-12,MTY,P023,1,40.0
V014374,T014372,2025-06-12,MTY,P007,2,95.0
V014375,T014375,2025-06-12,MTY,P020,1,55.0
V014376,T014376,2025-06-12,MTY,P005,1,65.0
V014377,T014376,2025-06-12,MTY,P020,1,55.0
V014378,T014378,2025-06-12,MTY,P020,3,55.0
V014379,T014378,2025-06-12,MTY,P023,1,40.0
V014380,T014378,2025-06-12,MTY,P060,2,850.0
V014381,T014381,2025-06-13,CUN,P082,2,25.0
V014382,T014382,2025-06-13,CUN,P020,1,55.0
V014383,T014383,2025-06-13,CUN,P041,1,35.0
V014384,T014383,2025-06-13,CUN,P006,1,12.0
V014385,T014385,2025-06-13,CUN,P100,2,1250.0
V014386,T014385,2025-06-13,CUN,P102,2,45.0
V014387,T014385,2025-06-13,CUN,P027,1,320.0
V014388,T014388,2025-06-13,CUN,P100,1,1250.0
V014389,T014388,2025-06-13,CUN,P102,1,45.0
V014390,T014388,2025-06-13,CUN,P047,2,95.0
V014391,T014391,2025-06-13,CUN,P029,3,95.0
V014392,T014391,2025-06-13,CUN,P027,3,320.0
V014393,T014393,2025-06-13,CUN,P041,1,35.0
V014394,T014393,2025-06-13,CUN,P060,1,850.0
V014395,T014395,2025-06-13,CUN,P100,1,1250.0
V014396,T014395,2025-06-13,CUN,P102,1,45.0
V014397,T014397,2025-06-13,CUN,P002,2,180.0
V014398,T014397,2025-06-13,CUN,P022,2,150.0
V014399,T014399,2025-06-13,CUN,P026,3,65.0
V014400,T014399,2025-06-13,CUN,P027,2,320.0
V014401,T014401,2025-06-13,CUN,P100,1,1250.0
V014402,T014401,2025-06-13,CUN,P101,1,35.0
V014403,T014403,2025-06-13,CUN,P066,2,55.0
V014404,T014403,2025-06-13,CUN,P107,2,165.0
V014405,T014405,2025-06-13,CUN,P042,1,28.0
V014406,T014405,2025-06-13,CUN,P043,2,18.0
V014407,T014405,2025-06-13,CUN,P081,2,65.0
V014408,T014408,2025-06-13,CUN,P021,1,85.0
V014409,T014409,2025-06-13,CUN,P003,3,8.5
V014410,T014410,2025-06-13,MID,P100,2,1250.0
V014411,T014410,2025-06-13,MID,P101,3,35.0
V014412,T014412,2025-06-13,MID,P004,3,6.0
V014413,T014413,2025-06-13,MID,P021,2,85.0
V014414,T014413,2025-06-13,MID,P023,1,40.0
V014415,T014415,2025-06-13,MID,P080,2,280.0
V014416,T014415,2025-06-13,MID,P022,3,150.0
V014417,T014417,2025-06-13,MID,P104,3,95.0
V014418,T014417,2025-06-13,MID,P062,2,320.0
V014419,T014419,2025-06-13,MID,P045,3,45.0
V014420,T014420,2025-06-13,MID,P063,2,45.0
V014421,T014421,2025-06-13,MID,P100,1,1250.0
V014422,T014421,2025-06-13,MID,P101,1,35.0
V014423,T014421,2025-06-13,MID,P030,1,180.0
V014424,T014424,2025-06-13,MID,P100,2,1250.0
V014425,T014424,2025-06-13,MID,P102,2,45.0
V014426,T014426,2025-06-13,MID,P042,1,28.0
V014427,T014426,2025-06-13,MID,P102,2,45.0
V014428,T014428,2025-06-13,MID,P100,2,1250.0
V014429,T014428,2025-06-13,MID,P101,1,35.0
V014430,T014430,2025-06-13,MID,P010,2,120.0
V014431,T014431,2025-06-13,CHI,P100,2,1250.0
V014432,T014431,2025-06-13,CHI,P101,3,35.0
V014433,T014433,2025-06-13,CHI,P048,1,180.0
V014434,T014433,2025-06-13,CHI,P062,2,320.0
V014435,T014435,2025-06-13,CHI,P064,1,38.0
V014436,T014435,2025-06-13,CHI,P101,3,35.0
V014437,T014437,2025-06-13,CHI,P007,1,95.0
V014438,T014438,2025-06-13,CHI,P062,1,320.0
V014439,T014439,2025-06-13,CHI,P041,1,35.0
V014440,T014439,2025-06-13,CHI,P043,2,18.0
V014441,T014439,2025-06-13,CHI,P082,2,25.0
V014442,T014442,2025-06-13,CHI,P100,2,1250.0
V014443,T014442,2025-06-13,CHI,P102,1,45.0
V014444,T014442,2025-06-13,CHI,P047,2,95.0
V014445,T014445,2025-06-13,CHI,P043,1,18.0
V014446,T014446,2025-06-13,CHI,P021,1,85.0
V014447,T014446,2025-06-13,CHI,P023,1,40.0
V014448,T014446,2025-06-13,CHI,P025,3,35.0
V014449,T014449,2025-06-13,CHI,P003,1,8.5
V014450,T014450,2025-06-13,CHI,P002,1,180.0
V014451,T014451,2025-06-13,CHI,P064,2,38.0
V014452,T014451,2025-06-13,CHI,P061,2,165.0
V014453,T014451,2025-06-13,CHI,P081,2,65.0
V014454,T014454,2025-06-13,CHI,P064,1,38.0
V014455,T014454,2025-06-13,CHI,P061,1,165.0
V014456,T014456,2025-06-13,CHI,P048,1,180.0
V014457,T014457,2025-06-13,CHI,P026,3,65.0
V014458,T014457,2025-06-13,CHI,P103,1,120.0
V014459,T014459,2025-06-13,CHI,P100,3,1250.0
V014460,T014459,2025-06-13,CHI,P101,2,35.0
V014461,T014461,2025-06-13,CHI,P063,2,45.0
V014462,T014461,2025-06-13,CHI,P060,2,850.0
V014463,T014461,2025-06-13,CHI,P086,3,650.0
V014464,T014464,2025-06-13,CHI,P064,1,38.0
V014465,T014464,2025-06-13,CHI,P061,1,165.0
V014466,T014464,2025-06-13,CHI,P085,2,980.0
V014467,T014467,2025-06-13,CHI,P030,2,180.0
V014468,T014468,2025-06-13,CHI,P084,3,18.0
V014469,T014469,2025-06-13,CHI,P022,2,150.0
V014470,T014470,2025-06-13,CDMX,P020,1,55.0
V014471,T014470,2025-06-13,CDMX,P023,1,40.0
V014472,T014472,2025-06-13,CDMX,P100,1,1250.0
V014473,T014473,2025-06-13,CDMX,P064,2,38.0
V014474,T014473,2025-06-13,CDMX,P029,2,95.0
V014475,T014475,2025-06-13,CDMX,P063,3,45.0
V014476,T014475,2025-06-13,CDMX,P060,1,850.0
V014477,T014475,2025-06-13,CDMX,P028,2,180.0
V014478,T014478,2025-06-13,CDMX,P041,1,35.0
V014479,T014478,2025-06-13,CDMX,P043,1,18.0
V014480,T014480,2025-06-13,CDMX,P011,1,210.0
V014481,T014480,2025-06-13,CDMX,P105,1,145.0
V014482,T014482,2025-06-13,CDMX,P041,2,35.0
V014483,T014482,2025-06-13,CDMX,P043,3,18.0
V014484,T014484,2025-06-13,CDMX,P024,1,6.0
V014485,T014484,2025-06-13,CDMX,P041,2,35.0
V014486,T014486,2025-06-13,CDMX,P022,2,150.0
V014487,T014486,2025-06-13,CDMX,P023,3,40.0
V014488,T014488,2025-06-13,CDMX,P045,3,45.0
V014489,T014488,2025-06-13,CDMX,P029,1,95.0
V014490,T014490,2025-06-13,CDMX,P042,1,28.0
V014491,T014490,2025-06-13,CDMX,P043,2,18.0
V014492,T014490,2025-06-13,CDMX,P064,3,38.0
V014493,T014493,2025-06-13,CDMX,P002,1,180.0
V014494,T014494,2025-06-13,CDMX,P080,2,280.0
V014495,T014494,2025-06-13,CDMX,P102,2,45.0
V014496,T014496,2025-06-13,CDMX,P005,1,65.0
V014497,T014496,2025-06-13,CDMX,P066,1,55.0
V014498,T014498,2025-06-13,CDMX,P041,1,35.0
V014499,T014499,2025-06-13,CDMX,P027,2,320.0
V014500,T014500,2025-06-13,CDMX,P100,1,1250.0
V014501,T014500,2025-06-13,CDMX,P101,2,35.0
V014502,T014500,2025-06-13,CDMX,P029,2,95.0
V014503,T014503,2025-06-13,CDMX,P048,3,180.0
V014504,T014503,2025-06-13,CDMX,P062,1,320.0
V014505,T014505,2025-06-13,CDMX,P002,1,180.0
V014506,T014505,2025-06-13,CDMX,P102,3,45.0
V014507,T014507,2025-06-13,CDMX,P029,2,95.0
V014508,T014507,2025-06-13,CDMX,P084,1,18.0
V014509,T014509,2025-06-13,CDMX,P020,2,55.0
V014510,T014509,2025-06-13,CDMX,P023,1,40.0
V014511,T014511,2025-06-13,CDMX,P022,1,150.0
V014512,T014511,2025-06-13,CDMX,P023,3,40.0
V014513,T014511,2025-06-13,CDMX,P080,2,280.0
V014514,T014514,2025-06-13,MTY,P041,1,35.0
V014515,T014515,2025-06-13,MTY,P027,1,320.0
V014516,T014515,2025-06-13,MTY,P061,1,165.0
V014517,T014517,2025-06-13,MTY,P081,2,65.0
V014518,T014517,2025-06-13,MTY,P100,1,1250.0
V014519,T014519,2025-06-13,MTY,P041,2,35.0
V014520,T014519,2025-06-13,MTY,P043,3,18.0
V014521,T014521,2025-06-13,MTY,P005,1,65.0
V014522,T014521,2025-06-13,MTY,P063,2,45.0
V014523,T014523,2025-06-13,MTY,P022,2,150.0
V014524,T014524,2025-06-13,MTY,P063,1,45.0
V014525,T014524,2025-06-13,MTY,P060,2,850.0
V014526,T014524,2025-06-13,MTY,P012,2,980.0
V014527,T014527,2025-06-13,MTY,P101,3,35.0
V014528,T014528,2025-06-13,MTY,P025,1,35.0
V014529,T014528,2025-06-13,MTY,P086,2,650.0
V014530,T014530,2025-06-13,MTY,P021,3,85.0
V014531,T014530,2025-06-13,MTY,P023,1,40.0
V014532,T014530,2025-06-13,MTY,P001,3,145.0
V014533,T014533,2025-06-13,MTY,P085,2,980.0
V014534,T014533,2025-06-13,MTY,P106,1,55.0
V014535,T014535,2025-06-13,MTY,P064,1,38.0
V014536,T014535,2025-06-13,MTY,P061,1,165.0
V014537,T014537,2025-06-13,MTY,P041,2,35.0
V014538,T014537,2025-06-13,MTY,P043,3,18.0
V014539,T014537,2025-06-13,MTY,P063,2,45.0
V014540,T014540,2025-06-13,MTY,P081,2,65.0
V014541,T014540,2025-06-13,MTY,P104,2,95.0
V014542,T014542,2025-06-14,CUN,P064,1,38.0
V014543,T014542,2025-06-14,CUN,P061,2,165.0
V014544,T014542,2025-06-14,CUN,P030,3,180.0
V014545,T014545,2025-06-14,CUN,P063,2,45.0
V014546,T014545,2025-06-14,CUN,P060,2,850.0
V014547,T014545,2025-06-14,CUN,P007,3,95.0
V014548,T014548,2025-06-14,CUN,P005,1,65.0
V014549,T014549,2025-06-14,CUN,P060,1,850.0
V014550,T014549,2025-06-14,CUN,P027,1,320.0
V014551,T014551,2025-06-14,CUN,P013,1,45.0
V014552,T014551,2025-06-14,CUN,P085,2,980.0
V014553,T014553,2025-06-14,CUN,P082,2,25.0
V014554,T014553,2025-06-14,CUN,P107,3,165.0
V014555,T014555,2025-06-14,CUN,P041,2,35.0
V014556,T014555,2025-06-14,CUN,P043,1,18.0
V014557,T014557,2025-06-14,CUN,P080,2,280.0
V014558,T014557,2025-06-14,CUN,P104,1,95.0
V014559,T014559,2025-06-14,CUN,P022,1,150.0
V014560,T014559,2025-06-14,CUN,P023,2,40.0
V014561,T014559,2025-06-14,CUN,P061,1,165.0
V014562,T014562,2025-06-14,CUN,P048,1,180.0
V014563,T014562,2025-06-14,CUN,P107,1,165.0
V014564,T014564,2025-06-14,CUN,P007,1,95.0
V014565,T014564,2025-06-14,CUN,P064,2,38.0
V014566,T014566,2025-06-14,CUN,P024,2,6.0
V014567,T014566,2025-06-14,CUN,P085,3,980.0
V014568,T014568,2025-06-14,CUN,P100,1,1250.0
V014569,T014568,2025-06-14,CUN,P101,2,35.0
V014570,T014570,2025-06-14,CUN,P081,3,65.0
V014571,T014571,2025-06-14,CUN,P104,1,95.0
V014572,T014571,2025-06-14,CUN,P030,2,180.0
V014573,T014573,2025-06-14,CUN,P065,2,30.0
V014574,T014573,2025-06-14,CUN,P064,1,38.0
V014575,T014575,2025-06-14,CUN,P100,2,1250.0
V014576,T014575,2025-06-14,CUN,P102,1,45.0
V014577,T014577,2025-06-14,MID,P048,1,180.0
V014578,T014577,2025-06-14,MID,P009,1,85.0
V014579,T014579,2025-06-14,MID,P020,3,55.0
V014580,T014579,2025-06-14,MID,P023,1,40.0
V014581,T014579,2025-06-14,MID,P003,3,8.5
V014582,T014582,2025-06-14,MID,P004,3,6.0
V014583,T014582,2025-06-14,MID,P106,1,55.0
V014584,T014584,2025-06-14,MID,P100,3,1250.0
V014585,T014584,2025-06-14,MID,P102,2,45.0
V014586,T014586,2025-06-14,MID,P064,3,38.0
V014587,T014587,2025-06-14,MID,P021,1,85.0
V014588,T014587,2025-06-14,MID,P023,1,40.0
V014589,T014589,2025-06-14,MID,P082,3,25.0
V014590,T014589,2025-06-14,MID,P100,1,1250.0
V014591,T014591,2025-06-14,MID,P042,2,28.0
V014592,T014591,2025-06-14,MID,P043,2,18.0
V014593,T014593,2025-06-14,MID,P010,1,120.0
V014594,T014594,2025-06-14,MID,P086,2,650.0
V014595,T014595,2025-06-14,MID,P013,2,45.0
V014596,T014595,2025-06-14,MID,P012,1,980.0
V014597,T014597,2025-06-14,MID,P105,1,145.0
V014598,T014598,2025-06-14,MID,P084,2,18.0
V014599,T014599,2025-06-14,CHI,P040,1,1450.0
V014600,T014599,2025-06-14,CHI,P047,1,95.0
V014601,T014601,2025-06-14,CHI,P042,1,28.0
V014602,T014601,2025-06-14,CHI,P043,2,18.0
V014603,T014603,2025-06-14,CHI,P029,1,95.0
V014604,T014603,2025-06-14,CHI,P102,2,45.0
V014605,T014605,2025-06-14,CHI,P085,2,980.0
V014606,T014605,2025-06-14,CHI,P024,2,6.0
V014607,T014607,2025-06-14,CHI,P020,2,55.0
V014608,T014607,2025-06-14,CHI,P023,3,40.0
V014609,T014607,2025-06-14,CHI,P103,2,120.0
V014610,T014610,2025-06-14,CHI,P021,2,85.0
V014611,T014610,2025-06-14,CHI,P023,2,40.0
V014612,T014610,2025-06-14,CHI,P028,1,180.0
V014613,T014613,2025-06-14,CHI,P085,1,980.0
V014614,T014614,2025-06-14,CHI,P022,1,150.0
V014615,T014614,2025-06-14,CHI,P023,1,40.0
V014616,T014616,2025-06-14,CHI,P010,3,120.0
V014617,T014617,2025-06-14,CDMX,P040,2,1450.0
V014618,T014617,2025-06-14,CDMX,P103,1,120.0
V014619,T014619,2025-06-14,CDMX,P082,1,25.0
V014620,T014620,2025-06-14,CDMX,P102,2,45.0
V014621,T014620,2025-06-14,CDMX,P021,2,85.0
V014622,T014622,2025-06-14,CDMX,P020,2,55.0
V014623,T014622,2025-06-14,CDMX,P023,1,40.0
V014624,T014624,2025-06-14,CDMX,P026,1,65.0
V014625,T014625,2025-06-14,CDMX,P030,1,180.0
V014626,T014625,2025-06-14,CDMX,P084,1,18.0
V014627,T014627,2025-06-14,CDMX,P046,1,280.0
V014628,T014628,2025-06-14,CDMX,P048,2,180.0
V014629,T014628,2025-06-14,CDMX,P011,2,210.0
V014630,T014630,2025-06-14,CDMX,P080,2,280.0
V014631,T014630,2025-06-14,CDMX,P062,2,320.0
V014632,T014632,2025-06-14,CDMX,P045,1,45.0
V014633,T014632,2025-06-14,CDMX,P010,2,120.0
V014634,T014634,2025-06-14,CDMX,P006,2,12.0
V014635,T014635,2025-06-14,CDMX,P042,3,28.0
V014636,T014635,2025-06-14,CDMX,P043,2,18.0
V014637,T014635,2025-06-14,CDMX,P013,3,45.0
V014638,T014638,2025-06-14,CDMX,P029,3,95.0
V014639,T014639,2025-06-14,CDMX,P106,3,55.0
V014640,T014640,2025-06-14,CDMX,P003,1,8.5
V014641,T014640,2025-06-14,CDMX,P106,2,55.0
V014642,T014642,2025-06-14,CDMX,P100,1,1250.0
V014643,T014642,2025-06-14,CDMX,P101,2,35.0
V014644,T014642,2025-06-14,CDMX,P063,1,45.0
V014645,T014645,2025-06-14,MTY,P020,2,55.0
V014646,T014645,2025-06-14,MTY,P023,1,40.0
V014647,T014645,2025-06-14,MTY,P028,1,180.0
V014648,T014648,2025-06-14,MTY,P102,1,45.0
V014649,T014648,2025-06-14,MTY,P020,3,55.0
V014650,T014650,2025-06-14,MTY,P041,1,35.0
V014651,T014650,2025-06-14,MTY,P043,3,18.0
V014652,T014652,2025-06-14,MTY,P041,1,35.0
V014653,T014652,2025-06-14,MTY,P043,2,18.0
V014654,T014654,2025-06-14,MTY,P082,2,25.0
V014655,T014655,2025-06-14,MTY,P080,3,280.0
V014656,T014655,2025-06-14,MTY,P029,2,95.0
V014657,T014657,2025-06-14,MTY,P023,1,40.0
V014658,T014657,2025-06-14,MTY,P061,1,165.0
V014659,T014659,2025-06-14,MTY,P007,1,95.0
V014660,T014659,2025-06-14,MTY,P100,1,1250.0
V014661,T014661,2025-06-14,MTY,P048,2,180.0
V014662,T014661,2025-06-14,MTY,P066,1,55.0
V014663,T014663,2025-06-14,MTY,P006,2,12.0
V014664,T014663,2025-06-14,MTY,P040,1,1450.0
V014665,T014665,2025-06-14,MTY,P013,3,45.0
V014666,T014666,2025-06-14,MTY,P010,1,120.0
V014667,T014666,2025-06-14,MTY,P020,2,55.0
V014668,T014668,2025-06-14,MTY,P042,2,28.0
V014669,T014668,2025-06-14,MTY,P043,2,18.0
V014670,T014668,2025-06-14,MTY,P101,2,35.0
V014671,T014671,2025-06-14,MTY,P045,3,45.0
V014672,T014671,2025-06-14,MTY,P028,1,180.0
V014673,T014673,2025-06-14,MTY,P021,2,85.0
V014674,T014673,2025-06-14,MTY,P023,2,40.0
V014675,T014675,2025-06-14,MTY,P012,1,980.0
V014676,T014675,2025-06-14,MTY,P104,2,95.0
V014677,T014677,2025-06-14,MTY,P020,2,55.0
V014678,T014677,2025-06-14,MTY,P023,1,40.0
V014679,T014677,2025-06-14,MTY,P028,2,180.0
V014680,T014680,2025-06-15,CUN,P024,3,6.0
V014681,T014680,2025-06-15,CUN,P080,3,280.0
V014682,T014682,2025-06-15,CUN,P063,3,45.0
V014683,T014682,2025-06-15,CUN,P060,3,850.0
V014684,T014684,2025-06-15,CUN,P102,1,45.0
V014685,T014685,2025-06-15,CUN,P103,2,120.0
V014686,T014686,2025-06-15,CUN,P004,2,6.0
V014687,T014687,2025-06-15,CUN,P086,3,650.0
V014688,T014688,2025-06-15,CUN,P060,3,850.0
V014689,T014688,2025-06-15,CUN,P009,1,85.0
V014690,T014690,2025-06-15,CUN,P063,2,45.0
V014691,T014690,2025-06-15,CUN,P060,3,850.0
V014692,T014690,2025-06-15,CUN,P006,3,12.0
V014693,T014693,2025-06-15,CUN,P046,1,280.0
V014694,T014694,2025-06-15,CUN,P024,1,6.0
V014695,T014695,2025-06-15,CUN,P101,2,35.0
V014696,T014696,2025-06-15,CUN,P064,1,38.0
V014697,T014696,2025-06-15,CUN,P061,1,165.0
V014698,T014698,2025-06-15,CUN,P027,1,320.0
V014699,T014699,2025-06-15,CUN,P027,2,320.0
V014700,T014700,2025-06-15,CUN,P021,3,85.0
V014701,T014700,2025-06-15,CUN,P023,2,40.0
V014702,T014700,2025-06-15,CUN,P046,1,280.0
V014703,T014703,2025-06-15,CUN,P063,1,45.0
V014704,T014703,2025-06-15,CUN,P060,1,850.0
V014705,T014705,2025-06-15,CUN,P045,2,45.0
V014706,T014705,2025-06-15,CUN,P042,1,28.0
V014707,T014707,2025-06-15,CUN,P006,1,12.0
V014708,T014708,2025-06-15,CUN,P100,2,1250.0
V014709,T014708,2025-06-15,CUN,P101,1,35.0
V014710,T014710,2025-06-15,CUN,P062,1,320.0
V014711,T014711,2025-06-15,CUN,P103,3,120.0
V014712,T014711,2025-06-15,CUN,P004,3,6.0
V014713,T014713,2025-06-15,MID,P020,2,55.0
V014714,T014713,2025-06-15,MID,P023,2,40.0
V014715,T014713,2025-06-15,MID,P022,3,150.0
V014716,T014716,2025-06-15,MID,P005,2,65.0
V014717,T014716,2025-06-15,MID,P006,1,12.0
V014718,T014718,2025-06-15,MID,P007,1,95.0
V014719,T014718,2025-06-15,MID,P046,2,280.0
V014720,T014720,2025-06-15,MID,P044,3,22.0
V014721,T014720,2025-06-15,MID,P062,1,320.0
V014722,T014722,2025-06-15,MID,P001,1,145.0
V014723,T014722,2025-06-15,MID,P023,2,40.0
V014724,T014724,2025-06-15,MID,P012,2,980.0
V014725,T014724,2025-06-15,MID,P060,3,850.0
V014726,T014726,2025-06-15,MID,P025,3,35.0
V014727,T014727,2025-06-15,MID,P041,1,35.0
V014728,T014727,2025-06-15,MID,P063,2,45.0
V014729,T014729,2025-06-15,MID,P100,1,1250.0
V014730,T014729,2025-06-15,MID,P102,1,45.0
V014731,T014729,2025-06-15,MID,P004,2,6.0
V014732,T014732,2025-06-15,CHI,P010,1,120.0
V014733,T014733,2025-06-15,CHI,P041,1,35.0
V014734,T014733,2025-06-15,CHI,P043,1,18.0
V014735,T014735,2025-06-15,CHI,P022,2,150.0
V014736,T014735,2025-06-15,CHI,P105,1,145.0
V014737,T014737,2025-06-15,CHI,P083,1,65.0
V014738,T014737,2025-06-15,CHI,P029,3,95.0
V014739,T014739,2025-06-15,CHI,P009,1,85.0
V014740,T014739,2025-06-15,CHI,P086,2,650.0
V014741,T014741,2025-06-15,CHI,P027,1,320.0
V014742,T014741,2025-06-15,CHI,P063,1,45.0
V014743,T014743,2025-06-15,CHI,P064,1,38.0
V014744,T014743,2025-06-15,CHI,P006,2,12.0
V014745,T014745,2025-06-15,CHI,P005,3,65.0
V014746,T014746,2025-06-15,CHI,P048,1,180.0
V014747,T014746,2025-06-15,CHI,P082,3,25.0
V014748,T014748,2025-06-15,CDMX,P046,2,280.0
V014749,T014749,2025-06-15,CDMX,P082,1,25.0
V014750,T014750,2025-06-15,CDMX,P103,3,120.0
V014751,T014751,2025-06-15,CDMX,P021,1,85.0
V014752,T014751,2025-06-15,CDMX,P023,1,40.0
V014753,T014753,2025-06-15,CDMX,P030,1,180.0
V014754,T014753,2025-06-15,CDMX,P042,3,28.0
V014755,T014755,2025-06-15,CDMX,P022,2,150.0
V014756,T014755,2025-06-15,CDMX,P023,1,40.0
V014757,T014755,2025-06-15,CDMX,P013,3,45.0
V014758,T014758,2025-06-15,CDMX,P063,3,45.0
V014759,T014758,2025-06-15,CDMX,P060,2,850.0
V014760,T014758,2025-06-15,CDMX,P029,2,95.0
V014761,T014761,2025-06-15,CDMX,P020,1,55.0
V014762,T014761,2025-06-15,CDMX,P023,3,40.0
V014763,T014761,2025-06-15,CDMX,P046,1,280.0
V014764,T014764,2025-06-15,CDMX,P012,1,980.0
V014765,T014765,2025-06-15,CDMX,P026,2,65.0
V014766,T014766,2025-06-15,CDMX,P064,1,38.0
V014767,T014766,2025-06-15,CDMX,P061,1,165.0
V014768,T014768,2025-06-15,CDMX,P006,2,12.0
V014769,T014768,2025-06-15,CDMX,P064,1,38.0
V014770,T014770,2025-06-15,CDMX,P082,1,25.0
V014771,T014771,2025-06-15,CDMX,P041,2,35.0
V014772,T014771,2025-06-15,CDMX,P106,1,55.0
V014773,T014773,2025-06-15,CDMX,P013,1,45.0
V014774,T014773,2025-06-15,CDMX,P100,2,1250.0
V014775,T014775,2025-06-15,CDMX,P063,1,45.0
V014776,T014775,2025-06-15,CDMX,P060,1,850.0
V014777,T014775,2025-06-15,CDMX,P107,1,165.0
V014778,T014778,2025-06-15,CDMX,P013,1,45.0
V014779,T014778,2025-06-15,CDMX,P065,1,30.0
V014780,T014780,2025-06-15,MTY,P040,2,1450.0
V014781,T014780,2025-06-15,MTY,P029,3,95.0
V014782,T014782,2025-06-15,MTY,P104,3,95.0
V014783,T014783,2025-06-15,MTY,P042,2,28.0
V014784,T014783,2025-06-15,MTY,P043,1,18.0
V014785,T014785,2025-06-15,MTY,P063,1,45.0
V014786,T014785,2025-06-15,MTY,P060,3,850.0
V014787,T014787,2025-06-15,MTY,P100,3,1250.0
V014788,T014788,2025-06-15,MTY,P065,2,30.0
V014789,T014788,2025-06-15,MTY,P104,3,95.0
V014790,T014790,2025-06-15,MTY,P101,1,35.0
V014791,T014791,2025-06-15,MTY,P061,3,165.0
V014792,T014791,2025-06-15,MTY,P040,1,1450.0
V014793,T014793,2025-06-15,MTY,P042,2,28.0
V014794,T014793,2025-06-15,MTY,P043,3,18.0
V014795,T014795,2025-06-15,MTY,P046,2,280.0
V014796,T014795,2025-06-15,MTY,P012,2,980.0
V014797,T014797,2025-06-15,MTY,P006,2,12.0
V014798,T014797,2025-06-15,MTY,P045,1,45.0
V014799,T014799,2025-06-15,MTY,P022,1,150.0
V014800,T014799,2025-06-15,MTY,P023,3,40.0
V014801,T014801,2025-06-15,MTY,P020,2,55.0
V014802,T014802,2025-06-16,CUN,P046,2,280.0
V014803,T014803,2025-06-16,CUN,P021,2,85.0
V014804,T014803,2025-06-16,CUN,P023,1,40.0
V014805,T014803,2025-06-16,CUN,P066,1,55.0
V014806,T014806,2025-06-16,CUN,P085,3,980.0
V014807,T014807,2025-06-16,CUN,P005,1,65.0
V014808,T014808,2025-06-16,CUN,P081,1,65.0
V014809,T014808,2025-06-16,CUN,P064,2,38.0
V014810,T014810,2025-06-16,CUN,P046,1,280.0
V014811,T014810,2025-06-16,CUN,P107,1,165.0
V014812,T014812,2025-06-16,CUN,P011,1,210.0
V014813,T014812,2025-06-16,CUN,P062,1,320.0
V014814,T014814,2025-06-16,CUN,P027,3,320.0
V014815,T014815,2025-06-16,CUN,P064,1,38.0
V014816,T014815,2025-06-16,CUN,P061,1,165.0
V014817,T014815,2025-06-16,CUN,P080,2,280.0
V014818,T014818,2025-06-16,CUN,P085,1,980.0
V014819,T014818,2025-06-16,CUN,P103,1,120.0
V014820,T014820,2025-06-16,CUN,P061,2,165.0
V014821,T014821,2025-06-16,CUN,P007,1,95.0
V014822,T014821,2025-06-16,CUN,P100,2,1250.0
V014823,T014823,2025-06-16,CUN,P026,2,65.0
V014824,T014823,2025-06-16,CUN,P012,3,980.0
V014825,T014825,2025-06-16,CUN,P100,1,1250.0
V014826,T014825,2025-06-16,CUN,P101,1,35.0
V014827,T014825,2025-06-16,CUN,P024,1,6.0
V014828,T014828,2025-06-16,CUN,P010,1,120.0
V014829,T014829,2025-06-16,CUN,P020,1,55.0
V014830,T014829,2025-06-16,CUN,P023,2,40.0
V014831,T014831,2025-06-16,MID,P004,1,6.0
V014832,T014832,2025-06-16,MID,P046,1,280.0
V014833,T014832,2025-06-16,MID,P065,1,30.0
V014834,T014834,2025-06-16,MID,P028,3,180.0
V014835,T014835,2025-06-16,MID,P100,3,1250.0
V014836,T014835,2025-06-16,MID,P102,2,45.0
V014837,T014835,2025-06-16,MID,P001,3,145.0
V014838,T014838,2025-06-16,MID,P047,1,95.0
V014839,T014839,2025-06-16,MID,P064,2,38.0
V014840,T014839,2025-06-16,MID,P061,3,165.0
V014841,T014839,2025-06-16,MID,P022,2,150.0
V014842,T014842,2025-06-16,MID,P040,3,1450.0
V014843,T014842,2025-06-16,MID,P027,1,320.0
V014844,T014844,2025-06-16,MID,P062,1,320.0
V014845,T014845,2025-06-16,MID,P100,2,1250.0
V014846,T014845,2025-06-16,MID,P101,1,35.0
V014847,T014845,2025-06-16,MID,P065,1,30.0
V014848,T014848,2025-06-16,MID,P063,1,45.0
V014849,T014849,2025-06-16,MID,P064,1,38.0
V014850,T014849,2025-06-16,MID,P061,2,165.0
V014851,T014851,2025-06-16,MID,P021,2,85.0
V014852,T014851,2025-06-16,MID,P023,1,40.0
V014853,T014853,2025-06-16,MID,P100,1,1250.0
V014854,T014853,2025-06-16,MID,P101,1,35.0
V014855,T014853,2025-06-16,MID,P107,1,165.0
V014856,T014856,2025-06-16,CHI,P001,1,145.0
V014857,T014856,2025-06-16,CHI,P061,2,165.0
V014858,T014858,2025-06-16,CHI,P064,3,38.0
V014859,T014858,2025-06-16,CHI,P061,2,165.0
V014860,T014858,2025-06-16,CHI,P040,2,1450.0
V014861,T014861,2025-06-16,CHI,P021,2,85.0
V014862,T014861,2025-06-16,CHI,P023,2,40.0
V014863,T014861,2025-06-16,CHI,P105,1,145.0
V014864,T014864,2025-06-16,CHI,P042,3,28.0
V014865,T014864,2025-06-16,CHI,P047,1,95.0
V014866,T014866,2025-06-16,CHI,P065,2,30.0
V014867,T014867,2025-06-16,CHI,P047,1,95.0
V014868,T014868,2025-06-16,CHI,P062,3,320.0
V014869,T014869,2025-06-16,CHI,P029,1,95.0
V014870,T014870,2025-06-16,CHI,P065,1,30.0
V014871,T014871,2025-06-16,CDMX,P030,3,180.0
V014872,T014871,2025-06-16,CDMX,P020,2,55.0
V014873,T014873,2025-06-16,CDMX,P023,2,40.0
V014874,T014873,2025-06-16,CDMX,P082,2,25.0
V014875,T014875,2025-06-16,CDMX,P064,1,38.0
V014876,T014875,2025-06-16,CDMX,P061,1,165.0
V014877,T014875,2025-06-16,CDMX,P046,2,280.0
V014878,T014878,2025-06-16,CDMX,P100,3,1250.0
V014879,T014878,2025-06-16,CDMX,P101,1,35.0
V014880,T014878,2025-06-16,CDMX,P020,1,55.0
V014881,T014881,2025-06-16,CDMX,P100,1,1250.0
V014882,T014881,2025-06-16,CDMX,P102,2,45.0
V014883,T014881,2025-06-16,CDMX,P040,1,1450.0
V014884,T014884,2025-06-16,CDMX,P066,2,55.0
V014885,T014884,2025-06-16,CDMX,P045,2,45.0
V014886,T014886,2025-06-16,CDMX,P030,2,180.0
V014887,T014886,2025-06-16,CDMX,P100,1,1250.0
V014888,T014888,2025-06-16,CDMX,P022,1,150.0
V014889,T014888,2025-06-16,CDMX,P023,3,40.0
V014890,T014890,2025-06-16,CDMX,P004,1,6.0
V014891,T014890,2025-06-16,CDMX,P001,1,145.0
V014892,T014892,2025-06-16,CDMX,P044,1,22.0
V014893,T014892,2025-06-16,CDMX,P025,1,35.0
V014894,T014894,2025-06-16,CDMX,P021,1,85.0
V014895,T014894,2025-06-16,CDMX,P023,1,40.0
V014896,T014896,2025-06-16,CDMX,P025,3,35.0
V014897,T014896,2025-06-16,CDMX,P086,2,650.0
V014898,T014898,2025-06-16,CDMX,P022,1,150.0
V014899,T014898,2025-06-16,CDMX,P023,2,40.0
V014900,T014898,2025-06-16,CDMX,P020,1,55.0
V014901,T014901,2025-06-16,CDMX,P063,1,45.0
V014902,T014901,2025-06-16,CDMX,P060,3,850.0
V014903,T014903,2025-06-16,CDMX,P024,2,6.0
V014904,T014904,2025-06-16,CDMX,P002,1,180.0
V014905,T014905,2025-06-16,CDMX,P086,2,650.0
V014906,T014906,2025-06-16,CDMX,P005,3,65.0
V014907,T014907,2025-06-16,CDMX,P100,2,1250.0
V014908,T014907,2025-06-16,CDMX,P101,1,35.0
V014909,T014909,2025-06-16,CDMX,P103,2,120.0
V014910,T014909,2025-06-16,CDMX,P012,1,980.0
V014911,T014911,2025-06-16,CDMX,P100,2,1250.0
V014912,T014911,2025-06-16,CDMX,P101,3,35.0
V014913,T014911,2025-06-16,CDMX,P047,1,95.0
V014914,T014914,2025-06-16,CDMX,P107,2,165.0
V014915,T014914,2025-06-16,CDMX,P002,3,180.0
V014916,T014916,2025-06-16,MTY,P048,1,180.0
V014917,T014917,2025-06-16,MTY,P103,1,120.0
V014918,T014918,2025-06-16,MTY,P025,1,35.0
V014919,T014918,2025-06-16,MTY,P028,2,180.0
V014920,T014920,2025-06-16,MTY,P065,3,30.0
V014921,T014920,2025-06-16,MTY,P105,3,145.0
V014922,T014922,2025-06-16,MTY,P021,1,85.0
V014923,T014922,2025-06-16,MTY,P023,3,40.0
V014924,T014922,2025-06-16,MTY,P029,1,95.0
V014925,T014925,2025-06-16,MTY,P010,2,120.0
V014926,T014925,2025-06-16,MTY,P009,1,85.0
V014927,T014927,2025-06-16,MTY,P064,1,38.0
V014928,T014927,2025-06-16,MTY,P061,3,165.0
V014929,T014927,2025-06-16,MTY,P026,1,65.0
V014930,T014930,2025-06-16,MTY,P043,2,18.0
V014931,T014930,2025-06-16,MTY,P005,1,65.0
V014932,T014932,2025-06-16,MTY,P100,3,1250.0
V014933,T014932,2025-06-16,MTY,P102,2,45.0
V014934,T014934,2025-06-16,MTY,P063,3,45.0
V014935,T014934,2025-06-16,MTY,P060,2,850.0
V014936,T014936,2025-06-16,MTY,P107,3,165.0
V014937,T014937,2025-06-16,MTY,P100,1,1250.0
V014938,T014937,2025-06-16,MTY,P102,1,45.0
V014939,T014939,2025-06-16,MTY,P085,2,980.0
V014940,T014939,2025-06-16,MTY,P013,1,45.0
V014941,T014941,2025-06-16,MTY,P082,2,25.0
V014942,T014942,2025-06-16,MTY,P100,1,1250.0
V014943,T014942,2025-06-16,MTY,P102,1,45.0
V014944,T014942,2025-06-16,MTY,P060,2,850.0
V014945,T014945,2025-06-16,MTY,P002,1,180.0
V014946,T014945,2025-06-16,MTY,P083,2,65.0
V014947,T014947,2025-06-16,MTY,P044,2,22.0
V014948,T014947,2025-06-16,MTY,P081,1,65.0
V014949,T014949,2025-06-17,CUN,P006,1,12.0
V014950,T014950,2025-06-17,CUN,P060,1,850.0
V014951,T014951,2025-06-17,CUN,P105,1,145.0
V014952,T014952,2025-06-17,CUN,P022,1,150.0
V014953,T014952,2025-06-17,CUN,P023,2,40.0
V014954,T014954,2025-06-17,CUN,P064,2,38.0
V014955,T014954,2025-06-17,CUN,P061,1,165.0
V014956,T014956,2025-06-17,CUN,P060,2,850.0
V014957,T014956,2025-06-17,CUN,P022,2,150.0
V014958,T014958,2025-06-17,CUN,P100,2,1250.0
V014959,T014958,2025-06-17,CUN,P102,1,45.0
V014960,T014958,2025-06-17,CUN,P085,2,980.0
V014961,T014961,2025-06-17,CUN,P013,2,45.0
V014962,T014962,2025-06-17,CUN,P064,2,38.0
V014963,T014962,2025-06-17,CUN,P061,1,165.0
V014964,T014962,2025-06-17,CUN,P029,1,95.0
V014965,T014965,2025-06-17,CUN,P044,3,22.0
V014966,T014966,2025-06-17,CUN,P103,1,120.0
V014967,T014966,2025-06-17,CUN,P007,1,95.0
V014968,T014968,2025-06-17,CUN,P101,2,35.0
V014969,T014969,2025-06-17,CUN,P082,1,25.0
V014970,T014969,2025-06-17,CUN,P106,1,55.0
V014971,T014971,2025-06-17,MID,P100,3,1250.0
V014972,T014971,2025-06-17,MID,P102,2,45.0
V014973,T014973,2025-06-17,MID,P002,1,180.0
V014974,T014974,2025-06-17,MID,P060,2,850.0
V014975,T014974,2025-06-17,MID,P022,2,150.0
V014976,T014976,2025-06-17,MID,P063,3,45.0
V014977,T014976,2025-06-17,MID,P060,1,850.0
V014978,T014978,2025-06-17,MID,P020,1,55.0
V014979,T014978,2025-06-17,MID,P023,1,40.0
V014980,T014978,2025-06-17,MID,P104,1,95.0
V014981,T014981,2025-06-17,MID,P024,1,6.0
V014982,T014982,2025-06-17,MID,P001,1,145.0
V014983,T014982,2025-06-17,MID,P061,1,165.0
V014984,T014984,2025-06-17,MID,P063,2,45.0
V014985,T014984,2025-06-17,MID,P060,1,850.0
V014986,T014986,2025-06-17,MID,P042,3,28.0
V014987,T014986,2025-06-17,MID,P043,3,18.0
V014988,T014986,2025-06-17,MID,P024,1,6.0
V014989,T014989,2025-06-17,MID,P020,1,55.0
V014990,T014989,2025-06-17,MID,P023,1,40.0
V014991,T014991,2025-06-17,CHI,P100,1,1250.0
V014992,T014991,2025-06-17,CHI,P102,3,45.0
V014993,T014993,2025-06-17,CHI,P041,2,35.0
V014994,T014994,2025-06-17,CHI,P003,2,8.5
V014995,T014995,2025-06-17,CHI,P042,1,28.0
V014996,T014995,2025-06-17,CHI,P043,2,18.0
V014997,T014997,2025-06-17,CHI,P100,3,1250.0
V014998,T014998,2025-06-17,CHI,P003,1,8.5
V014999,T014999,2025-06-17,CHI,P041,1,35.0
V015000,T014999,2025-06-17,CHI,P020,2,55.0
V015001,T015001,2025-06-17,CHI,P022,2,150.0
V015002,T015001,2025-06-17,CHI,P023,3,40.0
V015003,T015001,2025-06-17,CHI,P025,1,35.0
V015004,T015004,2025-06-17,CHI,P060,1,850.0
V015005,T015005,2025-06-17,CHI,P042,3,28.0
V015006,T015005,2025-06-17,CHI,P043,1,18.0
V015007,T015007,2025-06-17,CHI,P064,2,38.0
V015008,T015007,2025-06-17,CHI,P061,1,165.0
V015009,T015007,2025-06-17,CHI,P021,1,85.0
V015010,T015010,2025-06-17,CHI,P023,3,40.0
V015011,T015010,2025-06-17,CHI,P048,2,180.0
V015012,T015012,2025-06-17,CHI,P100,2,1250.0
V015013,T015012,2025-06-17,CHI,P102,3,45.0
V015014,T015014,2025-06-17,CHI,P005,2,65.0
V015015,T015014,2025-06-17,CHI,P001,2,145.0
V015016,T015016,2025-06-17,CHI,P100,2,1250.0
V015017,T015016,2025-06-17,CHI,P101,1,35.0
V015018,T015016,2025-06-17,CHI,P047,1,95.0
V015019,T015019,2025-06-17,CHI,P001,2,145.0
V015020,T015020,2025-06-17,CDMX,P042,2,28.0
V015021,T015021,2025-06-17,CDMX,P020,1,55.0
V015022,T015021,2025-06-17,CDMX,P023,2,40.0
V015023,T015021,2025-06-17,CDMX,P060,2,850.0
V015024,T015024,2025-06-17,CDMX,P022,1,150.0
V015025,T015024,2025-06-17,CDMX,P023,1,40.0
V015026,T015026,2025-06-17,CDMX,P042,2,28.0
V015027,T015026,2025-06-17,CDMX,P043,1,18.0
V015028,T015026,2025-06-17,CDMX,P104,1,95.0
V015029,T015029,2025-06-17,CDMX,P008,2,180.0
V015030,T015029,2025-06-17,CDMX,P028,1,180.0
V015031,T015031,2025-06-17,CDMX,P064,2,38.0
V015032,T015031,2025-06-17,CDMX,P061,2,165.0
V015033,T015033,2025-06-17,CDMX,P022,2,150.0
V015034,T015033,2025-06-17,CDMX,P023,1,40.0
V015035,T015035,2025-06-17,CDMX,P103,2,120.0
V015036,T015036,2025-06-17,CDMX,P047,1,95.0
V015037,T015036,2025-06-17,CDMX,P003,3,8.5
V015038,T015038,2025-06-17,MTY,P066,1,55.0
V015039,T015039,2025-06-17,MTY,P021,1,85.0
V015040,T015040,2025-06-17,MTY,P102,1,45.0
V015041,T015040,2025-06-17,MTY,P104,1,95.0
V015042,T015042,2025-06-17,MTY,P021,1,85.0
V015043,T015042,2025-06-17,MTY,P023,2,40.0
V015044,T015042,2025-06-17,MTY,P102,1,45.0
V015045,T015045,2025-06-17,MTY,P028,1,180.0
V015046,T015045,2025-06-17,MTY,P021,1,85.0
V015047,T015047,2025-06-17,MTY,P042,3,28.0
V015048,T015047,2025-06-17,MTY,P043,2,18.0
V015049,T015047,2025-06-17,MTY,P028,3,180.0
V015050,T015050,2025-06-17,MTY,P065,2,30.0
V015051,T015051,2025-06-17,MTY,P025,1,35.0
V015052,T015052,2025-06-17,MTY,P021,3,85.0
V015053,T015052,2025-06-17,MTY,P023,2,40.0
V015054,T015054,2025-06-17,MTY,P023,2,40.0
V015055,T015055,2025-06-17,MTY,P009,2,85.0
V015056,T015055,2025-06-17,MTY,P012,1,980.0
V015057,T015057,2025-06-17,MTY,P065,1,30.0
V015058,T015057,2025-06-17,MTY,P025,1,35.0
V015059,T015059,2025-06-17,MTY,P105,3,145.0
V015060,T015059,2025-06-17,MTY,P029,2,95.0
V015061,T015061,2025-06-17,MTY,P021,1,85.0
V015062,T015061,2025-06-17,MTY,P023,1,40.0
V015063,T015063,2025-06-17,MTY,P043,1,18.0
V015064,T015064,2025-06-17,MTY,P012,1,980.0
V015065,T015064,2025-06-17,MTY,P028,2,180.0
V015066,T015066,2025-06-17,MTY,P064,1,38.0
V015067,T015066,2025-06-17,MTY,P061,1,165.0
V015068,T015068,2025-06-18,CUN,P021,1,85.0
V015069,T015068,2025-06-18,CUN,P023,1,40.0
V015070,T015070,2025-06-18,CUN,P020,1,55.0
V015071,T015070,2025-06-18,CUN,P023,1,40.0
V015072,T015072,2025-06-18,CUN,P080,2,280.0
V015073,T015072,2025-06-18,CUN,P011,1,210.0
V015074,T015074,2025-06-18,CUN,P064,2,38.0
V015075,T015074,2025-06-18,CUN,P061,3,165.0
V015076,T015076,2025-06-18,CUN,P042,2,28.0
V015077,T015076,2025-06-18,CUN,P043,1,18.0
V015078,T015078,2025-06-18,CUN,P044,2,22.0
V015079,T015078,2025-06-18,CUN,P006,1,12.0
V015080,T015080,2025-06-18,CUN,P020,1,55.0
V015081,T015080,2025-06-18,CUN,P023,3,40.0
V015082,T015082,2025-06-18,CUN,P047,1,95.0
V015083,T015083,2025-06-18,CUN,P022,2,150.0
V015084,T015083,2025-06-18,CUN,P041,1,35.0
V015085,T015085,2025-06-18,CUN,P064,3,38.0
V015086,T015085,2025-06-18,CUN,P061,2,165.0
V015087,T015085,2025-06-18,CUN,P040,2,1450.0
V015088,T015088,2025-06-18,CUN,P063,2,45.0
V015089,T015088,2025-06-18,CUN,P060,1,850.0
V015090,T015090,2025-06-18,CUN,P107,2,165.0
V015091,T015090,2025-06-18,CUN,P027,3,320.0
V015092,T015092,2025-06-18,CUN,P101,2,35.0
V015093,T015092,2025-06-18,CUN,P062,1,320.0
V015094,T015094,2025-06-18,CUN,P041,1,35.0
V015095,T015094,2025-06-18,CUN,P043,2,18.0
V015096,T015096,2025-06-18,CUN,P080,1,280.0
V015097,T015097,2025-06-18,CUN,P106,2,55.0
V015098,T015098,2025-06-18,MID,P085,1,980.0
V015099,T015099,2025-06-18,MID,P028,2,180.0
V015100,T015099,2025-06-18,MID,P060,3,850.0
V015101,T015101,2025-06-18,MID,P101,2,35.0
V015102,T015101,2025-06-18,MID,P021,1,85.0
V015103,T015103,2025-06-18,MID,P085,1,980.0
V015104,T015104,2025-06-18,MID,P065,1,30.0
V015105,T015104,2025-06-18,MID,P022,1,150.0
V015106,T015106,2025-06-18,MID,P061,3,165.0
V015107,T015106,2025-06-18,MID,P022,1,150.0
V015108,T015108,2025-06-18,MID,P082,3,25.0
V015109,T015109,2025-06-18,MID,P020,2,55.0
V015110,T015109,2025-06-18,MID,P023,1,40.0
V015111,T015109,2025-06-18,MID,P030,1,180.0
V015112,T015112,2025-06-18,MID,P022,1,150.0
V015113,T015112,2025-06-18,MID,P023,2,40.0
V015114,T015114,2025-06-18,MID,P100,3,1250.0
V015115,T015114,2025-06-18,MID,P102,2,45.0
V015116,T015116,2025-06-18,MID,P030,1,180.0
V015117,T015117,2025-06-18,MID,P042,3,28.0
V015118,T015117,2025-06-18,MID,P043,1,18.0
V015119,T015119,2025-06-18,MID,P061,1,165.0
V015120,T015120,2025-06-18,MID,P023,1,40.0
V015121,T015121,2025-06-18,CHI,P002,2,180.0
V015122,T015122,2025-06-18,CHI,P064,1,38.0
V015123,T015122,2025-06-18,CHI,P061,3,165.0
V015124,T015124,2025-06-18,CHI,P005,2,65.0
V015125,T015124,2025-06-18,CHI,P105,3,145.0
V015126,T015126,2025-06-18,CHI,P022,2,150.0
V015127,T015126,2025-06-18,CHI,P023,3,40.0
V015128,T015126,2025-06-18,CHI,P105,2,145.0
V015129,T015129,2025-06-18,CHI,P063,3,45.0
V015130,T015129,2025-06-18,CHI,P060,1,850.0
V015131,T015129,2025-06-18,CHI,P081,2,65.0
V015132,T015132,2025-06-18,CHI,P007,1,95.0
V015133,T015133,2025-06-18,CHI,P064,1,38.0
V015134,T015133,2025-06-18,CHI,P061,1,165.0
V015135,T015133,2025-06-18,CHI,P005,1,65.0
V015136,T015136,2025-06-18,CHI,P100,2,1250.0
V015137,T015136,2025-06-18,CHI,P101,2,35.0
V015138,T015138,2025-06-18,CHI,P002,2,180.0
V015139,T015138,2025-06-18,CHI,P065,1,30.0
V015140,T015140,2025-06-18,CHI,P100,1,1250.0
V015141,T015140,2025-06-18,CHI,P101,2,35.0
V015142,T015142,2025-06-18,CHI,P042,1,28.0
V015143,T015143,2025-06-18,CHI,P020,2,55.0
V015144,T015143,2025-06-18,CHI,P006,2,12.0
V015145,T015145,2025-06-18,CHI,P083,1,65.0
V015146,T015146,2025-06-18,CHI,P100,2,1250.0
V015147,T015146,2025-06-18,CHI,P101,1,35.0
V015148,T015148,2025-06-18,CHI,P100,1,1250.0
V015149,T015148,2025-06-18,CHI,P101,2,35.0
V015150,T015148,2025-06-18,CHI,P023,1,40.0
V015151,T015151,2025-06-18,CHI,P020,1,55.0
V015152,T015151,2025-06-18,CHI,P023,1,40.0
V015153,T015153,2025-06-18,CHI,P028,3,180.0
V015154,T015154,2025-06-18,CDMX,P080,3,280.0
V015155,T015154,2025-06-18,CDMX,P061,1,165.0
V015156,T015156,2025-06-18,CDMX,P048,3,180.0
V015157,T015157,2025-06-18,CDMX,P060,2,850.0
V015158,T015158,2025-06-18,CDMX,P005,2,65.0
V015159,T015158,2025-06-18,CDMX,P040,1,1450.0
V015160,T015160,2025-06-18,CDMX,P012,1,980.0
V015161,T015160,2025-06-18,CDMX,P082,1,25.0
V015162,T015162,2025-06-18,CDMX,P100,1,1250.0
V015163,T015162,2025-06-18,CDMX,P101,1,35.0
V015164,T015164,2025-06-18,CDMX,P021,3,85.0
V015165,T015164,2025-06-18,CDMX,P023,1,40.0
V015166,T015164,2025-06-18,CDMX,P063,2,45.0
V015167,T015167,2025-06-18,CDMX,P107,2,165.0
V015168,T015168,2025-06-18,CDMX,P030,2,180.0
V015169,T015168,2025-06-18,CDMX,P061,2,165.0
V015170,T015170,2025-06-18,CDMX,P013,2,45.0
V015171,T015171,2025-06-18,CDMX,P004,2,6.0
V015172,T015171,2025-06-18,CDMX,P060,1,850.0
V015173,T015173,2025-06-18,CDMX,P024,1,6.0
V015174,T015174,2025-06-18,CDMX,P006,1,12.0
V015175,T015175,2025-06-18,CDMX,P081,1,65.0
V015176,T015175,2025-06-18,CDMX,P001,2,145.0
V015177,T015177,2025-06-18,CDMX,P100,3,1250.0
V015178,T015177,2025-06-18,CDMX,P101,2,35.0
V015179,T015177,2025-06-18,CDMX,P001,3,145.0
V015180,T015180,2025-06-18,CDMX,P003,1,8.5
V015181,T015181,2025-06-18,CDMX,P008,3,180.0
V015182,T015181,2025-06-18,CDMX,P009,1,85.0
V015183,T015183,2025-06-18,CDMX,P102,2,45.0
V015184,T015183,2025-06-18,CDMX,P048,1,180.0
V015185,T015185,2025-06-18,MTY,P041,3,35.0
V015186,T015185,2025-06-18,MTY,P043,2,18.0
V015187,T015185,2025-06-18,MTY,P080,2,280.0
V015188,T015188,2025-06-18,MTY,P002,2,180.0
V015189,T015188,2025-06-18,MTY,P006,1,12.0
V015190,T015190,2025-06-18,MTY,P041,1,35.0
V015191,T015190,2025-06-18,MTY,P043,1,18.0
V015192,T015192,2025-06-18,MTY,P064,2,38.0
V015193,T015192,2025-06-18,MTY,P061,1,165.0
V015194,T015192,2025-06-18,MTY,P011,3,210.0
V015195,T015195,2025-06-18,MTY,P005,3,65.0
V015196,T015196,2025-06-18,MTY,P064,1,38.0
V015197,T015196,2025-06-18,MTY,P061,1,165.0
V015198,T015196,2025-06-18,MTY,P104,2,95.0
V015199,T015199,2025-06-18,MTY,P020,1,55.0
V015200,T015199,2025-06-18,MTY,P023,1,40.0
V015201,T015201,2025-06-18,MTY,P021,1,85.0
V015202,T015201,2025-06-18,MTY,P023,2,40.0
V015203,T015201,2025-06-18,MTY,P064,2,38.0
V015204,T015204,2025-06-18,MTY,P100,1,1250.0
V015205,T015204,2025-06-18,MTY,P101,1,35.0
V015206,T015206,2025-06-18,MTY,P021,3,85.0
V015207,T015206,2025-06-18,MTY,P023,2,40.0
V015208,T015208,2025-06-18,MTY,P001,1,145.0
V015209,T015208,2025-06-18,MTY,P086,2,650.0
V015210,T015210,2025-06-18,MTY,P104,3,95.0
V015211,T015211,2025-06-19,CUN,P064,1,38.0
V015212,T015211,2025-06-19,CUN,P061,2,165.0
V015213,T015213,2025-06-19,CUN,P024,1,6.0
V015214,T015213,2025-06-19,CUN,P021,1,85.0
V015215,T015215,2025-06-19,CUN,P002,2,180.0
V015216,T015215,2025-06-19,CUN,P021,2,85.0
V015217,T015217,2025-06-19,CUN,P007,3,95.0
V015218,T015217,2025-06-19,CUN,P030,2,180.0
V015219,T015219,2025-06-19,CUN,P042,1,28.0
V015220,T015219,2025-06-19,CUN,P043,1,18.0
V015221,T015221,2025-06-19,CUN,P044,1,22.0
V015222,T015221,2025-06-19,CUN,P006,2,12.0
V015223,T015223,2025-06-19,CUN,P100,1,1250.0
V015224,T015223,2025-06-19,CUN,P101,1,35.0
V015225,T015223,2025-06-19,CUN,P027,3,320.0
V015226,T015226,2025-06-19,CUN,P083,2,65.0
V015227,T015227,2025-06-19,CUN,P047,3,95.0
V015228,T015228,2025-06-19,CUN,P011,2,210.0
V015229,T015228,2025-06-19,CUN,P009,2,85.0
V015230,T015230,2025-06-19,CUN,P060,2,850.0
V015231,T015231,2025-06-19,CUN,P085,2,980.0
V015232,T015231,2025-06-19,CUN,P083,1,65.0
V015233,T015233,2025-06-19,CUN,P021,1,85.0
V015234,T015233,2025-06-19,CUN,P023,1,40.0
V015235,T015233,2025-06-19,CUN,P105,1,145.0
V015236,T015236,2025-06-19,MID,P008,2,180.0
V015237,T015236,2025-06-19,MID,P063,1,45.0
V015238,T015238,2025-06-19,MID,P026,2,65.0
V015239,T015239,2025-06-19,MID,P041,2,35.0
V015240,T015239,2025-06-19,MID,P043,3,18.0
V015241,T015239,2025-06-19,MID,P102,1,45.0
V015242,T015242,2025-06-19,MID,P020,2,55.0
V015243,T015242,2025-06-19,MID,P023,2,40.0
V015244,T015244,2025-06-19,MID,P063,2,45.0
V015245,T015244,2025-06-19,MID,P060,1,850.0
V015246,T015246,2025-06-19,MID,P105,1,145.0
V015247,T015246,2025-06-19,MID,P022,3,150.0
V015248,T015248,2025-06-19,MID,P006,2,12.0
V015249,T015249,2025-06-19,MID,P006,1,12.0
V015250,T015249,2025-06-19,MID,P027,3,320.0
V015251,T015251,2025-06-19,MID,P008,1,180.0
V015252,T015251,2025-06-19,MID,P009,2,85.0
V015253,T015253,2025-06-19,MID,P021,2,85.0
V015254,T015253,2025-06-19,MID,P023,3,40.0
V015255,T015255,2025-06-19,CHI,P045,1,45.0
V015256,T015255,2025-06-19,CHI,P104,2,95.0
V015257,T015257,2025-06-19,CHI,P029,2,95.0
V015258,T015258,2025-06-19,CHI,P020,3,55.0
V015259,T015258,2025-06-19,CHI,P023,3,40.0
V015260,T015258,2025-06-19,CHI,P005,1,65.0
V015261,T015261,2025-06-19,CHI,P022,3,150.0
V015262,T015261,2025-06-19,CHI,P023,1,40.0
V015263,T015263,2025-06-19,CHI,P044,1,22.0
V015264,T015264,2025-06-19,CHI,P005,1,65.0
V015265,T015264,2025-06-19,CHI,P100,1,1250.0
V015266,T015266,2025-06-19,CHI,P012,1,980.0
V015267,T015266,2025-06-19,CHI,P062,1,320.0
V015268,T015268,2025-06-19,CHI,P100,2,1250.0
V015269,T015268,2025-06-19,CHI,P101,2,35.0
V015270,T015268,2025-06-19,CHI,P024,1,6.0
V015271,T015271,2025-06-19,CHI,P100,1,1250.0
V015272,T015271,2025-06-19,CHI,P102,3,45.0
V015273,T015271,2025-06-19,CHI,P020,2,55.0
V015274,T015274,2025-06-19,CHI,P025,1,35.0
V015275,T015274,2025-06-19,CHI,P005,2,65.0
V015276,T015276,2025-06-19,CHI,P023,2,40.0
V015277,T015276,2025-06-19,CHI,P020,1,55.0
V015278,T015278,2025-06-19,CHI,P063,1,45.0
V015279,T015278,2025-06-19,CHI,P060,1,850.0
V015280,T015280,2025-06-19,CHI,P043,2,18.0
V015281,T015280,2025-06-19,CHI,P009,1,85.0
V015282,T015282,2025-06-19,CHI,P027,1,320.0
V015283,T015282,2025-06-19,CHI,P103,2,120.0
V015284,T015284,2025-06-19,CHI,P024,1,6.0
V015285,T015285,2025-06-19,CHI,P020,3,55.0
V015286,T015285,2025-06-19,CHI,P023,1,40.0
V015287,T015287,2025-06-19,CHI,P041,3,35.0
V015288,T015287,2025-06-19,CHI,P043,1,18.0
V015289,T015287,2025-06-19,CHI,P107,1,165.0
V015290,T015290,2025-06-19,CHI,P025,3,35.0
V015291,T015291,2025-06-19,CHI,P022,3,150.0
V015292,T015292,2025-06-19,CHI,P100,3,1250.0
V015293,T015292,2025-06-19,CHI,P101,1,35.0
V015294,T015294,2025-06-19,CHI,P061,3,165.0
V015295,T015294,2025-06-19,CHI,P086,1,650.0
V015296,T015296,2025-06-19,CDMX,P004,2,6.0
V015297,T015296,2025-06-19,CDMX,P083,1,65.0
V015298,T015298,2025-06-19,CDMX,P024,3,6.0
V015299,T015298,2025-06-19,CDMX,P063,1,45.0
V015300,T015300,2025-06-19,CDMX,P047,1,95.0
V015301,T015300,2025-06-19,CDMX,P042,1,28.0
V015302,T015302,2025-06-19,CDMX,P030,3,180.0
V015303,T015303,2025-06-19,CDMX,P046,2,280.0
V015304,T015303,2025-06-19,CDMX,P080,1,280.0
V015305,T015305,2025-06-19,CDMX,P064,1,38.0
V015306,T015305,2025-06-19,CDMX,P061,1,165.0
V015307,T015307,2025-06-19,CDMX,P030,1,180.0
V015308,T015308,2025-06-19,CDMX,P106,1,55.0
V015309,T015309,2025-06-19,CDMX,P020,1,55.0
V015310,T015309,2025-06-19,CDMX,P023,2,40.0
V015311,T015311,2025-06-19,CDMX,P021,2,85.0
V015312,T015311,2025-06-19,CDMX,P023,2,40.0
V015313,T015313,2025-06-19,CDMX,P084,3,18.0
V015314,T015313,2025-06-19,CDMX,P061,2,165.0
V015315,T015315,2025-06-19,CDMX,P005,3,65.0
V015316,T015316,2025-06-19,CDMX,P003,2,8.5
V015317,T015317,2025-06-19,CDMX,P010,2,120.0
V015318,T015318,2025-06-19,CDMX,P022,2,150.0
V015319,T015318,2025-06-19,CDMX,P023,1,40.0
V015320,T015318,2025-06-19,CDMX,P042,3,28.0
V015321,T015321,2025-06-19,MTY,P080,1,280.0
V015322,T015322,2025-06-19,MTY,P021,1,85.0
V015323,T015322,2025-06-19,MTY,P023,1,40.0
V015324,T015322,2025-06-19,MTY,P028,3,180.0
V015325,T015325,2025-06-19,MTY,P080,2,280.0
V015326,T015326,2025-06-19,MTY,P100,2,1250.0
V015327,T015326,2025-06-19,MTY,P101,1,35.0
V015328,T015328,2025-06-19,MTY,P061,3,165.0
V015329,T015329,2025-06-19,MTY,P041,1,35.0
V015330,T015330,2025-06-19,MTY,P021,1,85.0
V015331,T015330,2025-06-19,MTY,P023,2,40.0
V015332,T015330,2025-06-19,MTY,P063,2,45.0
V015333,T015333,2025-06-19,MTY,P022,1,150.0
V015334,T015333,2025-06-19,MTY,P023,1,40.0
V015335,T015335,2025-06-19,MTY,P021,2,85.0
V015336,T015335,2025-06-19,MTY,P023,1,40.0
V015337,T015335,2025-06-19,MTY,P028,1,180.0
V015338,T015338,2025-06-19,MTY,P041,1,35.0
V015339,T015338,2025-06-19,MTY,P043,2,18.0
V015340,T015340,2025-06-19,MTY,P022,3,150.0
V015341,T015340,2025-06-19,MTY,P023,1,40.0
V015342,T015342,2025-06-19,MTY,P023,1,40.0
V015343,T015343,2025-06-19,MTY,P085,1,980.0
V015344,T015343,2025-06-19,MTY,P009,3,85.0
V015345,T015345,2025-06-19,MTY,P084,1,18.0
V015346,T015345,2025-06-19,MTY,P021,3,85.0
V015347,T015347,2025-06-19,MTY,P086,1,650.0
V015348,T015347,2025-06-19,MTY,P060,1,850.0
V015349,T015349,2025-06-19,MTY,P022,1,150.0
V015350,T015350,2025-06-19,MTY,P100,2,1250.0
V015351,T015350,2025-06-19,MTY,P102,1,45.0
V015352,T015350,2025-06-19,MTY,P060,1,850.0
V015353,T015353,2025-06-19,MTY,P063,1,45.0
V015354,T015353,2025-06-19,MTY,P060,3,850.0
V015355,T015355,2025-06-19,MTY,P103,3,120.0
V015356,T015355,2025-06-19,MTY,P105,1,145.0
V015357,T015357,2025-06-19,MTY,P063,3,45.0
V015358,T015357,2025-06-19,MTY,P064,3,38.0
V015359,T015359,2025-06-19,MTY,P047,3,95.0
V015360,T015360,2025-06-19,MTY,P041,2,35.0
V015361,T015360,2025-06-19,MTY,P082,1,25.0
V015362,T015362,2025-06-20,CUN,P045,3,45.0
V015363,T015363,2025-06-20,CUN,P021,1,85.0
V015364,T015363,2025-06-20,CUN,P023,1,40.0
V015365,T015363,2025-06-20,CUN,P011,1,210.0
V015366,T015366,2025-06-20,CUN,P021,1,85.0
V015367,T015366,2025-06-20,CUN,P023,1,40.0
V015368,T015366,2025-06-20,CUN,P022,2,150.0
V015369,T015369,2025-06-20,CUN,P063,3,45.0
V015370,T015369,2025-06-20,CUN,P060,1,850.0
V015371,T015371,2025-06-20,CUN,P042,2,28.0
V015372,T015371,2025-06-20,CUN,P043,1,18.0
V015373,T015371,2025-06-20,CUN,P046,3,280.0
V015374,T015374,2025-06-20,CUN,P007,3,95.0
V015375,T015374,2025-06-20,CUN,P010,1,120.0
V015376,T015376,2025-06-20,CUN,P022,2,150.0
V015377,T015376,2025-06-20,CUN,P023,2,40.0
V015378,T015378,2025-06-20,CUN,P060,3,850.0
V015379,T015379,2025-06-20,CUN,P046,3,280.0
V015380,T015379,2025-06-20,CUN,P066,2,55.0
V015381,T015381,2025-06-20,CUN,P021,2,85.0
V015382,T015381,2025-06-20,CUN,P023,1,40.0
V015383,T015381,2025-06-20,CUN,P001,2,145.0
V015384,T015384,2025-06-20,CUN,P060,1,850.0
V015385,T015384,2025-06-20,CUN,P047,1,95.0
V015386,T015386,2025-06-20,CUN,P008,2,180.0
V015387,T015386,2025-06-20,CUN,P104,1,95.0
V015388,T015388,2025-06-20,CUN,P020,2,55.0
V015389,T015388,2025-06-20,CUN,P023,2,40.0
V015390,T015390,2025-06-20,CUN,P021,1,85.0
V015391,T015390,2025-06-20,CUN,P023,2,40.0
V015392,T015390,2025-06-20,CUN,P047,2,95.0
V015393,T015393,2025-06-20,CUN,P100,1,1250.0
V015394,T015393,2025-06-20,CUN,P102,2,45.0
V015395,T015395,2025-06-20,MID,P042,2,28.0
V015396,T015395,2025-06-20,MID,P043,3,18.0
V015397,T015397,2025-06-20,MID,P061,1,165.0
V015398,T015397,2025-06-20,MID,P022,2,150.0
V015399,T015399,2025-06-20,MID,P042,2,28.0
V015400,T015399,2025-06-20,MID,P043,1,18.0
V015401,T015401,2025-06-20,MID,P063,2,45.0
V015402,T015401,2025-06-20,MID,P060,1,850.0
V015403,T015401,2025-06-20,MID,P003,1,8.5
V015404,T015404,2025-06-20,MID,P041,1,35.0
V015405,T015404,2025-06-20,MID,P043,3,18.0
V015406,T015406,2025-06-20,MID,P060,1,850.0
V015407,T015406,2025-06-20,MID,P022,2,150.0
V015408,T015408,2025-06-20,MID,P082,3,25.0
V015409,T015408,2025-06-20,MID,P044,2,22.0
V015410,T015410,2025-06-20,MID,P063,1,45.0
V015411,T015411,2025-06-20,CHI,P004,1,6.0
V015412,T015412,2025-06-20,CHI,P061,2,165.0
V015413,T015412,2025-06-20,CHI,P041,1,35.0
V015414,T015414,2025-06-20,CHI,P048,2,180.0
V015415,T015414,2025-06-20,CHI,P028,1,180.0
V015416,T015416,2025-06-20,CHI,P043,1,18.0
V015417,T015417,2025-06-20,CHI,P041,1,35.0
V015418,T015417,2025-06-20,CHI,P043,2,18.0
V015419,T015417,2025-06-20,CHI,P003,2,8.5
V015420,T015420,2025-06-20,CHI,P085,3,980.0
V015421,T015421,2025-06-20,CHI,P020,1,55.0
V015422,T015422,2025-06-20,CHI,P021,3,85.0
V015423,T015422,2025-06-20,CHI,P023,1,40.0
V015424,T015424,2025-06-20,CHI,P064,1,38.0
V015425,T015424,2025-06-20,CHI,P066,2,55.0
V015426,T015426,2025-06-20,CHI,P041,1,35.0
V015427,T015426,2025-06-20,CHI,P043,1,18.0
V015428,T015428,2025-06-20,CHI,P021,2,85.0
V015429,T015428,2025-06-20,CHI,P060,1,850.0
V015430,T015430,2025-06-20,CHI,P020,1,55.0
V015431,T015430,2025-06-20,CHI,P061,1,165.0
V015432,T015432,2025-06-20,CHI,P002,1,180.0
V015433,T015433,2025-06-20,CHI,P030,1,180.0
V015434,T015434,2025-06-20,CHI,P104,1,95.0
V015435,T015434,2025-06-20,CHI,P012,2,980.0
V015436,T015436,2025-06-20,CHI,P026,1,65.0
V015437,T015436,2025-06-20,CHI,P029,2,95.0
V015438,T015438,2025-06-20,CDMX,P063,1,45.0
V015439,T015438,2025-06-20,CDMX,P060,1,850.0
V015440,T015438,2025-06-20,CDMX,P029,2,95.0
V015441,T015441,2025-06-20,CDMX,P002,2,180.0
V015442,T015441,2025-06-20,CDMX,P101,2,35.0
V015443,T015443,2025-06-20,CDMX,P008,1,180.0
V015444,T015443,2025-06-20,CDMX,P084,3,18.0
V015445,T015445,2025-06-20,CDMX,P066,3,55.0
V015446,T015445,2025-06-20,CDMX,P045,2,45.0
V015447,T015447,2025-06-20,CDMX,P041,1,35.0
V015448,T015447,2025-06-20,CDMX,P043,1,18.0
V015449,T015447,2025-06-20,CDMX,P106,2,55.0
V015450,T015450,2025-06-20,CDMX,P064,3,38.0
V015451,T015450,2025-06-20,CDMX,P061,1,165.0
V015452,T015452,2025-06-20,CDMX,P064,3,38.0
V015453,T015452,2025-06-20,CDMX,P061,3,165.0
V015454,T015454,2025-06-20,CDMX,P102,1,45.0
V015455,T015454,2025-06-20,CDMX,P065,1,30.0
V015456,T015456,2025-06-20,CDMX,P003,1,8.5
V015457,T015457,2025-06-20,CDMX,P063,1,45.0
V015458,T015457,2025-06-20,CDMX,P060,3,850.0
V015459,T015459,2025-06-20,CDMX,P042,1,28.0
V015460,T015459,2025-06-20,CDMX,P107,2,165.0
V015461,T015461,2025-06-20,MTY,P021,3,85.0
V015462,T015461,2025-06-20,MTY,P023,2,40.0
V015463,T015463,2025-06-20,MTY,P065,3,30.0
V015464,T015464,2025-06-20,MTY,P020,3,55.0
V015465,T015464,2025-06-20,MTY,P023,1,40.0
V015466,T015464,2025-06-20,MTY,P101,1,35.0
V015467,T015467,2025-06-20,MTY,P029,2,95.0
V015468,T015468,2025-06-20,MTY,P100,1,1250.0
V015469,T015468,2025-06-20,MTY,P101,1,35.0
V015470,T015468,2025-06-20,MTY,P005,2,65.0
V015471,T015471,2025-06-20,MTY,P012,1,980.0
V015472,T015472,2025-06-20,MTY,P042,2,28.0
V015473,T015472,2025-06-20,MTY,P043,1,18.0
V015474,T015472,2025-06-20,MTY,P024,1,6.0
V015475,T015475,2025-06-20,MTY,P100,1,1250.0
V015476,T015475,2025-06-20,MTY,P101,3,35.0
V015477,T015475,2025-06-20,MTY,P082,2,25.0
V015478,T015478,2025-06-20,MTY,P029,1,95.0
V015479,T015479,2025-06-20,MTY,P062,1,320.0
V015480,T015480,2025-06-20,MTY,P041,2,35.0
V015481,T015480,2025-06-20,MTY,P025,1,35.0
V015482,T015482,2025-06-20,MTY,P041,3,35.0
V015483,T015482,2025-06-20,MTY,P043,2,18.0
V015484,T015484,2025-06-20,MTY,P100,1,1250.0
V015485,T015484,2025-06-20,MTY,P107,1,165.0
V015486,T015486,2025-06-20,MTY,P007,2,95.0
V015487,T015487,2025-06-20,MTY,P062,1,320.0
V015488,T015488,2025-06-20,MTY,P062,1,320.0
V015489,T015488,2025-06-20,MTY,P007,2,95.0
V015490,T015490,2025-06-20,MTY,P107,1,165.0
V015491,T015490,2025-06-20,MTY,P042,3,28.0
V015492,T015492,2025-06-20,MTY,P024,3,6.0
V015493,T015492,2025-06-20,MTY,P083,3,65.0
V015494,T015494,2025-06-20,MTY,P007,3,95.0
V015495,T015495,2025-06-20,MTY,P021,1,85.0
V015496,T015496,2025-06-21,CUN,P100,1,1250.0
V015497,T015496,2025-06-21,CUN,P101,1,35.0
V015498,T015496,2025-06-21,CUN,P005,2,65.0
V015499,T015499,2025-06-21,CUN,P100,2,1250.0
V015500,T015499,2025-06-21,CUN,P102,2,45.0
V015501,T015499,2025-06-21,CUN,P025,2,35.0
V015502,T015502,2025-06-21,CUN,P100,1,1250.0
V015503,T015502,2025-06-21,CUN,P102,1,45.0
V015504,T015504,2025-06-21,CUN,P006,2,12.0
V015505,T015505,2025-06-21,CUN,P100,1,1250.0
V015506,T015505,2025-06-21,CUN,P102,1,45.0
V015507,T015507,2025-06-21,CUN,P103,1,120.0
V015508,T015507,2025-06-21,CUN,P030,1,180.0
V015509,T015509,2025-06-21,CUN,P083,2,65.0
V015510,T015510,2025-06-21,CUN,P065,1,30.0
V015511,T015511,2025-06-21,CUN,P045,1,45.0
V015512,T015512,2025-06-21,CUN,P006,1,12.0
V015513,T015513,2025-06-21,CUN,P026,2,65.0
V015514,T015514,2025-06-21,CUN,P002,2,180.0
V015515,T015515,2025-06-21,CUN,P040,2,1450.0
V015516,T015515,2025-06-21,CUN,P066,1,55.0
V015517,T015517,2025-06-21,CUN,P022,2,150.0
V015518,T015518,2025-06-21,CUN,P042,2,28.0
V015519,T015518,2025-06-21,CUN,P043,2,18.0
V015520,T015520,2025-06-21,CUN,P081,1,65.0
V015521,T015521,2025-06-21,CUN,P082,2,25.0
V015522,T015522,2025-06-21,CUN,P013,2,45.0
V015523,T015523,2025-06-21,CUN,P027,1,320.0
V015524,T015523,2025-06-21,CUN,P085,1,980.0
V015525,T015525,2025-06-21,MID,P100,2,1250.0
V015526,T015525,2025-06-21,MID,P102,2,45.0
V015527,T015525,2025-06-21,MID,P030,2,180.0
V015528,T015528,2025-06-21,MID,P064,2,38.0
V015529,T015528,2025-06-21,MID,P061,2,165.0
V015530,T015530,2025-06-21,MID,P041,3,35.0
V015531,T015531,2025-06-21,MID,P064,1,38.0
V015532,T015531,2025-06-21,MID,P021,1,85.0
V015533,T015533,2025-06-21,MID,P012,2,980.0
V015534,T015533,2025-06-21,MID,P060,1,850.0
V015535,T015535,2025-06-21,MID,P064,2,38.0
V015536,T015535,2025-06-21,MID,P061,1,165.0
V015537,T015537,2025-06-21,MID,P029,1,95.0
V015538,T015537,2025-06-21,MID,P085,2,980.0
V015539,T015539,2025-06-21,MID,P063,2,45.0
V015540,T015539,2025-06-21,MID,P060,3,850.0
V015541,T015541,2025-06-21,MID,P103,2,120.0
V015542,T015542,2025-06-21,MID,P105,2,145.0
V015543,T015543,2025-06-21,MID,P042,2,28.0
V015544,T015543,2025-06-21,MID,P043,2,18.0
V015545,T015545,2025-06-21,MID,P105,1,145.0
V015546,T015546,2025-06-21,MID,P100,2,1250.0
V015547,T015546,2025-06-21,MID,P101,1,35.0
V015548,T015548,2025-06-21,MID,P063,3,45.0
V015549,T015548,2025-06-21,MID,P060,1,850.0
V015550,T015550,2025-06-21,MID,P030,2,180.0
V015551,T015550,2025-06-21,MID,P024,1,6.0
V015552,T015552,2025-06-21,MID,P100,1,1250.0
V015553,T015552,2025-06-21,MID,P102,1,45.0
V015554,T015552,2025-06-21,MID,P083,2,65.0
V015555,T015555,2025-06-21,MID,P020,1,55.0
V015556,T015555,2025-06-21,MID,P105,3,145.0
V015557,T015557,2025-06-21,CHI,P063,3,45.0
V015558,T015557,2025-06-21,CHI,P060,3,850.0
V015559,T015559,2025-06-21,CHI,P040,3,1450.0
V015560,T015560,2025-06-21,CHI,P006,1,12.0
V015561,T015561,2025-06-21,CHI,P063,1,45.0
V015562,T015561,2025-06-21,CHI,P060,1,850.0
V015563,T015561,2025-06-21,CHI,P047,1,95.0
V015564,T015564,2025-06-21,CHI,P011,1,210.0
V015565,T015564,2025-06-21,CHI,P066,2,55.0
V015566,T015566,2025-06-21,CHI,P084,2,18.0
V015567,T015567,2025-06-21,CHI,P060,2,850.0
V015568,T015567,2025-06-21,CHI,P065,1,30.0
V015569,T015569,2025-06-21,CHI,P011,3,210.0
V015570,T015570,2025-06-21,CHI,P105,2,145.0
V015571,T015570,2025-06-21,CHI,P020,2,55.0
V015572,T015572,2025-06-21,CHI,P103,2,120.0
V015573,T015573,2025-06-21,CHI,P026,2,65.0
V015574,T015573,2025-06-21,CHI,P011,1,210.0
V015575,T015575,2025-06-21,CHI,P063,2,45.0
V015576,T015575,2025-06-21,CHI,P060,2,850.0
V015577,T015575,2025-06-21,CHI,P106,1,55.0
V015578,T015578,2025-06-21,CHI,P021,2,85.0
V015579,T015578,2025-06-21,CHI,P100,3,1250.0
V015580,T015580,2025-06-21,CHI,P009,1,85.0
V015581,T015580,2025-06-21,CHI,P007,2,95.0
V015582,T015582,2025-06-21,CHI,P064,3,38.0
V015583,T015582,2025-06-21,CHI,P012,2,980.0
V015584,T015584,2025-06-21,CHI,P002,3,180.0
V015585,T015585,2025-06-21,CDMX,P028,1,180.0
V015586,T015586,2025-06-21,CDMX,P064,1,38.0
V015587,T015586,2025-06-21,CDMX,P061,2,165.0
V015588,T015588,2025-06-21,CDMX,P060,1,850.0
V015589,T015589,2025-06-21,CDMX,P100,1,1250.0
V015590,T015589,2025-06-21,CDMX,P101,2,35.0
V015591,T015591,2025-06-21,CDMX,P041,3,35.0
V015592,T015591,2025-06-21,CDMX,P043,1,18.0
V015593,T015593,2025-06-21,CDMX,P064,2,38.0
V015594,T015593,2025-06-21,CDMX,P020,1,55.0
V015595,T015595,2025-06-21,CDMX,P064,3,38.0
V015596,T015595,2025-06-21,CDMX,P061,1,165.0
V015597,T015597,2025-06-21,CDMX,P024,1,6.0
V015598,T015598,2025-06-21,CDMX,P006,3,12.0
V015599,T015599,2025-06-21,CDMX,P029,2,95.0
V015600,T015600,2025-06-21,CDMX,P022,1,150.0
V015601,T015600,2025-06-21,CDMX,P023,2,40.0
V015602,T015602,2025-06-21,CDMX,P003,2,8.5
V015603,T015602,2025-06-21,CDMX,P107,1,165.0
V015604,T015604,2025-06-21,CDMX,P065,1,30.0
V015605,T015605,2025-06-21,CDMX,P029,1,95.0
V015606,T015606,2025-06-21,CDMX,P081,1,65.0
V015607,T015606,2025-06-21,CDMX,P083,2,65.0
V015608,T015608,2025-06-21,MTY,P004,2,6.0
V015609,T015609,2025-06-21,MTY,P043,3,18.0
V015610,T015610,2025-06-21,MTY,P010,1,120.0
V015611,T015610,2025-06-21,MTY,P105,1,145.0
V015612,T015612,2025-06-21,MTY,P020,1,55.0
V015613,T015613,2025-06-21,MTY,P083,1,65.0
V015614,T015614,2025-06-21,MTY,P060,2,850.0
V015615,T015615,2025-06-21,MTY,P100,3,1250.0
V015616,T015615,2025-06-21,MTY,P101,1,35.0
V015617,T015615,2025-06-21,MTY,P060,1,850.0
V015618,T015618,2025-06-21,MTY,P001,3,145.0
V015619,T015619,2025-06-21,MTY,P100,1,1250.0
V015620,T015619,2025-06-21,MTY,P101,2,35.0
V015621,T015619,2025-06-21,MTY,P008,2,180.0
V015622,T015622,2025-06-21,MTY,P021,1,85.0
V015623,T015622,2025-06-21,MTY,P023,1,40.0
V015624,T015622,2025-06-21,MTY,P028,1,180.0
V015625,T015625,2025-06-21,MTY,P100,1,1250.0
V015626,T015625,2025-06-21,MTY,P101,1,35.0
V015627,T015627,2025-06-21,MTY,P081,3,65.0
V015628,T015628,2025-06-21,MTY,P048,2,180.0
V015629,T015628,2025-06-21,MTY,P040,2,1450.0
V015630,T015630,2025-06-21,MTY,P101,2,35.0
V015631,T015631,2025-06-21,MTY,P086,3,650.0
V015632,T015632,2025-06-21,MTY,P106,1,55.0
V015633,T015632,2025-06-21,MTY,P048,2,180.0
V015634,T015634,2025-06-21,MTY,P044,1,22.0
V015635,T015634,2025-06-21,MTY,P041,2,35.0
V015636,T015636,2025-06-21,MTY,P040,1,1450.0
V015637,T015637,2025-06-21,MTY,P020,1,55.0
V015638,T015637,2025-06-21,MTY,P023,2,40.0
V015639,T015637,2025-06-21,MTY,P064,2,38.0
V015640,T015640,2025-06-21,MTY,P103,3,120.0
V015641,T015640,2025-06-21,MTY,P012,1,980.0
V015642,T015642,2025-06-21,MTY,P063,2,45.0
V015643,T015642,2025-06-21,MTY,P060,1,850.0
V015644,T015642,2025-06-21,MTY,P005,1,65.0
V015645,T015645,2025-06-22,CUN,P042,2,28.0
V015646,T015645,2025-06-22,CUN,P043,1,18.0
V015647,T015645,2025-06-22,CUN,P101,2,35.0
V015648,T015648,2025-06-22,CUN,P042,2,28.0
V015649,T015648,2025-06-22,CUN,P043,1,18.0
V015650,T015648,2025-06-22,CUN,P062,1,320.0
V015651,T015651,2025-06-22,CUN,P044,1,22.0
V015652,T015652,2025-06-22,CUN,P064,1,38.0
V015653,T015652,2025-06-22,CUN,P061,1,165.0
V015654,T015652,2025-06-22,CUN,P027,2,320.0
V015655,T015655,2025-06-22,CUN,P041,3,35.0
V015656,T015655,2025-06-22,CUN,P043,1,18.0
V015657,T015657,2025-06-22,CUN,P021,2,85.0
V015658,T015657,2025-06-22,CUN,P023,1,40.0
V015659,T015659,2025-06-22,CUN,P085,1,980.0
V015660,T015660,2025-06-22,CUN,P046,3,280.0
V015661,T015660,2025-06-22,CUN,P004,3,6.0
V015662,T015662,2025-06-22,MID,P084,1,18.0
V015663,T015662,2025-06-22,MID,P046,2,280.0
V015664,T015664,2025-06-22,MID,P005,1,65.0
V015665,T015665,2025-06-22,MID,P021,3,85.0
V015666,T015665,2025-06-22,MID,P023,2,40.0
V015667,T015667,2025-06-22,MID,P041,3,35.0
V015668,T015667,2025-06-22,MID,P043,3,18.0
V015669,T015667,2025-06-22,MID,P046,1,280.0
V015670,T015670,2025-06-22,MID,P020,1,55.0
V015671,T015670,2025-06-22,MID,P023,2,40.0
V015672,T015670,2025-06-22,MID,P086,1,650.0
V015673,T015673,2025-06-22,MID,P001,1,145.0
V015674,T015674,2025-06-22,MID,P083,1,65.0
V015675,T015675,2025-06-22,MID,P042,1,28.0
V015676,T015675,2025-06-22,MID,P045,1,45.0
V015677,T015677,2025-06-22,MID,P064,1,38.0
V015678,T015677,2025-06-22,MID,P030,3,180.0
V015679,T015679,2025-06-22,CHI,P024,1,6.0
V015680,T015679,2025-06-22,CHI,P045,1,45.0
V015681,T015681,2025-06-22,CHI,P006,1,12.0
V015682,T015681,2025-06-22,CHI,P045,1,45.0
V015683,T015683,2025-06-22,CHI,P028,3,180.0
V015684,T015683,2025-06-22,CHI,P101,1,35.0
V015685,T015685,2025-06-22,CHI,P085,2,980.0
V015686,T015685,2025-06-22,CHI,P105,3,145.0
V015687,T015687,2025-06-22,CHI,P005,3,65.0
V015688,T015687,2025-06-22,CHI,P081,1,65.0
V015689,T015689,2025-06-22,CHI,P101,2,35.0
V015690,T015689,2025-06-22,CHI,P041,2,35.0
V015691,T015691,2025-06-22,CHI,P063,1,45.0
V015692,T015691,2025-06-22,CHI,P060,2,850.0
V015693,T015691,2025-06-22,CHI,P042,1,28.0
V015694,T015694,2025-06-22,CHI,P063,1,45.0
V015695,T015694,2025-06-22,CHI,P060,1,850.0
V015696,T015694,2025-06-22,CHI,P023,2,40.0
V015697,T015697,2025-06-22,CHI,P101,1,35.0
V015698,T015697,2025-06-22,CHI,P048,3,180.0
V015699,T015699,2025-06-22,CHI,P048,3,180.0
V015700,T015699,2025-06-22,CHI,P007,2,95.0
V015701,T015701,2025-06-22,CHI,P042,3,28.0
V015702,T015701,2025-06-22,CHI,P043,2,18.0
V015703,T015703,2025-06-22,CHI,P100,2,1250.0
V015704,T015703,2025-06-22,CHI,P101,2,35.0
V015705,T015703,2025-06-22,CHI,P007,1,95.0
V015706,T015706,2025-06-22,CHI,P062,2,320.0
V015707,T015707,2025-06-22,CDMX,P028,2,180.0
V015708,T015707,2025-06-22,CDMX,P041,1,35.0
V015709,T015709,2025-06-22,CDMX,P082,1,25.0
V015710,T015710,2025-06-22,CDMX,P042,1,28.0
V015711,T015710,2025-06-22,CDMX,P043,3,18.0
V015712,T015710,2025-06-22,CDMX,P024,1,6.0
V015713,T015713,2025-06-22,CDMX,P023,3,40.0
V015714,T015714,2025-06-22,CDMX,P001,1,145.0
V015715,T015715,2025-06-22,CDMX,P021,3,85.0
V015716,T015715,2025-06-22,CDMX,P023,2,40.0
V015717,T015715,2025-06-22,CDMX,P063,1,45.0
V015718,T015718,2025-06-22,CDMX,P013,1,45.0
V015719,T015718,2025-06-22,CDMX,P009,2,85.0
V015720,T015720,2025-06-22,CDMX,P082,1,25.0
V015721,T015721,2025-06-22,CDMX,P020,2,55.0
V015722,T015721,2025-06-22,CDMX,P023,1,40.0
V015723,T015721,2025-06-22,CDMX,P028,2,180.0
V015724,T015724,2025-06-22,CDMX,P003,1,8.5
V015725,T015724,2025-06-22,CDMX,P005,1,65.0
V015726,T015726,2025-06-22,CDMX,P063,1,45.0
V015727,T015727,2025-06-22,CDMX,P081,2,65.0
V015728,T015728,2025-06-22,CDMX,P001,2,145.0
V015729,T015728,2025-06-22,CDMX,P007,1,95.0
V015730,T015730,2025-06-22,CDMX,P020,2,55.0
V015731,T015730,2025-06-22,CDMX,P023,1,40.0
V015732,T015732,2025-06-22,CDMX,P100,3,1250.0
V015733,T015732,2025-06-22,CDMX,P101,3,35.0
V015734,T015732,2025-06-22,CDMX,P106,2,55.0
V015735,T015735,2025-06-22,MTY,P100,2,1250.0
V015736,T015735,2025-06-22,MTY,P101,1,35.0
V015737,T015737,2025-06-22,MTY,P042,1,28.0
V015738,T015737,2025-06-22,MTY,P043,2,18.0
V015739,T015739,2025-06-22,MTY,P060,2,850.0
V015740,T015740,2025-06-22,MTY,P003,3,8.5
V015741,T015740,2025-06-22,MTY,P041,1,35.0
V015742,T015742,2025-06-22,MTY,P011,1,210.0
V015743,T015743,2025-06-22,MTY,P021,1,85.0
V015744,T015743,2025-06-22,MTY,P100,1,1250.0
V015745,T015745,2025-06-22,MTY,P022,1,150.0
V015746,T015745,2025-06-22,MTY,P023,3,40.0
V015747,T015745,2025-06-22,MTY,P010,1,120.0
V015748,T015748,2025-06-22,MTY,P061,2,165.0
V015749,T015748,2025-06-22,MTY,P029,1,95.0
V015750,T015750,2025-06-22,MTY,P004,3,6.0
V015751,T015751,2025-06-22,MTY,P011,1,210.0
V015752,T015752,2025-06-22,MTY,P042,3,28.0
V015753,T015752,2025-06-22,MTY,P043,2,18.0
V015754,T015754,2025-06-22,MTY,P102,2,45.0
V015755,T015754,2025-06-22,MTY,P066,2,55.0
V015756,T015756,2025-06-22,MTY,P022,1,150.0
V015757,T015756,2025-06-22,MTY,P023,1,40.0
V015758,T015758,2025-06-22,MTY,P104,2,95.0
V015759,T015758,2025-06-22,MTY,P044,1,22.0
V015760,T015760,2025-06-22,MTY,P062,1,320.0
V015761,T015761,2025-06-22,MTY,P001,3,145.0
V015762,T015762,2025-06-22,MTY,P020,2,55.0
V015763,T015762,2025-06-22,MTY,P023,3,40.0
V015764,T015764,2025-06-22,MTY,P020,1,55.0
V015765,T015764,2025-06-22,MTY,P023,2,40.0
V015766,T015764,2025-06-22,MTY,P028,1,180.0
V015767,T015767,2025-06-22,MTY,P066,2,55.0
V015768,T015767,2025-06-22,MTY,P007,2,95.0
V015769,T015769,2025-06-22,MTY,P043,1,18.0
V015770,T015770,2025-06-22,MTY,P041,1,35.0
V015771,T015771,2025-06-22,MTY,P041,3,35.0
V015772,T015772,2025-06-23,CUN,P001,1,145.0
V015773,T015773,2025-06-23,CUN,P040,1,1450.0
V015774,T015774,2025-06-23,CUN,P104,1,95.0
V015775,T015774,2025-06-23,CUN,P011,1,210.0
V015776,T015776,2025-06-23,CUN,P005,1,65.0
V015777,T015777,2025-06-23,CUN,P062,2,320.0
V015778,T015778,2025-06-23,CUN,P105,3,145.0
V015779,T015779,2025-06-23,CUN,P047,2,95.0
V015780,T015780,2025-06-23,CUN,P080,1,280.0
V015781,T015781,2025-06-23,CUN,P004,2,6.0
V015782,T015782,2025-06-23,CUN,P013,1,45.0
V015783,T015783,2025-06-23,CUN,P101,2,35.0
V015784,T015784,2025-06-23,MID,P101,1,35.0
V015785,T015784,2025-06-23,MID,P030,3,180.0
V015786,T015786,2025-06-23,MID,P106,2,55.0
V015787,T015787,2025-06-23,MID,P100,3,1250.0
V015788,T015787,2025-06-23,MID,P102,2,45.0
V015789,T015789,2025-06-23,MID,P040,3,1450.0
V015790,T015789,2025-06-23,MID,P085,1,980.0
V015791,T015791,2025-06-23,MID,P066,1,55.0
V015792,T015792,2025-06-23,MID,P020,1,55.0
V015793,T015792,2025-06-23,MID,P023,3,40.0
V015794,T015794,2025-06-23,MID,P022,1,150.0
V015795,T015794,2025-06-23,MID,P041,2,35.0
V015796,T015796,2025-06-23,MID,P063,2,45.0
V015797,T015796,2025-06-23,MID,P085,1,980.0
V015798,T015798,2025-06-23,MID,P007,1,95.0
V015799,T015799,2025-06-23,MID,P020,1,55.0
V015800,T015799,2025-06-23,MID,P023,2,40.0
V015801,T015801,2025-06-23,MID,P027,1,320.0
V015802,T015802,2025-06-23,CHI,P061,1,165.0
V015803,T015803,2025-06-23,CHI,P012,1,980.0
V015804,T015803,2025-06-23,CHI,P002,2,180.0
V015805,T015805,2025-06-23,CHI,P063,2,45.0
V015806,T015805,2025-06-23,CHI,P060,1,850.0
V015807,T015807,2025-06-23,CHI,P041,1,35.0
V015808,T015807,2025-06-23,CHI,P043,2,18.0
V015809,T015807,2025-06-23,CHI,P028,1,180.0
V015810,T015810,2025-06-23,CHI,P063,1,45.0
V015811,T015810,2025-06-23,CHI,P060,1,850.0
V015812,T015812,2025-06-23,CHI,P042,2,28.0
V015813,T015812,2025-06-23,CHI,P043,2,18.0
V015814,T015812,2025-06-23,CHI,P006,2,12.0
V015815,T015815,2025-06-23,CHI,P101,1,35.0
V015816,T015816,2025-06-23,CHI,P063,2,45.0
V015817,T015816,2025-06-23,CHI,P060,3,850.0
V015818,T015816,2025-06-23,CHI,P107,3,165.0
V015819,T015819,2025-06-23,CHI,P100,1,1250.0
V015820,T015819,2025-06-23,CHI,P102,2,45.0
V015821,T015821,2025-06-23,CHI,P021,1,85.0
V015822,T015821,2025-06-23,CHI,P023,1,40.0
V015823,T015823,2025-06-23,CHI,P020,1,55.0
V015824,T015823,2025-06-23,CHI,P023,1,40.0
V015825,T015823,2025-06-23,CHI,P061,3,165.0
V015826,T015826,2025-06-23,CHI,P005,1,65.0
V015827,T015826,2025-06-23,CHI,P047,1,95.0
V015828,T015828,2025-06-23,CDMX,P046,2,280.0
V015829,T015828,2025-06-23,CDMX,P060,2,850.0
V015830,T015830,2025-06-23,CDMX,P064,2,38.0
V015831,T015830,2025-06-23,CDMX,P020,2,55.0
V015832,T015832,2025-06-23,CDMX,P022,1,150.0
V015833,T015832,2025-06-23,CDMX,P023,1,40.0
V015834,T015834,2025-06-23,CDMX,P040,1,1450.0
V015835,T015835,2025-06-23,CDMX,P080,1,280.0
V015836,T015835,2025-06-23,CDMX,P009,1,85.0
V015837,T015837,2025-06-23,CDMX,P066,2,55.0
V015838,T015838,2025-06-23,CDMX,P063,1,45.0
V015839,T015838,2025-06-23,CDMX,P060,2,850.0
V015840,T015840,2025-06-23,CDMX,P064,1,38.0
V015841,T015840,2025-06-23,CDMX,P061,2,165.0
V015842,T015840,2025-06-23,CDMX,P024,1,6.0
V015843,T015843,2025-06-23,CDMX,P064,1,38.0
V015844,T015843,2025-06-23,CDMX,P061,3,165.0
V015845,T015845,2025-06-23,CDMX,P063,2,45.0
V015846,T015845,2025-06-23,CDMX,P060,1,850.0
V015847,T015847,2025-06-23,CDMX,P080,2,280.0
V015848,T015848,2025-06-23,CDMX,P021,2,85.0
V015849,T015848,2025-06-23,CDMX,P023,3,40.0
V015850,T015850,2025-06-23,CDMX,P021,2,85.0
V015851,T015850,2025-06-23,CDMX,P023,2,40.0
V015852,T015852,2025-06-23,CDMX,P042,1,28.0
V015853,T015853,2025-06-23,CDMX,P101,1,35.0
V015854,T015853,2025-06-23,CDMX,P013,1,45.0
V015855,T015855,2025-06-23,CDMX,P020,2,55.0
V015856,T015856,2025-06-23,CDMX,P101,2,35.0
V015857,T015856,2025-06-23,CDMX,P062,1,320.0
V015858,T015858,2025-06-23,CDMX,P027,3,320.0
V015859,T015858,2025-06-23,CDMX,P065,1,30.0
V015860,T015860,2025-06-23,CDMX,P023,1,40.0
V015861,T015860,2025-06-23,CDMX,P081,2,65.0
V015862,T015862,2025-06-23,CDMX,P040,1,1450.0
V015863,T015862,2025-06-23,CDMX,P024,2,6.0
V015864,T015864,2025-06-23,MTY,P020,2,55.0
V015865,T015864,2025-06-23,MTY,P023,1,40.0
V015866,T015866,2025-06-23,MTY,P048,2,180.0
V015867,T015867,2025-06-23,MTY,P100,2,1250.0
V015868,T015867,2025-06-23,MTY,P102,1,45.0
V015869,T015867,2025-06-23,MTY,P013,2,45.0
V015870,T015870,2025-06-23,MTY,P100,1,1250.0
V015871,T015870,2025-06-23,MTY,P102,1,45.0
V015872,T015872,2025-06-23,MTY,P020,1,55.0
V015873,T015872,2025-06-23,MTY,P023,1,40.0
V015874,T015874,2025-06-23,MTY,P064,1,38.0
V015875,T015875,2025-06-23,MTY,P004,2,6.0
V015876,T015876,2025-06-23,MTY,P080,3,280.0
V015877,T015876,2025-06-23,MTY,P046,3,280.0
V015878,T015878,2025-06-23,MTY,P081,2,65.0
V015879,T015879,2025-06-23,MTY,P041,3,35.0
V015880,T015879,2025-06-23,MTY,P104,1,95.0
V015881,T015881,2025-06-23,MTY,P081,2,65.0
V015882,T015881,2025-06-23,MTY,P029,2,95.0
V015883,T015883,2025-06-23,MTY,P064,2,38.0
V015884,T015883,2025-06-23,MTY,P061,2,165.0
V015885,T015885,2025-06-23,MTY,P060,2,850.0
V015886,T015885,2025-06-23,MTY,P102,2,45.0
V015887,T015887,2025-06-23,MTY,P022,1,150.0
V015888,T015887,2025-06-23,MTY,P023,2,40.0
V015889,T015887,2025-06-23,MTY,P045,1,45.0
V015890,T015890,2025-06-23,MTY,P002,3,180.0
V015891,T015890,2025-06-23,MTY,P081,2,65.0
V015892,T015892,2025-06-23,MTY,P011,1,210.0
V015893,T015893,2025-06-23,MTY,P066,2,55.0
V015894,T015894,2025-06-23,MTY,P020,2,55.0
V015895,T015894,2025-06-23,MTY,P045,1,45.0
V015896,T015896,2025-06-24,CUN,P001,1,145.0
V015897,T015897,2025-06-24,CUN,P023,2,40.0
V015898,T015897,2025-06-24,CUN,P045,2,45.0
V015899,T015899,2025-06-24,CUN,P105,1,145.0
V015900,T015900,2025-06-24,CUN,P061,1,165.0
V015901,T015900,2025-06-24,CUN,P022,2,150.0
V015902,T015902,2025-06-24,CUN,P085,1,980.0
V015903,T015902,2025-06-24,CUN,P021,1,85.0
V015904,T015904,2025-06-24,CUN,P048,2,180.0
V015905,T015905,2025-06-24,CUN,P100,1,1250.0
V015906,T015906,2025-06-24,CUN,P100,1,1250.0
V015907,T015906,2025-06-24,CUN,P101,1,35.0
V015908,T015908,2025-06-24,CUN,P060,3,850.0
V015909,T015908,2025-06-24,CUN,P046,1,280.0
V015910,T015910,2025-06-24,CUN,P012,3,980.0
V015911,T015911,2025-06-24,CUN,P085,1,980.0
V015912,T015912,2025-06-24,CUN,P009,2,85.0
V015913,T015912,2025-06-24,CUN,P085,2,980.0
V015914,T015914,2025-06-24,MID,P021,2,85.0
V015915,T015914,2025-06-24,MID,P023,2,40.0
V015916,T015914,2025-06-24,MID,P105,3,145.0
V015917,T015917,2025-06-24,MID,P100,1,1250.0
V015918,T015917,2025-06-24,MID,P101,1,35.0
V015919,T015917,2025-06-24,MID,P006,2,12.0
V015920,T015920,2025-06-24,MID,P040,1,1450.0
V015921,T015921,2025-06-24,MID,P065,1,30.0
V015922,T015921,2025-06-24,MID,P064,1,38.0
V015923,T015923,2025-06-24,MID,P047,1,95.0
V015924,T015924,2025-06-24,MID,P086,1,650.0
V015925,T015925,2025-06-24,MID,P066,1,55.0
V015926,T015925,2025-06-24,MID,P030,2,180.0
V015927,T015927,2025-06-24,MID,P020,2,55.0
V015928,T015927,2025-06-24,MID,P023,2,40.0
V015929,T015929,2025-06-24,MID,P064,1,38.0
V015930,T015929,2025-06-24,MID,P061,1,165.0
V015931,T015929,2025-06-24,MID,P001,2,145.0
V015932,T015932,2025-06-24,MID,P042,1,28.0
V015933,T015933,2025-06-24,MID,P100,1,1250.0
V015934,T015933,2025-06-24,MID,P101,2,35.0
V015935,T015935,2025-06-24,MID,P022,1,150.0
V015936,T015935,2025-06-24,MID,P023,1,40.0
V015937,T015935,2025-06-24,MID,P027,1,320.0
V015938,T015938,2025-06-24,MID,P064,1,38.0
V015939,T015938,2025-06-24,MID,P061,2,165.0
V015940,T015938,2025-06-24,MID,P013,2,45.0
V015941,T015941,2025-06-24,MID,P100,2,1250.0
V015942,T015941,2025-06-24,MID,P101,2,35.0
V015943,T015941,2025-06-24,MID,P106,2,55.0
V015944,T015944,2025-06-24,MID,P064,1,38.0
V015945,T015944,2025-06-24,MID,P061,1,165.0
V015946,T015946,2025-06-24,CHI,P041,2,35.0
V015947,T015946,2025-06-24,CHI,P043,3,18.0
V015948,T015948,2025-06-24,CHI,P021,3,85.0
V015949,T015949,2025-06-24,CHI,P020,2,55.0
V015950,T015950,2025-06-24,CHI,P041,3,35.0
V015951,T015950,2025-06-24,CHI,P043,2,18.0
V015952,T015952,2025-06-24,CHI,P009,1,85.0
V015953,T015952,2025-06-24,CHI,P062,2,320.0
V015954,T015954,2025-06-24,CHI,P100,2,1250.0
V015955,T015954,2025-06-24,CHI,P046,1,280.0
V015956,T015956,2025-06-24,CHI,P063,3,45.0
V015957,T015956,2025-06-24,CHI,P060,2,850.0
V015958,T015956,2025-06-24,CHI,P042,1,28.0
V015959,T015959,2025-06-24,CHI,P026,1,65.0
V015960,T015959,2025-06-24,CHI,P062,3,320.0
V015961,T015961,2025-06-24,CHI,P022,3,150.0
V015962,T015961,2025-06-24,CHI,P023,1,40.0
V015963,T015961,2025-06-24,CHI,P041,1,35.0
V015964,T015964,2025-06-24,CHI,P003,2,8.5
V015965,T015964,2025-06-24,CHI,P005,2,65.0
V015966,T015966,2025-06-24,CHI,P107,2,165.0
V015967,T015966,2025-06-24,CHI,P086,2,650.0
V015968,T015968,2025-06-24,CHI,P020,1,55.0
V015969,T015968,2025-06-24,CHI,P023,1,40.0
V015970,T015970,2025-06-24,CHI,P021,3,85.0
V015971,T015970,2025-06-24,CHI,P023,2,40.0
V015972,T015970,2025-06-24,CHI,P028,1,180.0
V015973,T015973,2025-06-24,CHI,P042,1,28.0
V015974,T015973,2025-06-24,CHI,P043,1,18.0
V015975,T015975,2025-06-24,CHI,P100,1,1250.0
V015976,T015975,2025-06-24,CHI,P101,2,35.0
V015977,T015977,2025-06-24,CHI,P100,3,1250.0
V015978,T015977,2025-06-24,CHI,P101,3,35.0
V015979,T015979,2025-06-24,CHI,P020,1,55.0
V015980,T015979,2025-06-24,CHI,P023,1,40.0
V015981,T015981,2025-06-24,CHI,P009,2,85.0
V015982,T015981,2025-06-24,CHI,P063,2,45.0
V015983,T015983,2025-06-24,CHI,P045,1,45.0
V015984,T015984,2025-06-24,CHI,P041,2,35.0
V015985,T015984,2025-06-24,CHI,P043,1,18.0
V015986,T015984,2025-06-24,CHI,P029,2,95.0
V015987,T015987,2025-06-24,CDMX,P003,1,8.5
V015988,T015988,2025-06-24,CDMX,P083,1,65.0
V015989,T015989,2025-06-24,CDMX,P105,1,145.0
V015990,T015989,2025-06-24,CDMX,P020,1,55.0
V015991,T015991,2025-06-24,CDMX,P029,1,95.0
V015992,T015991,2025-06-24,CDMX,P002,1,180.0
V015993,T015993,2025-06-24,CDMX,P100,1,1250.0
V015994,T015993,2025-06-24,CDMX,P101,1,35.0
V015995,T015995,2025-06-24,CDMX,P042,2,28.0
V015996,T015995,2025-06-24,CDMX,P043,1,18.0
V015997,T015997,2025-06-24,CDMX,P064,1,38.0
V015998,T015997,2025-06-24,CDMX,P061,1,165.0
V015999,T015999,2025-06-24,CDMX,P013,3,45.0
V016000,T015999,2025-06-24,CDMX,P101,1,35.0
V016001,T016001,2025-06-24,CDMX,P064,3,38.0
V016002,T016001,2025-06-24,CDMX,P061,2,165.0
V016003,T016001,2025-06-24,CDMX,P043,1,18.0
V016004,T016004,2025-06-24,CDMX,P100,2,1250.0
V016005,T016004,2025-06-24,CDMX,P102,1,45.0
V016006,T016006,2025-06-24,CDMX,P024,3,6.0
V016007,T016007,2025-06-24,CDMX,P042,3,28.0
V016008,T016007,2025-06-24,CDMX,P043,1,18.0
V016009,T016009,2025-06-24,CDMX,P011,2,210.0
V016010,T016010,2025-06-24,CDMX,P106,1,55.0
V016011,T016011,2025-06-24,CDMX,P021,3,85.0
V016012,T016011,2025-06-24,CDMX,P023,1,40.0
V016013,T016011,2025-06-24,CDMX,P105,1,145.0
V016014,T016014,2025-06-24,CDMX,P022,1,150.0
V016015,T016015,2025-06-24,CDMX,P047,3,95.0
V016016,T016015,2025-06-24,CDMX,P023,1,40.0
V016017,T016017,2025-06-24,MTY,P022,1,150.0
V016018,T016017,2025-06-24,MTY,P023,1,40.0
V016019,T016019,2025-06-24,MTY,P060,2,850.0
V016020,T016019,2025-06-24,MTY,P103,3,120.0
V016021,T016021,2025-06-24,MTY,P025,1,35.0
V016022,T016022,2025-06-24,MTY,P100,1,1250.0
V016023,T016022,2025-06-24,MTY,P101,1,35.0
V016024,T016024,2025-06-24,MTY,P101,2,35.0
V016025,T016024,2025-06-24,MTY,P023,2,40.0
V016026,T016026,2025-06-24,MTY,P100,1,1250.0
V016027,T016026,2025-06-24,MTY,P102,2,45.0
V016028,T016026,2025-06-24,MTY,P081,1,65.0
V016029,T016029,2025-06-24,MTY,P001,2,145.0
V016030,T016029,2025-06-24,MTY,P047,1,95.0
V016031,T016031,2025-06-24,MTY,P022,1,150.0
V016032,T016031,2025-06-24,MTY,P023,2,40.0
V016033,T016033,2025-06-24,MTY,P005,1,65.0
V016034,T016033,2025-06-24,MTY,P021,1,85.0
V016035,T016035,2025-06-24,MTY,P043,2,18.0
V016036,T016035,2025-06-24,MTY,P028,2,180.0
V016037,T016037,2025-06-24,MTY,P004,1,6.0
V016038,T016038,2025-06-25,CUN,P005,2,65.0
V016039,T016038,2025-06-25,CUN,P048,2,180.0
V016040,T016040,2025-06-25,CUN,P006,2,12.0
V016041,T016040,2025-06-25,CUN,P085,3,980.0
V016042,T016042,2025-06-25,CUN,P042,1,28.0
V016043,T016042,2025-06-25,CUN,P043,2,18.0
V016044,T016044,2025-06-25,CUN,P001,1,145.0
V016045,T016045,2025-06-25,CUN,P042,2,28.0
V016046,T016045,2025-06-25,CUN,P043,3,18.0
V016047,T016045,2025-06-25,CUN,P063,1,45.0
V016048,T016048,2025-06-25,CUN,P002,1,180.0
V016049,T016048,2025-06-25,CUN,P060,3,850.0
V016050,T016050,2025-06-25,CUN,P063,1,45.0
V016051,T016050,2025-06-25,CUN,P060,1,850.0
V016052,T016052,2025-06-25,CUN,P100,3,1250.0
V016053,T016052,2025-06-25,CUN,P101,1,35.0
V016054,T016054,2025-06-25,CUN,P066,3,55.0
V016055,T016054,2025-06-25,CUN,P041,3,35.0
V016056,T016056,2025-06-25,CUN,P010,1,120.0
V016057,T016057,2025-06-25,CUN,P103,3,120.0
V016058,T016057,2025-06-25,CUN,P028,1,180.0
V016059,T016059,2025-06-25,CUN,P100,2,1250.0
V016060,T016059,2025-06-25,CUN,P102,2,45.0
V016061,T016059,2025-06-25,CUN,P022,2,150.0
V016062,T016062,2025-06-25,MID,P100,2,1250.0
V016063,T016062,2025-06-25,MID,P101,1,35.0
V016064,T016064,2025-06-25,MID,P030,2,180.0
V016065,T016065,2025-06-25,MID,P063,3,45.0
V016066,T016065,2025-06-25,MID,P060,1,850.0
V016067,T016067,2025-06-25,MID,P009,2,85.0
V016068,T016067,2025-06-25,MID,P022,2,150.0
V016069,T016069,2025-06-25,MID,P042,1,28.0
V016070,T016069,2025-06-25,MID,P043,1,18.0
V016071,T016071,2025-06-25,MID,P044,2,22.0
V016072,T016071,2025-06-25,MID,P105,2,145.0
V016073,T016073,2025-06-25,MID,P023,1,40.0
V016074,T016074,2025-06-25,MID,P066,3,55.0
V016075,T016075,2025-06-25,MID,P022,2,150.0
V016076,T016075,2025-06-25,MID,P103,2,120.0
V016077,T016077,2025-06-25,MID,P011,3,210.0
V016078,T016078,2025-06-25,MID,P064,1,38.0
V016079,T016078,2025-06-25,MID,P061,2,165.0
V016080,T016080,2025-06-25,MID,P007,1,95.0
V016081,T016081,2025-06-25,MID,P012,2,980.0
V016082,T016082,2025-06-25,MID,P021,1,85.0
V016083,T016083,2025-06-25,MID,P085,1,980.0
V016084,T016084,2025-06-25,MID,P041,3,35.0
V016085,T016085,2025-06-25,MID,P007,1,95.0
V016086,T016085,2025-06-25,MID,P102,1,45.0
V016087,T016087,2025-06-25,CHI,P027,2,320.0
V016088,T016087,2025-06-25,CHI,P104,2,95.0
V016089,T016089,2025-06-25,CHI,P047,1,95.0
V016090,T016090,2025-06-25,CHI,P100,1,1250.0
V016091,T016090,2025-06-25,CHI,P106,3,55.0
V016092,T016092,2025-06-25,CHI,P102,1,45.0
V016093,T016092,2025-06-25,CHI,P082,3,25.0
V016094,T016094,2025-06-25,CHI,P100,1,1250.0
V016095,T016094,2025-06-25,CHI,P101,2,35.0
V016096,T016094,2025-06-25,CHI,P028,2,180.0
V016097,T016097,2025-06-25,CHI,P107,1,165.0
V016098,T016097,2025-06-25,CHI,P028,1,180.0
V016099,T016099,2025-06-25,CHI,P020,1,55.0
V016100,T016099,2025-06-25,CHI,P023,1,40.0
V016101,T016101,2025-06-25,CHI,P043,2,18.0
V016102,T016101,2025-06-25,CHI,P060,1,850.0
V016103,T016103,2025-06-25,CHI,P105,2,145.0
V016104,T016104,2025-06-25,CHI,P020,1,55.0
V016105,T016104,2025-06-25,CHI,P023,1,40.0
V016106,T016104,2025-06-25,CHI,P061,2,165.0
V016107,T016107,2025-06-25,CHI,P004,2,6.0
V016108,T016108,2025-06-25,CHI,P020,2,55.0
V016109,T016108,2025-06-25,CHI,P023,2,40.0
V016110,T016110,2025-06-25,CHI,P020,3,55.0
V016111,T016110,2025-06-25,CHI,P045,2,45.0
V016112,T016112,2025-06-25,CHI,P083,2,65.0
V016113,T016112,2025-06-25,CHI,P100,1,1250.0
V016114,T016114,2025-06-25,CHI,P103,2,120.0
V016115,T016114,2025-06-25,CHI,P012,2,980.0
V016116,T016116,2025-06-25,CHI,P046,3,280.0
V016117,T016116,2025-06-25,CHI,P006,1,12.0
V016118,T016118,2025-06-25,CHI,P042,1,28.0
V016119,T016118,2025-06-25,CHI,P043,2,18.0
V016120,T016120,2025-06-25,CDMX,P020,1,55.0
V016121,T016120,2025-06-25,CDMX,P023,3,40.0
V016122,T016120,2025-06-25,CDMX,P029,1,95.0
V016123,T016123,2025-06-25,CDMX,P042,1,28.0
V016124,T016123,2025-06-25,CDMX,P043,2,18.0
V016125,T016123,2025-06-25,CDMX,P060,3,850.0
V016126,T016126,2025-06-25,CDMX,P082,2,25.0
V016127,T016126,2025-06-25,CDMX,P106,3,55.0
V016128,T016128,2025-06-25,CDMX,P012,1,980.0
V016129,T016129,2025-06-25,CDMX,P085,2,980.0
V016130,T016130,2025-06-25,CDMX,P082,1,25.0
V016131,T016130,2025-06-25,CDMX,P028,3,180.0
V016132,T016132,2025-06-25,CDMX,P060,1,850.0
V016133,T016132,2025-06-25,CDMX,P062,1,320.0
V016134,T016134,2025-06-25,CDMX,P061,1,165.0
V016135,T016134,2025-06-25,CDMX,P006,1,12.0
V016136,T016136,2025-06-25,CDMX,P006,2,12.0
V016137,T016137,2025-06-25,CDMX,P002,1,180.0
V016138,T016137,2025-06-25,CDMX,P047,1,95.0
V016139,T016139,2025-06-25,CDMX,P030,1,180.0
V016140,T016139,2025-06-25,CDMX,P105,2,145.0
V016141,T016141,2025-06-25,CDMX,P082,1,25.0
V016142,T016142,2025-06-25,CDMX,P086,1,650.0
V016143,T016142,2025-06-25,CDMX,P065,1,30.0
V016144,T016144,2025-06-25,CDMX,P102,2,45.0
V016145,T016144,2025-06-25,CDMX,P107,3,165.0
V016146,T016146,2025-06-25,CDMX,P024,2,6.0
V016147,T016147,2025-06-25,MTY,P082,1,25.0
V016148,T016148,2025-06-25,MTY,P064,2,38.0
V016149,T016149,2025-06-25,MTY,P006,1,12.0
V016150,T016150,2025-06-25,MTY,P100,3,1250.0
V016151,T016150,2025-06-25,MTY,P102,1,45.0
V016152,T016150,2025-06-25,MTY,P002,1,180.0
V016153,T016153,2025-06-25,MTY,P042,2,28.0
V016154,T016153,2025-06-25,MTY,P043,3,18.0
V016155,T016155,2025-06-25,MTY,P042,3,28.0
V016156,T016155,2025-06-25,MTY,P043,1,18.0
V016157,T016157,2025-06-25,MTY,P106,1,55.0
V016158,T016157,2025-06-25,MTY,P028,1,180.0
V016159,T016159,2025-06-25,MTY,P045,1,45.0
V016160,T016159,2025-06-25,MTY,P086,1,650.0
V016161,T016161,2025-06-25,MTY,P042,2,28.0
V016162,T016161,2025-06-25,MTY,P043,3,18.0
V016163,T016161,2025-06-25,MTY,P048,2,180.0
V016164,T016164,2025-06-25,MTY,P064,2,38.0
V016165,T016164,2025-06-25,MTY,P061,3,165.0
V016166,T016164,2025-06-25,MTY,P013,2,45.0
V016167,T016167,2025-06-25,MTY,P020,1,55.0
V016168,T016167,2025-06-25,MTY,P023,2,40.0
V016169,T016167,2025-06-25,MTY,P086,2,650.0
V016170,T016170,2025-06-25,MTY,P020,2,55.0
V016171,T016170,2025-06-25,MTY,P023,1,40.0
V016172,T016170,2025-06-25,MTY,P086,1,650.0
V016173,T016173,2025-06-25,MTY,P024,2,6.0
V016174,T016173,2025-06-25,MTY,P040,3,1450.0
V016175,T016175,2025-06-26,CUN,P044,3,22.0
V016176,T016176,2025-06-26,CUN,P042,2,28.0
V016177,T016176,2025-06-26,CUN,P043,2,18.0
V016178,T016176,2025-06-26,CUN,P003,3,8.5
V016179,T016179,2025-06-26,CUN,P100,1,1250.0
V016180,T016179,2025-06-26,CUN,P101,1,35.0
V016181,T016179,2025-06-26,CUN,P030,1,180.0
V016182,T016182,2025-06-26,CUN,P048,2,180.0
V016183,T016182,2025-06-26,CUN,P044,2,22.0
V016184,T016184,2025-06-26,CUN,P085,2,980.0
V016185,T016185,2025-06-26,CUN,P048,2,180.0
V016186,T016185,2025-06-26,CUN,P080,1,280.0
V016187,T016187,2025-06-26,CUN,P060,2,850.0
V016188,T016188,2025-06-26,CUN,P012,2,980.0
V016189,T016188,2025-06-26,CUN,P022,1,150.0
V016190,T016190,2025-06-26,CUN,P021,1,85.0
V016191,T016190,2025-06-26,CUN,P080,2,280.0
V016192,T016192,2025-06-26,CUN,P005,1,65.0
V016193,T016193,2025-06-26,CUN,P028,1,180.0
V016194,T016194,2025-06-26,CUN,P041,1,35.0
V016195,T016194,2025-06-26,CUN,P043,2,18.0
V016196,T016196,2025-06-26,CUN,P010,1,120.0
V016197,T016197,2025-06-26,CUN,P063,2,45.0
V016198,T016197,2025-06-26,CUN,P060,1,850.0
V016199,T016197,2025-06-26,CUN,P066,1,55.0
V016200,T016200,2025-06-26,CUN,P022,1,150.0
V016201,T016200,2025-06-26,CUN,P023,1,40.0
V016202,T016202,2025-06-26,CUN,P041,1,35.0
V016203,T016202,2025-06-26,CUN,P046,3,280.0
V016204,T016204,2025-06-26,CUN,P021,2,85.0
V016205,T016204,2025-06-26,CUN,P023,1,40.0
V016206,T016204,2025-06-26,CUN,P027,3,320.0
V016207,T016207,2025-06-26,CUN,P082,1,25.0
V016208,T016208,2025-06-26,CUN,P030,2,180.0
V016209,T016209,2025-06-26,CUN,P046,1,280.0
V016210,T016210,2025-06-26,CUN,P008,2,180.0
V016211,T016211,2025-06-26,MID,P001,1,145.0
V016212,T016211,2025-06-26,MID,P046,1,280.0
V016213,T016213,2025-06-26,MID,P100,1,1250.0
V016214,T016213,2025-06-26,MID,P101,2,35.0
V016215,T016215,2025-06-26,MID,P025,1,35.0
V016216,T016216,2025-06-26,MID,P083,1,65.0
V016217,T016217,2025-06-26,MID,P041,1,35.0
V016218,T016217,2025-06-26,MID,P043,2,18.0
V016219,T016219,2025-06-26,MID,P006,3,12.0
V016220,T016220,2025-06-26,MID,P005,3,65.0
V016221,T016221,2025-06-26,MID,P100,1,1250.0
V016222,T016221,2025-06-26,MID,P102,2,45.0
V016223,T016223,2025-06-26,MID,P043,1,18.0
V016224,T016224,2025-06-26,CHI,P060,1,850.0
V016225,T016224,2025-06-26,CHI,P106,1,55.0
V016226,T016226,2025-06-26,CHI,P043,2,18.0
V016227,T016227,2025-06-26,CHI,P040,2,1450.0
V016228,T016228,2025-06-26,CHI,P106,1,55.0
V016229,T016229,2025-06-26,CHI,P042,2,28.0
V016230,T016230,2025-06-26,CHI,P020,1,55.0
V016231,T016230,2025-06-26,CHI,P023,2,40.0
V016232,T016230,2025-06-26,CHI,P044,1,22.0
V016233,T016233,2025-06-26,CHI,P020,2,55.0
V016234,T016233,2025-06-26,CHI,P023,3,40.0
V016235,T016233,2025-06-26,CHI,P062,3,320.0
V016236,T016236,2025-06-26,CHI,P084,1,18.0
V016237,T016236,2025-06-26,CHI,P041,1,35.0
V016238,T016238,2025-06-26,CHI,P020,3,55.0
V016239,T016238,2025-06-26,CHI,P023,2,40.0
V016240,T016238,2025-06-26,CHI,P028,2,180.0
V016241,T016241,2025-06-26,CHI,P063,2,45.0
V016242,T016241,2025-06-26,CHI,P060,2,850.0
V016243,T016243,2025-06-26,CHI,P022,2,150.0
V016244,T016243,2025-06-26,CHI,P023,1,40.0
V016245,T016245,2025-06-26,CHI,P045,1,45.0
V016246,T016245,2025-06-26,CHI,P061,2,165.0
V016247,T016247,2025-06-26,CHI,P063,1,45.0
V016248,T016247,2025-06-26,CHI,P060,1,850.0
V016249,T016249,2025-06-26,CHI,P005,1,65.0
V016250,T016250,2025-06-26,CHI,P022,2,150.0
V016251,T016250,2025-06-26,CHI,P023,1,40.0
V016252,T016252,2025-06-26,CHI,P022,2,150.0
V016253,T016252,2025-06-26,CHI,P023,2,40.0
V016254,T016254,2025-06-26,CHI,P046,1,280.0
V016255,T016254,2025-06-26,CHI,P026,3,65.0
V016256,T016256,2025-06-26,CHI,P100,3,1250.0
V016257,T016256,2025-06-26,CHI,P102,1,45.0
V016258,T016256,2025-06-26,CHI,P060,3,850.0
V016259,T016259,2025-06-26,CDMX,P042,1,28.0
V016260,T016259,2025-06-26,CDMX,P043,1,18.0
V016261,T016259,2025-06-26,CDMX,P082,2,25.0
V016262,T016262,2025-06-26,CDMX,P008,1,180.0
V016263,T016262,2025-06-26,CDMX,P062,2,320.0
V016264,T016264,2025-06-26,CDMX,P012,1,980.0
V016265,T016265,2025-06-26,CDMX,P007,1,95.0
V016266,T016265,2025-06-26,CDMX,P045,1,45.0
V016267,T016267,2025-06-26,CDMX,P022,2,150.0
V016268,T016267,2025-06-26,CDMX,P104,1,95.0
V016269,T016269,2025-06-26,CDMX,P041,1,35.0
V016270,T016269,2025-06-26,CDMX,P043,1,18.0
V016271,T016271,2025-06-26,CDMX,P011,1,210.0
V016272,T016272,2025-06-26,CDMX,P085,1,980.0
V016273,T016272,2025-06-26,CDMX,P023,3,40.0
V016274,T016274,2025-06-26,CDMX,P041,3,35.0
V016275,T016274,2025-06-26,CDMX,P043,2,18.0
V016276,T016276,2025-06-26,CDMX,P043,2,18.0
V016277,T016276,2025-06-26,CDMX,P029,1,95.0
V016278,T016278,2025-06-26,CDMX,P021,3,85.0
V016279,T016278,2025-06-26,CDMX,P001,1,145.0
V016280,T016280,2025-06-26,CDMX,P027,3,320.0
V016281,T016281,2025-06-26,CDMX,P026,1,65.0
V016282,T016282,2025-06-26,MTY,P003,1,8.5
V016283,T016282,2025-06-26,MTY,P063,2,45.0
V016284,T016284,2025-06-26,MTY,P060,3,850.0
V016285,T016285,2025-06-26,MTY,P041,3,35.0
V016286,T016285,2025-06-26,MTY,P043,2,18.0
V016287,T016287,2025-06-26,MTY,P064,1,38.0
V016288,T016287,2025-06-26,MTY,P061,3,165.0
V016289,T016289,2025-06-26,MTY,P048,3,180.0
V016290,T016290,2025-06-26,MTY,P020,1,55.0
V016291,T016290,2025-06-26,MTY,P023,1,40.0
V016292,T016292,2025-06-26,MTY,P105,2,145.0
V016293,T016293,2025-06-26,MTY,P041,3,35.0
V016294,T016293,2025-06-26,MTY,P043,1,18.0
V016295,T016295,2025-06-26,MTY,P045,1,45.0
V016296,T016295,2025-06-26,MTY,P001,1,145.0
V016297,T016297,2025-06-26,MTY,P022,2,150.0
V016298,T016297,2025-06-26,MTY,P023,3,40.0
V016299,T016299,2025-06-26,MTY,P041,1,35.0
V016300,T016299,2025-06-26,MTY,P043,1,18.0
V016301,T016301,2025-06-26,MTY,P044,2,22.0
V016302,T016301,2025-06-26,MTY,P027,3,320.0
V016303,T016303,2025-06-26,MTY,P084,1,18.0
V016304,T016304,2025-06-26,MTY,P006,2,12.0
V016305,T016304,2025-06-26,MTY,P029,2,95.0
V016306,T016306,2025-06-26,MTY,P001,3,145.0
V016307,T016307,2025-06-26,MTY,P028,2,180.0
V016308,T016307,2025-06-26,MTY,P012,2,980.0
V016309,T016309,2025-06-26,MTY,P005,3,65.0
V016310,T016310,2025-06-27,CUN,P102,2,45.0
V016311,T016310,2025-06-27,CUN,P060,2,850.0
V016312,T016312,2025-06-27,CUN,P028,1,180.0
V016313,T016312,2025-06-27,CUN,P065,3,30.0
V016314,T016314,2025-06-27,CUN,P101,1,35.0
V016315,T016314,2025-06-27,CUN,P082,1,25.0
V016316,T016316,2025-06-27,CUN,P063,1,45.0
V016317,T016316,2025-06-27,CUN,P060,1,850.0
V016318,T016318,2025-06-27,CUN,P100,3,1250.0
V016319,T016318,2025-06-27,CUN,P102,1,45.0
V016320,T016320,2025-06-27,CUN,P102,1,45.0
V016321,T016320,2025-06-27,CUN,P022,1,150.0
V016322,T016322,2025-06-27,CUN,P083,1,65.0
V016323,T016323,2025-06-27,CUN,P020,2,55.0
V016324,T016323,2025-06-27,CUN,P023,1,40.0
V016325,T016323,2025-06-27,CUN,P046,3,280.0
V016326,T016326,2025-06-27,CUN,P064,1,38.0
V016327,T016327,2025-06-27,CUN,P023,2,40.0
V016328,T016327,2025-06-27,CUN,P003,3,8.5
V016329,T016329,2025-06-27,MID,P060,2,850.0
V016330,T016330,2025-06-27,MID,P064,3,38.0
V016331,T016330,2025-06-27,MID,P061,2,165.0
V016332,T016330,2025-06-27,MID,P046,1,280.0
V016333,T016333,2025-06-27,MID,P022,2,150.0
V016334,T016333,2025-06-27,MID,P023,1,40.0
V016335,T016333,2025-06-27,MID,P027,1,320.0
V016336,T016336,2025-06-27,MID,P041,1,35.0
V016337,T016336,2025-06-27,MID,P043,2,18.0
V016338,T016338,2025-06-27,MID,P081,2,65.0
V016339,T016339,2025-06-27,MID,P027,3,320.0
V016340,T016340,2025-06-27,MID,P066,1,55.0
V016341,T016340,2025-06-27,MID,P011,1,210.0
V016342,T016342,2025-06-27,MID,P061,3,165.0
V016343,T016343,2025-06-27,MID,P001,2,145.0
V016344,T016344,2025-06-27,MID,P101,2,35.0
V016345,T016345,2025-06-27,MID,P060,1,850.0
V016346,T016345,2025-06-27,MID,P100,2,1250.0
V016347,T016347,2025-06-27,MID,P022,1,150.0
V016348,T016347,2025-06-27,MID,P023,3,40.0
V016349,T016349,2025-06-27,MID,P006,2,12.0
V016350,T016350,2025-06-27,MID,P062,1,320.0
V016351,T016351,2025-06-27,MID,P042,1,28.0
V016352,T016351,2025-06-27,MID,P043,1,18.0
V016353,T016351,2025-06-27,MID,P085,1,980.0
V016354,T016354,2025-06-27,MID,P100,2,1250.0
V016355,T016354,2025-06-27,MID,P101,1,35.0
V016356,T016356,2025-06-27,MID,P103,1,120.0
V016357,T016357,2025-06-27,MID,P005,2,65.0
V016358,T016358,2025-06-27,MID,P042,3,28.0
V016359,T016358,2025-06-27,MID,P043,1,18.0
V016360,T016358,2025-06-27,MID,P100,1,1250.0
V016361,T016361,2025-06-27,MID,P046,2,280.0
V016362,T016362,2025-06-27,MID,P064,1,38.0
V016363,T016362,2025-06-27,MID,P061,1,165.0
V016364,T016364,2025-06-27,CHI,P062,1,320.0
V016365,T016365,2025-06-27,CHI,P100,2,1250.0
V016366,T016365,2025-06-27,CHI,P102,1,45.0
V016367,T016367,2025-06-27,CHI,P065,1,30.0
V016368,T016367,2025-06-27,CHI,P105,1,145.0
V016369,T016369,2025-06-27,CHI,P064,1,38.0
V016370,T016369,2025-06-27,CHI,P061,2,165.0
V016371,T016371,2025-06-27,CHI,P020,1,55.0
V016372,T016371,2025-06-27,CHI,P023,1,40.0
V016373,T016373,2025-06-27,CHI,P008,1,180.0
V016374,T016373,2025-06-27,CHI,P080,1,280.0
V016375,T016375,2025-06-27,CHI,P009,2,85.0
V016376,T016375,2025-06-27,CHI,P025,2,35.0
V016377,T016377,2025-06-27,CHI,P021,2,85.0
V016378,T016377,2025-06-27,CHI,P023,1,40.0
V016379,T016379,2025-06-27,CHI,P041,2,35.0
V016380,T016379,2025-06-27,CHI,P043,1,18.0
V016381,T016379,2025-06-27,CHI,P021,1,85.0
V016382,T016382,2025-06-27,CDMX,P041,1,35.0
V016383,T016382,2025-06-27,CDMX,P101,1,35.0
V016384,T016384,2025-06-27,CDMX,P021,1,85.0
V016385,T016384,2025-06-27,CDMX,P003,2,8.5
V016386,T016386,2025-06-27,CDMX,P106,1,55.0
V016387,T016386,2025-06-27,CDMX,P025,2,35.0
V016388,T016388,2025-06-27,CDMX,P011,1,210.0
V016389,T016388,2025-06-27,CDMX,P045,1,45.0
V016390,T016390,2025-06-27,CDMX,P100,1,1250.0
V016391,T016390,2025-06-27,CDMX,P101,1,35.0
V016392,T016392,2025-06-27,CDMX,P081,1,65.0
V016393,T016393,2025-06-27,CDMX,P026,1,65.0
V016394,T016393,2025-06-27,CDMX,P100,2,1250.0
V016395,T016395,2025-06-27,CDMX,P006,1,12.0
V016396,T016396,2025-06-27,CDMX,P003,2,8.5
V016397,T016397,2025-06-27,CDMX,P100,1,1250.0
V016398,T016397,2025-06-27,CDMX,P101,1,35.0
V016399,T016397,2025-06-27,CDMX,P061,1,165.0
V016400,T016400,2025-06-27,CDMX,P063,1,45.0
V016401,T016401,2025-06-27,CDMX,P106,3,55.0
V016402,T016402,2025-06-27,CDMX,P029,1,95.0
V016403,T016402,2025-06-27,CDMX,P106,1,55.0
V016404,T016404,2025-06-27,CDMX,P064,2,38.0
V016405,T016404,2025-06-27,CDMX,P061,1,165.0
V016406,T016406,2025-06-27,CDMX,P021,2,85.0
V016407,T016406,2025-06-27,CDMX,P023,1,40.0
V016408,T016406,2025-06-27,CDMX,P086,2,650.0
V016409,T016409,2025-06-27,CDMX,P047,1,95.0
V016410,T016409,2025-06-27,CDMX,P101,3,35.0
V016411,T016411,2025-06-27,CDMX,P063,1,45.0
V016412,T016411,2025-06-27,CDMX,P060,1,850.0
V016413,T016411,2025-06-27,CDMX,P020,2,55.0
V016414,T016414,2025-06-27,CDMX,P007,2,95.0
V016415,T016415,2025-06-27,CDMX,P105,1,145.0
V016416,T016416,2025-06-27,CDMX,P046,1,280.0
V016417,T016416,2025-06-27,CDMX,P061,1,165.0
V016418,T016418,2025-06-27,CDMX,P083,1,65.0
V016419,T016418,2025-06-27,CDMX,P027,2,320.0
V016420,T016420,2025-06-27,MTY,P064,1,38.0
V016421,T016420,2025-06-27,MTY,P061,2,165.0
V016422,T016420,2025-06-27,MTY,P107,1,165.0
V016423,T016423,2025-06-27,MTY,P021,2,85.0
V016424,T016423,2025-06-27,MTY,P023,1,40.0
V016425,T016425,2025-06-27,MTY,P002,1,180.0
V016426,T016426,2025-06-27,MTY,P022,2,150.0
V016427,T016426,2025-06-27,MTY,P023,1,40.0
V016428,T016428,2025-06-27,MTY,P042,1,28.0
V016429,T016428,2025-06-27,MTY,P043,1,18.0
V016430,T016428,2025-06-27,MTY,P020,2,55.0
V016431,T016431,2025-06-27,MTY,P001,3,145.0
V016432,T016432,2025-06-27,MTY,P030,1,180.0
V016433,T016433,2025-06-27,MTY,P083,1,65.0
V016434,T016434,2025-06-28,CUN,P025,1,35.0
V016435,T016435,2025-06-28,CUN,P021,2,85.0
V016436,T016435,2025-06-28,CUN,P023,1,40.0
V016437,T016437,2025-06-28,CUN,P022,1,150.0
V016438,T016437,2025-06-28,CUN,P023,1,40.0
V016439,T016437,2025-06-28,CUN,P027,2,320.0
V016440,T016440,2025-06-28,CUN,P065,2,30.0
V016441,T016441,2025-06-28,CUN,P100,1,1250.0
V016442,T016441,2025-06-28,CUN,P101,2,35.0
V016443,T016443,2025-06-28,CUN,P008,3,180.0
V016444,T016444,2025-06-28,CUN,P011,2,210.0
V016445,T016444,2025-06-28,CUN,P101,3,35.0
V016446,T016446,2025-06-28,CUN,P005,3,65.0
V016447,T016446,2025-06-28,CUN,P100,1,1250.0
V016448,T016448,2025-06-28,CUN,P083,2,65.0
V016449,T016449,2025-06-28,CUN,P025,3,35.0
V016450,T016450,2025-06-28,CUN,P043,3,18.0
V016451,T016450,2025-06-28,CUN,P046,3,280.0
V016452,T016452,2025-06-28,CUN,P101,1,35.0
V016453,T016453,2025-06-28,CUN,P020,2,55.0
V016454,T016453,2025-06-28,CUN,P023,2,40.0
V016455,T016453,2025-06-28,CUN,P106,1,55.0
V016456,T016456,2025-06-28,CUN,P106,1,55.0
V016457,T016456,2025-06-28,CUN,P080,1,280.0
V016458,T016458,2025-06-28,MID,P101,1,35.0
V016459,T016458,2025-06-28,MID,P022,3,150.0
V016460,T016460,2025-06-28,MID,P100,2,1250.0
V016461,T016460,2025-06-28,MID,P062,2,320.0
V016462,T016462,2025-06-28,MID,P028,1,180.0
V016463,T016462,2025-06-28,MID,P085,2,980.0
V016464,T016464,2025-06-28,MID,P001,1,145.0
V016465,T016464,2025-06-28,MID,P047,2,95.0
V016466,T016466,2025-06-28,MID,P029,1,95.0
V016467,T016466,2025-06-28,MID,P021,2,85.0
V016468,T016468,2025-06-28,MID,P023,1,40.0
V016469,T016468,2025-06-28,MID,P040,2,1450.0
V016470,T016470,2025-06-28,MID,P064,1,38.0
V016471,T016470,2025-06-28,MID,P061,2,165.0
V016472,T016472,2025-06-28,MID,P100,1,1250.0
V016473,T016472,2025-06-28,MID,P102,1,45.0
V016474,T016474,2025-06-28,MID,P100,3,1250.0
V016475,T016474,2025-06-28,MID,P102,1,45.0
V016476,T016474,2025-06-28,MID,P063,2,45.0
V016477,T016477,2025-06-28,MID,P041,1,35.0
V016478,T016477,2025-06-28,MID,P043,2,18.0
V016479,T016477,2025-06-28,MID,P030,1,180.0
V016480,T016480,2025-06-28,MID,P001,1,145.0
V016481,T016480,2025-06-28,MID,P027,1,320.0
V016482,T016482,2025-06-28,MID,P013,1,45.0
V016483,T016483,2025-06-28,CHI,P021,1,85.0
V016484,T016483,2025-06-28,CHI,P023,2,40.0
V016485,T016483,2025-06-28,CHI,P012,1,980.0
V016486,T016486,2025-06-28,CHI,P029,1,95.0
V016487,T016486,2025-06-28,CHI,P005,1,65.0
V016488,T016488,2025-06-28,CHI,P007,2,95.0
V016489,T016488,2025-06-28,CHI,P106,2,55.0
V016490,T016490,2025-06-28,CHI,P100,1,1250.0
V016491,T016490,2025-06-28,CHI,P102,2,45.0
V016492,T016490,2025-06-28,CHI,P011,1,210.0
V016493,T016493,2025-06-28,CHI,P020,2,55.0
V016494,T016494,2025-06-28,CHI,P066,1,55.0
V016495,T016495,2025-06-28,CHI,P100,3,1250.0
V016496,T016495,2025-06-28,CHI,P102,3,45.0
V016497,T016495,2025-06-28,CHI,P047,1,95.0
V016498,T016498,2025-06-28,CHI,P007,2,95.0
V016499,T016498,2025-06-28,CHI,P005,1,65.0
V016500,T016500,2025-06-28,CHI,P082,1,25.0
V016501,T016500,2025-06-28,CHI,P040,2,1450.0
V016502,T016502,2025-06-28,CHI,P020,1,55.0
V016503,T016502,2025-06-28,CHI,P023,1,40.0
V016504,T016504,2025-06-28,CHI,P005,1,65.0
V016505,T016505,2025-06-28,CDMX,P106,2,55.0
V016506,T016506,2025-06-28,CDMX,P029,2,95.0
V016507,T016506,2025-06-28,CDMX,P001,2,145.0
V016508,T016508,2025-06-28,CDMX,P048,2,180.0
V016509,T016508,2025-06-28,CDMX,P001,1,145.0
V016510,T016510,2025-06-28,CDMX,P101,1,35.0
V016511,T016511,2025-06-28,CDMX,P022,1,150.0
V016512,T016511,2025-06-28,CDMX,P023,1,40.0
V016513,T016511,2025-06-28,CDMX,P026,1,65.0
V016514,T016514,2025-06-28,CDMX,P083,2,65.0
V016515,T016515,2025-06-28,CDMX,P028,1,180.0
V016516,T016516,2025-06-28,CDMX,P008,2,180.0
V016517,T016517,2025-06-28,CDMX,P060,2,850.0
V016518,T016517,2025-06-28,CDMX,P028,1,180.0
V016519,T016519,2025-06-28,CDMX,P102,1,45.0
V016520,T016520,2025-06-28,CDMX,P028,2,180.0
V016521,T016520,2025-06-28,CDMX,P106,1,55.0
V016522,T016522,2025-06-28,MTY,P100,2,1250.0
V016523,T016522,2025-06-28,MTY,P102,2,45.0
V016524,T016522,2025-06-28,MTY,P004,1,6.0
V016525,T016525,2025-06-28,MTY,P064,2,38.0
V016526,T016525,2025-06-28,MTY,P061,2,165.0
V016527,T016527,2025-06-28,MTY,P084,1,18.0
V016528,T016528,2025-06-28,MTY,P081,1,65.0
V016529,T016528,2025-06-28,MTY,P001,2,145.0
V016530,T016530,2025-06-28,MTY,P064,2,38.0
V016531,T016530,2025-06-28,MTY,P048,1,180.0
V016532,T016532,2025-06-28,MTY,P101,1,35.0
V016533,T016532,2025-06-28,MTY,P104,1,95.0
V016534,T016534,2025-06-28,MTY,P064,1,38.0
V016535,T016535,2025-06-28,MTY,P022,2,150.0
V016536,T016536,2025-06-28,MTY,P062,1,320.0
V016537,T016537,2025-06-28,MTY,P063,1,45.0
V016538,T016537,2025-06-28,MTY,P060,2,850.0
V016539,T016539,2025-06-28,MTY,P065,2,30.0
V016540,T016539,2025-06-28,MTY,P103,1,120.0
V016541,T016541,2025-06-28,MTY,P012,1,980.0
V016542,T016542,2025-06-28,MTY,P100,1,1250.0
V016543,T016542,2025-06-28,MTY,P101,2,35.0
V016544,T016542,2025-06-28,MTY,P106,1,55.0
V016545,T016545,2025-06-28,MTY,P021,1,85.0
V016546,T016545,2025-06-28,MTY,P023,1,40.0
V016547,T016547,2025-06-28,MTY,P062,1,320.0
V016548,T016548,2025-06-28,MTY,P041,2,35.0
V016549,T016548,2025-06-28,MTY,P043,2,18.0
V016550,T016548,2025-06-28,MTY,P002,2,180.0
V016551,T016551,2025-06-28,MTY,P021,2,85.0
V016552,T016551,2025-06-28,MTY,P047,2,95.0
V016553,T016553,2025-06-28,MTY,P006,3,12.0
V016554,T016553,2025-06-28,MTY,P028,3,180.0
V016555,T016555,2025-06-28,MTY,P021,3,85.0
V016556,T016555,2025-06-28,MTY,P023,1,40.0
V016557,T016555,2025-06-28,MTY,P001,1,145.0
V016558,T016558,2025-06-28,MTY,P043,2,18.0
V016559,T016559,2025-06-28,MTY,P041,1,35.0
V016560,T016559,2025-06-28,MTY,P043,1,18.0
V016561,T016559,2025-06-28,MTY,P044,1,22.0
V016562,T016562,2025-06-28,MTY,P023,1,40.0
V016563,T016562,2025-06-28,MTY,P005,3,65.0
